timestamp,epoch_time,event_type,epoch,loss,accuracy,val_accuracy,sample_count,detected_class,extra_info,raw_message
2026-05-21T15:48:50.846627,1779367730.846627,NEW_SAMPLE,,,,,5,cat,,[DATA] class=cat (n=5)
2026-05-21T15:48:52.841399,1779367732.8414,NEW_SAMPLE,,,,,6,cat,,[DATA] class=cat (n=6)
2026-05-21T15:48:54.290252,1779367734.2902527,BLE,,,,,,,Connected,[BLE] Connected
2026-05-21T15:48:54.843244,1779367734.843244,NEW_SAMPLE,,,,,7,horse,,[DATA] class=horse (n=7)
2026-05-21T15:48:56.838680,1779367736.8386805,NEW_SAMPLE,,,,,8,dog,,[DATA] class=dog (n=8)
2026-05-21T15:48:58.838934,1779367738.8389342,NEW_SAMPLE,,,,,9,cat,,[DATA] class=cat (n=9)
2026-05-21T15:49:00.841264,1779367740.841264,NEW_SAMPLE,,,,,10,horse,,[DATA] class=horse (n=10)
2026-05-21T15:49:00.844251,1779367740.8442516,FL,,,,,,,Local training (4-class cross-entropy),[FL] Local training (4-class cross-entropy)
2026-05-21T15:49:00.887904,1779367740.8879051,TRAIN_EPOCH,0,1.3969,30.0,,,,,  Epoch  0  Loss=1.3969  Acc=30.0%
2026-05-21T15:49:00.930548,1779367740.9305484,TRAIN_EPOCH,1,1.387,30.0,,,,,  Epoch  1  Loss=1.3870  Acc=30.0%
2026-05-21T15:49:00.983941,1779367740.983941,TRAIN_EPOCH,2,1.3809,30.0,,,,,  Epoch  2  Loss=1.3809  Acc=30.0%
2026-05-21T15:49:01.037697,1779367741.0376976,TRAIN_EPOCH,3,1.3758,30.0,,,,,  Epoch  3  Loss=1.3758  Acc=30.0%
2026-05-21T15:49:01.081077,1779367741.0810773,TRAIN_EPOCH,4,1.3705,30.0,,,,,  Epoch  4  Loss=1.3705  Acc=30.0%
2026-05-21T15:49:01.135688,1779367741.1356888,TRAIN_EPOCH,5,1.3647,30.0,,,,,  Epoch  5  Loss=1.3647  Acc=30.0%
2026-05-21T15:49:01.180360,1779367741.1803606,TRAIN_EPOCH,6,1.3581,30.0,,,,,  Epoch  6  Loss=1.3581  Acc=30.0%
2026-05-21T15:49:01.234125,1779367741.2341256,TRAIN_EPOCH,7,1.3507,30.0,,,,,  Epoch  7  Loss=1.3507  Acc=30.0%
2026-05-21T15:49:01.287568,1779367741.2875686,TRAIN_EPOCH,8,1.3424,30.0,,,,,  Epoch  8  Loss=1.3424  Acc=30.0%
2026-05-21T15:49:01.332266,1779367741.3322666,TRAIN_EPOCH,9,1.3331,30.0,,,,,  Epoch  9  Loss=1.3331  Acc=30.0%
2026-05-21T15:49:01.386544,1779367741.3865445,TRAIN_EPOCH,10,1.3229,30.0,,,,,  Epoch 10  Loss=1.3229  Acc=30.0%
2026-05-21T15:49:01.430362,1779367741.4303622,TRAIN_EPOCH,11,1.3122,30.0,,,,,  Epoch 11  Loss=1.3122  Acc=30.0%
2026-05-21T15:49:01.484776,1779367741.484776,TRAIN_EPOCH,12,1.301,30.0,,,,,  Epoch 12  Loss=1.3010  Acc=30.0%
2026-05-21T15:49:01.539778,1779367741.5397785,TRAIN_EPOCH,13,1.2893,30.0,,,,,  Epoch 13  Loss=1.2893  Acc=30.0%
2026-05-21T15:49:01.593983,1779367741.5939834,TRAIN_EPOCH,14,1.2773,30.0,,,,,  Epoch 14  Loss=1.2773  Acc=30.0%
2026-05-21T15:49:01.596941,1779367741.5969415,VALIDATION,,,,30.0,10,,,[ACCURACY] Validation: 30.0% (n=10)
2026-05-21T15:49:01.599933,1779367741.5999331,FL,,,,,,,"B1 pre-pack: min=-1.7167, max=1.0026, mean=-0.1583","[FL] B1 pre-pack: min=-1.7167, max=1.0026, mean=-0.1583"
2026-05-21T15:49:01.600397,1779367741.6003973,FL,,,,,,,Model sent (72 bytes),[FL] Model sent (72 bytes)
2026-05-21T15:49:01.739813,1779367741.7398138,BLE,,,,,,,Received global model (64 bytes),[BLE] Received global model (64 bytes)
2026-05-21T15:49:01.740755,1779367741.740755,FL,,,,,,,Global model updated (Adam reset),[FL] Global model updated (Adam reset)
2026-05-21T15:49:01.742749,1779367741.7427492,FL,,,,,,,"B1 unpacked: min=-1.7323, max=1.0236, mean=-0.1624","[FL] B1 unpacked: min=-1.7323, max=1.0236, mean=-0.1624"
2026-05-21T15:49:02.841073,1779367742.841074,NEW_SAMPLE,,,,,11,dog,,[DATA] class=dog (n=11)
2026-05-21T15:49:04.846650,1779367744.8466506,NEW_SAMPLE,,,,,12,cat,,[DATA] class=cat (n=12)
2026-05-21T15:49:06.846818,1779367746.846819,NEW_SAMPLE,,,,,13,cat,,[DATA] class=cat (n=13)
2026-05-21T15:49:08.840385,1779367748.8403857,NEW_SAMPLE,,,,,14,other,,[DATA] class=other (n=14)
2026-05-21T15:49:10.839151,1779367750.8391511,NEW_SAMPLE,,,,,15,cat,,[DATA] class=cat (n=15)
2026-05-21T15:49:12.840476,1779367752.8404758,NEW_SAMPLE,,,,,16,horse,,[DATA] class=horse (n=16)
2026-05-21T15:49:14.839781,1779367754.839782,NEW_SAMPLE,,,,,17,horse,,[DATA] class=horse (n=17)
2026-05-21T15:49:16.839238,1779367756.839239,NEW_SAMPLE,,,,,18,cat,,[DATA] class=cat (n=18)
2026-05-21T15:49:18.839035,1779367758.839036,NEW_SAMPLE,,,,,19,cat,,[DATA] class=cat (n=19)
2026-05-21T15:49:20.841081,1779367760.8410811,NEW_SAMPLE,,,,,20,other,,[DATA] class=other (n=20)
2026-05-21T15:49:20.844071,1779367760.8440714,FL,,,,,,,Local training (4-class cross-entropy),[FL] Local training (4-class cross-entropy)
2026-05-21T15:49:20.928818,1779367760.9288182,TRAIN_EPOCH,0,1.2989,25.0,,,,,  Epoch  0  Loss=1.2989  Acc=25.0%
2026-05-21T15:49:21.034368,1779367761.0343685,TRAIN_EPOCH,1,1.2825,25.0,,,,,  Epoch  1  Loss=1.2825  Acc=25.0%
2026-05-21T15:49:21.131028,1779367761.1310284,TRAIN_EPOCH,2,1.2711,25.0,,,,,  Epoch  2  Loss=1.2711  Acc=25.0%
2026-05-21T15:49:21.235933,1779367761.2359338,TRAIN_EPOCH,3,1.2602,25.0,,,,,  Epoch  3  Loss=1.2602  Acc=25.0%
2026-05-21T15:49:21.332360,1779367761.3323607,TRAIN_EPOCH,4,1.2483,25.0,,,,,  Epoch  4  Loss=1.2483  Acc=25.0%
2026-05-21T15:49:21.429071,1779367761.4290712,TRAIN_EPOCH,5,1.2383,25.0,,,,,  Epoch  5  Loss=1.2383  Acc=25.0%
2026-05-21T15:49:21.535565,1779367761.5355656,TRAIN_EPOCH,6,1.2287,25.0,,,,,  Epoch  6  Loss=1.2287  Acc=25.0%
2026-05-21T15:49:21.632190,1779367761.6321907,TRAIN_EPOCH,7,1.2177,25.0,,,,,  Epoch  7  Loss=1.2177  Acc=25.0%
2026-05-21T15:49:21.729246,1779367761.729246,TRAIN_EPOCH,8,1.2072,30.0,,,,,  Epoch  8  Loss=1.2072  Acc=30.0%
2026-05-21T15:49:21.834669,1779367761.8346696,TRAIN_EPOCH,9,1.1971,30.0,,,,,  Epoch  9  Loss=1.1971  Acc=30.0%
2026-05-21T15:49:21.929365,1779367761.9303632,TRAIN_EPOCH,10,1.1855,30.0,,,,,  Epoch 10  Loss=1.1855  Acc=30.0%
2026-05-21T15:49:22.035291,1779367762.035292,TRAIN_EPOCH,11,1.1724,30.0,,,,,  Epoch 11  Loss=1.1724  Acc=30.0%
2026-05-21T15:49:22.131128,1779367762.1311283,TRAIN_EPOCH,12,1.1591,30.0,,,,,  Epoch 12  Loss=1.1591  Acc=30.0%
2026-05-21T15:49:22.236927,1779367762.2369275,TRAIN_EPOCH,13,1.1494,30.0,,,,,  Epoch 13  Loss=1.1494  Acc=30.0%
2026-05-21T15:49:22.332500,1779367762.3325002,TRAIN_EPOCH,14,1.1385,30.0,,,,,  Epoch 14  Loss=1.1385  Acc=30.0%
2026-05-21T15:49:22.335526,1779367762.3355262,VALIDATION,,,,30.0,10,,,[ACCURACY] Validation: 30.0% (n=10)
2026-05-21T15:49:22.338117,1779367762.3381174,FL,,,,,,,"B1 pre-pack: min=-2.5526, max=1.3122, mean=-0.1901","[FL] B1 pre-pack: min=-2.5526, max=1.3122, mean=-0.1901"
2026-05-21T15:49:22.340114,1779367762.3401144,FL,,,,,,,Model sent (72 bytes),[FL] Model sent (72 bytes)
2026-05-21T15:49:22.559953,1779367762.559954,BLE,,,,,,,Received global model (64 bytes),[BLE] Received global model (64 bytes)
2026-05-21T15:49:22.562938,1779367762.5629385,FL,,,,,,,Global model updated (Adam reset),[FL] Global model updated (Adam reset)
2026-05-21T15:49:22.563936,1779367762.5639362,FL,,,,,,,"B1 unpacked: min=-2.1260, max=1.1811, mean=-0.1722","[FL] B1 unpacked: min=-2.1260, max=1.1811, mean=-0.1722"
2026-05-21T15:49:22.838720,1779367762.8387203,NEW_SAMPLE,,,,,21,horse,,[DATA] class=horse (n=21)
2026-05-21T15:49:24.840018,1779367764.8400187,NEW_SAMPLE,,,,,22,dog,,[DATA] class=dog (n=22)
2026-05-21T15:49:26.845428,1779367766.8454285,NEW_SAMPLE,,,,,23,dog,,[DATA] class=dog (n=23)
2026-05-21T15:49:28.844995,1779367768.844995,NEW_SAMPLE,,,,,24,cat,,[DATA] class=cat (n=24)
2026-05-21T15:49:30.840922,1779367770.8409228,NEW_SAMPLE,,,,,25,other,,[DATA] class=other (n=25)
2026-05-21T15:49:32.845750,1779367772.8457503,NEW_SAMPLE,,,,,26,dog,,[DATA] class=dog (n=26)
2026-05-21T15:49:34.846177,1779367774.8461778,NEW_SAMPLE,,,,,27,cat,,[DATA] class=cat (n=27)
2026-05-21T15:49:36.843107,1779367776.8431072,NEW_SAMPLE,,,,,28,horse,,[DATA] class=horse (n=28)
2026-05-21T15:49:38.846972,1779367778.8469722,NEW_SAMPLE,,,,,29,horse,,[DATA] class=horse (n=29)
2026-05-21T15:49:40.844021,1779367780.8440216,NEW_SAMPLE,,,,,30,dog,,[DATA] class=dog (n=30)
2026-05-21T15:49:40.846894,1779367780.8468943,FL,,,,,,,Local training (4-class cross-entropy),[FL] Local training (4-class cross-entropy)
2026-05-21T15:49:40.983756,1779367780.9837563,TRAIN_EPOCH,0,1.2614,30.0,,,,,  Epoch  0  Loss=1.2614  Acc=30.0%
2026-05-21T15:49:41.132491,1779367781.1324918,TRAIN_EPOCH,1,1.2381,30.0,,,,,  Epoch  1  Loss=1.2381  Acc=30.0%
2026-05-21T15:49:41.278792,1779367781.2787926,TRAIN_EPOCH,2,1.217,30.0,,,,,  Epoch  2  Loss=1.2170  Acc=30.0%
2026-05-21T15:49:41.438693,1779367781.438693,TRAIN_EPOCH,3,1.1953,36.7,,,,,  Epoch  3  Loss=1.1953  Acc=36.7%
2026-05-21T15:49:41.588765,1779367781.5887654,TRAIN_EPOCH,4,1.1725,36.7,,,,,  Epoch  4  Loss=1.1725  Acc=36.7%
2026-05-21T15:49:41.737296,1779367781.7372963,TRAIN_EPOCH,5,1.1519,40.0,,,,,  Epoch  5  Loss=1.1519  Acc=40.0%
2026-05-21T15:49:41.886291,1779367781.8862917,TRAIN_EPOCH,6,1.1338,43.3,,,,,  Epoch  6  Loss=1.1338  Acc=43.3%
2026-05-21T15:49:42.036029,1779367782.036029,TRAIN_EPOCH,7,1.1183,46.7,,,,,  Epoch  7  Loss=1.1183  Acc=46.7%
2026-05-21T15:49:42.184110,1779367782.1841102,TRAIN_EPOCH,8,1.1035,43.3,,,,,  Epoch  8  Loss=1.1035  Acc=43.3%
2026-05-21T15:49:42.333981,1779367782.3339815,TRAIN_EPOCH,9,1.0906,43.3,,,,,  Epoch  9  Loss=1.0906  Acc=43.3%
2026-05-21T15:49:42.481290,1779367782.4812908,TRAIN_EPOCH,10,1.0788,50.0,,,,,  Epoch 10  Loss=1.0788  Acc=50.0%
2026-05-21T15:49:42.639838,1779367782.6398382,TRAIN_EPOCH,11,1.0701,53.3,,,,,  Epoch 11  Loss=1.0701  Acc=53.3%
2026-05-21T15:49:42.790186,1779367782.7901866,TRAIN_EPOCH,12,1.06,53.3,,,,,  Epoch 12  Loss=1.0600  Acc=53.3%
2026-05-21T15:49:42.940068,1779367782.9400687,TRAIN_EPOCH,13,1.0522,53.3,,,,,  Epoch 13  Loss=1.0522  Acc=53.3%
2026-05-21T15:49:43.087639,1779367783.0876398,TRAIN_EPOCH,14,1.0451,53.3,,,,,  Epoch 14  Loss=1.0451  Acc=53.3%
2026-05-21T15:49:43.090143,1779367783.0901437,VALIDATION,,,,80.0,10,,,[ACCURACY] Validation: 80.0% (n=10)
2026-05-21T15:49:43.093166,1779367783.093166,FL,,,,,,,"B1 pre-pack: min=-2.6873, max=2.4762, mean=-0.1680","[FL] B1 pre-pack: min=-2.6873, max=2.4762, mean=-0.1680"
2026-05-21T15:49:43.094734,1779367783.0947344,FL,,,,,,,Model sent (72 bytes),[FL] Model sent (72 bytes)
2026-05-21T15:49:43.094734,1779367783.0947344,NEW_SAMPLE,,,,,30,dog,,[DATA] class=dog (n=30)
2026-05-21T15:49:43.253664,1779367783.253665,BLE,,,,,,,Received global model (64 bytes),[BLE] Received global model (64 bytes)
2026-05-21T15:49:43.258611,1779367783.2586112,FL,,,,,,,Global model updated (Adam reset),[FL] Global model updated (Adam reset)
2026-05-21T15:49:43.259608,1779367783.2596085,FL,,,,,,,"B1 unpacked: min=-2.3622, max=1.6535, mean=-0.1747","[FL] B1 unpacked: min=-2.3622, max=1.6535, mean=-0.1747"
2026-05-21T15:49:45.097948,1779367785.0979478,NEW_SAMPLE,,,,,30,horse,,[DATA] class=horse (n=30)
2026-05-21T15:49:47.101685,1779367787.1016858,NEW_SAMPLE,,,,,30,other,,[DATA] class=other (n=30)
2026-05-21T15:49:49.099867,1779367789.0998676,NEW_SAMPLE,,,,,30,cat,,[DATA] class=cat (n=30)
2026-05-21T15:49:51.094510,1779367791.0945108,NEW_SAMPLE,,,,,30,cat,,[DATA] class=cat (n=30)
2026-05-21T15:49:53.101167,1779367793.1011677,NEW_SAMPLE,,,,,30,horse,,[DATA] class=horse (n=30)
2026-05-21T15:49:55.100076,1779367795.1000762,NEW_SAMPLE,,,,,30,horse,,[DATA] class=horse (n=30)
2026-05-21T15:49:57.096397,1779367797.0963972,NEW_SAMPLE,,,,,30,cat,,[DATA] class=cat (n=30)
2026-05-21T15:49:59.098953,1779367799.0989532,NEW_SAMPLE,,,,,30,other,,[DATA] class=other (n=30)
2026-05-21T15:50:00.845620,1779367800.8456204,FL,,,,,,,Local training (4-class cross-entropy),[FL] Local training (4-class cross-entropy)
2026-05-21T15:50:00.983588,1779367800.9835887,TRAIN_EPOCH,0,1.1362,36.7,,,,,  Epoch  0  Loss=1.1362  Acc=36.7%
2026-05-21T15:50:01.132409,1779367801.132409,TRAIN_EPOCH,1,1.0974,43.3,,,,,  Epoch  1  Loss=1.0974  Acc=43.3%
2026-05-21T15:50:01.281340,1779367801.2813408,TRAIN_EPOCH,2,1.0803,53.3,,,,,  Epoch  2  Loss=1.0803  Acc=53.3%
2026-05-21T15:50:01.428873,1779367801.4288738,TRAIN_EPOCH,3,1.0613,60.0,,,,,  Epoch  3  Loss=1.0613  Acc=60.0%
2026-05-21T15:50:01.588931,1779367801.5889316,TRAIN_EPOCH,4,1.0454,56.7,,,,,  Epoch  4  Loss=1.0454  Acc=56.7%
2026-05-21T15:50:01.736450,1779367801.736451,TRAIN_EPOCH,5,1.0313,60.0,,,,,  Epoch  5  Loss=1.0313  Acc=60.0%
2026-05-21T15:50:01.882891,1779367801.882892,TRAIN_EPOCH,6,1.019,60.0,,,,,  Epoch  6  Loss=1.0190  Acc=60.0%
2026-05-21T15:50:02.030852,1779367802.0308526,TRAIN_EPOCH,7,1.0081,60.0,,,,,  Epoch  7  Loss=1.0081  Acc=60.0%
2026-05-21T15:50:02.180614,1779367802.180615,TRAIN_EPOCH,8,0.9991,63.3,,,,,  Epoch  8  Loss=0.9991  Acc=63.3%
2026-05-21T15:50:02.338313,1779367802.338313,TRAIN_EPOCH,9,0.9904,63.3,,,,,  Epoch  9  Loss=0.9904  Acc=63.3%
2026-05-21T15:50:02.485166,1779367802.4851668,TRAIN_EPOCH,10,0.9837,63.3,,,,,  Epoch 10  Loss=0.9837  Acc=63.3%
2026-05-21T15:50:02.635153,1779367802.635153,TRAIN_EPOCH,11,0.9768,63.3,,,,,  Epoch 11  Loss=0.9768  Acc=63.3%
2026-05-21T15:50:02.782715,1779367802.7827158,TRAIN_EPOCH,12,0.9699,63.3,,,,,  Epoch 12  Loss=0.9699  Acc=63.3%
2026-05-21T15:50:02.939721,1779367802.939722,TRAIN_EPOCH,13,0.9669,63.3,,,,,  Epoch 13  Loss=0.9669  Acc=63.3%
2026-05-21T15:50:03.086999,1779367803.086999,TRAIN_EPOCH,14,0.9595,63.3,,,,,  Epoch 14  Loss=0.9595  Acc=63.3%
2026-05-21T15:50:03.090345,1779367803.0903451,VALIDATION,,,,70.0,10,,,[ACCURACY] Validation: 70.0% (n=10)
2026-05-21T15:50:03.093274,1779367803.0932744,FL,,,,,,,"B1 pre-pack: min=-3.0758, max=2.9957, mean=-0.1356","[FL] B1 pre-pack: min=-3.0758, max=2.9957, mean=-0.1356"
2026-05-21T15:50:03.095607,1779367803.0956075,FL,,,,,,,Model sent (72 bytes),[FL] Model sent (72 bytes)
2026-05-21T15:50:03.097598,1779367803.0975986,NEW_SAMPLE,,,,,30,cat,,[DATA] class=cat (n=30)
2026-05-21T15:50:03.235118,1779367803.2351182,BLE,,,,,,,Received global model (64 bytes),[BLE] Received global model (64 bytes)
2026-05-21T15:50:03.238284,1779367803.2382848,FL,,,,,,,Global model updated (Adam reset),[FL] Global model updated (Adam reset)
2026-05-21T15:50:03.238284,1779367803.2382848,FL,,,,,,,"B1 unpacked: min=-2.5197, max=2.3622, mean=-0.1575","[FL] B1 unpacked: min=-2.5197, max=2.3622, mean=-0.1575"
2026-05-21T15:50:05.098550,1779367805.0985506,NEW_SAMPLE,,,,,30,cat,,[DATA] class=cat (n=30)
2026-05-21T15:50:07.099297,1779367807.0992973,NEW_SAMPLE,,,,,30,other,,[DATA] class=other (n=30)
2026-05-21T15:50:09.101128,1779367809.101128,NEW_SAMPLE,,,,,30,cat,,[DATA] class=cat (n=30)
2026-05-21T15:50:11.097527,1779367811.0975277,NEW_SAMPLE,,,,,30,dog,,[DATA] class=dog (n=30)
2026-05-21T15:50:13.096913,1779367813.0969133,NEW_SAMPLE,,,,,30,cat,,[DATA] class=cat (n=30)
2026-05-21T15:50:15.096088,1779367815.0960882,NEW_SAMPLE,,,,,30,cat,,[DATA] class=cat (n=30)
2026-05-21T15:50:17.100954,1779367817.1009548,NEW_SAMPLE,,,,,30,horse,,[DATA] class=horse (n=30)
2026-05-21T15:50:19.100727,1779367819.1007278,NEW_SAMPLE,,,,,30,cat,,[DATA] class=cat (n=30)
2026-05-21T15:50:20.839103,1779367820.8391035,FL,,,,,,,Local training (4-class cross-entropy),[FL] Local training (4-class cross-entropy)
2026-05-21T15:50:20.987516,1779367820.9875166,TRAIN_EPOCH,0,0.9792,66.7,,,,,  Epoch  0  Loss=0.9792  Acc=66.7%
2026-05-21T15:50:21.135069,1779367821.1350696,TRAIN_EPOCH,1,0.9345,66.7,,,,,  Epoch  1  Loss=0.9345  Acc=66.7%
2026-05-21T15:50:21.283326,1779367821.2833266,TRAIN_EPOCH,2,0.9197,66.7,,,,,  Epoch  2  Loss=0.9197  Acc=66.7%
2026-05-21T15:50:21.431811,1779367821.4318113,TRAIN_EPOCH,3,0.9028,66.7,,,,,  Epoch  3  Loss=0.9028  Acc=66.7%
2026-05-21T15:50:21.589389,1779367821.589389,TRAIN_EPOCH,4,0.8937,66.7,,,,,  Epoch  4  Loss=0.8937  Acc=66.7%
2026-05-21T15:50:21.738495,1779367821.738496,TRAIN_EPOCH,5,0.8856,66.7,,,,,  Epoch  5  Loss=0.8856  Acc=66.7%
2026-05-21T15:50:21.887146,1779367821.887146,TRAIN_EPOCH,6,0.8805,66.7,,,,,  Epoch  6  Loss=0.8805  Acc=66.7%
2026-05-21T15:50:22.035381,1779367822.0353816,TRAIN_EPOCH,7,0.874,66.7,,,,,  Epoch  7  Loss=0.8740  Acc=66.7%
2026-05-21T15:50:22.182753,1779367822.182753,TRAIN_EPOCH,8,0.8689,66.7,,,,,  Epoch  8  Loss=0.8689  Acc=66.7%
2026-05-21T15:50:22.330368,1779367822.330368,TRAIN_EPOCH,9,0.8639,66.7,,,,,  Epoch  9  Loss=0.8639  Acc=66.7%
2026-05-21T15:50:22.488726,1779367822.4887269,TRAIN_EPOCH,10,0.8591,66.7,,,,,  Epoch 10  Loss=0.8591  Acc=66.7%
2026-05-21T15:50:22.635722,1779367822.6357224,TRAIN_EPOCH,11,0.8552,66.7,,,,,  Epoch 11  Loss=0.8552  Acc=66.7%
2026-05-21T15:50:22.783664,1779367822.7836642,TRAIN_EPOCH,12,0.8507,66.7,,,,,  Epoch 12  Loss=0.8507  Acc=66.7%
2026-05-21T15:50:22.941438,1779367822.9414387,TRAIN_EPOCH,13,0.8465,66.7,,,,,  Epoch 13  Loss=0.8465  Acc=66.7%
2026-05-21T15:50:23.090223,1779367823.0912673,TRAIN_EPOCH,14,0.8422,66.7,,,,,  Epoch 14  Loss=0.8422  Acc=66.7%
2026-05-21T15:50:23.092227,1779367823.092227,VALIDATION,,,,60.0,10,,,[ACCURACY] Validation: 60.0% (n=10)
2026-05-21T15:50:23.094243,1779367823.0942433,FL,,,,,,,"B1 pre-pack: min=-3.0270, max=3.2544, mean=-0.1211","[FL] B1 pre-pack: min=-3.0270, max=3.2544, mean=-0.1211"
2026-05-21T15:50:23.095218,1779367823.0952187,FL,,,,,,,Model sent (72 bytes),[FL] Model sent (72 bytes)
2026-05-21T15:50:23.095218,1779367823.0952187,NEW_SAMPLE,,,,,30,cat,,[DATA] class=cat (n=30)
2026-05-21T15:50:23.223866,1779367823.223867,BLE,,,,,,,Received global model (64 bytes),[BLE] Received global model (64 bytes)
2026-05-21T15:50:23.224813,1779367823.2248135,FL,,,,,,,Global model updated (Adam reset),[FL] Global model updated (Adam reset)
2026-05-21T15:50:23.226807,1779367823.2268074,FL,,,,,,,"B1 unpacked: min=-2.7559, max=2.7559, mean=-0.1427","[FL] B1 unpacked: min=-2.7559, max=2.7559, mean=-0.1427"
2026-05-21T15:50:25.100568,1779367825.1005688,NEW_SAMPLE,,,,,30,dog,,[DATA] class=dog (n=30)
2026-05-21T15:50:27.099579,1779367827.0995796,NEW_SAMPLE,,,,,30,horse,,[DATA] class=horse (n=30)
2026-05-21T15:50:29.093024,1779367829.0930245,NEW_SAMPLE,,,,,30,cat,,[DATA] class=cat (n=30)
2026-05-21T15:50:31.102717,1779367831.1027172,NEW_SAMPLE,,,,,30,dog,,[DATA] class=dog (n=30)
2026-05-21T15:50:33.098248,1779367833.0982485,NEW_SAMPLE,,,,,30,other,,[DATA] class=other (n=30)
2026-05-21T15:50:35.101535,1779367835.1015358,NEW_SAMPLE,,,,,30,other,,[DATA] class=other (n=30)
2026-05-21T15:50:37.096921,1779367837.0969212,NEW_SAMPLE,,,,,30,cat,,[DATA] class=cat (n=30)
2026-05-21T15:50:39.104023,1779367839.1040232,NEW_SAMPLE,,,,,30,other,,[DATA] class=other (n=30)
2026-05-21T15:50:40.844883,1779367840.844884,FL,,,,,,,Local training (4-class cross-entropy),[FL] Local training (4-class cross-entropy)
2026-05-21T15:50:40.983748,1779367840.9837484,TRAIN_EPOCH,0,0.9932,50.0,,,,,  Epoch  0  Loss=0.9932  Acc=50.0%
2026-05-21T15:50:41.130276,1779367841.1302762,TRAIN_EPOCH,1,0.9671,53.3,,,,,  Epoch  1  Loss=0.9671  Acc=53.3%
2026-05-21T15:50:41.289181,1779367841.2891815,TRAIN_EPOCH,2,0.9609,56.7,,,,,  Epoch  2  Loss=0.9609  Acc=56.7%
2026-05-21T15:50:41.438625,1779367841.4386253,TRAIN_EPOCH,3,0.9551,56.7,,,,,  Epoch  3  Loss=0.9551  Acc=56.7%
2026-05-21T15:50:41.587135,1779367841.587135,TRAIN_EPOCH,4,0.9502,60.0,,,,,  Epoch  4  Loss=0.9502  Acc=60.0%
2026-05-21T15:50:41.735505,1779367841.7355058,TRAIN_EPOCH,5,0.9464,60.0,,,,,  Epoch  5  Loss=0.9464  Acc=60.0%
2026-05-21T15:50:41.881355,1779367841.8813558,TRAIN_EPOCH,6,0.9427,60.0,,,,,  Epoch  6  Loss=0.9427  Acc=60.0%
2026-05-21T15:50:42.030271,1779367842.0302718,TRAIN_EPOCH,7,0.9389,60.0,,,,,  Epoch  7  Loss=0.9389  Acc=60.0%
2026-05-21T15:50:42.189125,1779367842.1891255,TRAIN_EPOCH,8,0.936,60.0,,,,,  Epoch  8  Loss=0.9360  Acc=60.0%
2026-05-21T15:50:42.336431,1779367842.336431,TRAIN_EPOCH,9,0.9332,60.0,,,,,  Epoch  9  Loss=0.9332  Acc=60.0%
2026-05-21T15:50:42.484964,1779367842.4849641,TRAIN_EPOCH,10,0.9299,60.0,,,,,  Epoch 10  Loss=0.9299  Acc=60.0%
2026-05-21T15:50:42.633747,1779367842.6337478,TRAIN_EPOCH,11,0.9277,60.0,,,,,  Epoch 11  Loss=0.9277  Acc=60.0%
2026-05-21T15:50:42.782389,1779367842.7823894,TRAIN_EPOCH,12,0.9253,60.0,,,,,  Epoch 12  Loss=0.9253  Acc=60.0%
2026-05-21T15:50:42.940490,1779367842.9404907,TRAIN_EPOCH,13,0.9228,60.0,,,,,  Epoch 13  Loss=0.9228  Acc=60.0%
2026-05-21T15:50:43.090297,1779367843.0902977,TRAIN_EPOCH,14,0.92,60.0,,,,,  Epoch 14  Loss=0.9200  Acc=60.0%
2026-05-21T15:50:43.091294,1779367843.091295,VALIDATION,,,,40.0,10,,,[ACCURACY] Validation: 40.0% (n=10)
2026-05-21T15:50:43.094321,1779367843.0943215,FL,,,,,,,"B1 pre-pack: min=-3.7783, max=4.1969, mean=-0.0784","[FL] B1 pre-pack: min=-3.7783, max=4.1969, mean=-0.0784"
2026-05-21T15:50:43.096335,1779367843.0963354,FL,,,,,,,Model sent (72 bytes),[FL] Model sent (72 bytes)
2026-05-21T15:50:43.097278,1779367843.097279,NEW_SAMPLE,,,,,30,cat,,[DATA] class=cat (n=30)
2026-05-21T15:50:43.253633,1779367843.2536337,BLE,,,,,,,Received global model (64 bytes),[BLE] Received global model (64 bytes)
2026-05-21T15:50:43.258574,1779367843.2585742,FL,,,,,,,Global model updated (Adam reset),[FL] Global model updated (Adam reset)
2026-05-21T15:50:43.259535,1779367843.2595358,FL,,,,,,,"B1 unpacked: min=-3.2283, max=3.4646, mean=-0.1009","[FL] B1 unpacked: min=-3.2283, max=3.4646, mean=-0.1009"
2026-05-21T15:50:45.097827,1779367845.097827,NEW_SAMPLE,,,,,30,horse,,[DATA] class=horse (n=30)
2026-05-21T15:50:47.102625,1779367847.1026251,NEW_SAMPLE,,,,,30,cat,,[DATA] class=cat (n=30)
2026-05-21T15:50:49.101402,1779367849.101403,NEW_SAMPLE,,,,,30,other,,[DATA] class=other (n=30)
2026-05-21T15:50:51.099808,1779367851.099808,NEW_SAMPLE,,,,,30,cat,,[DATA] class=cat (n=30)
2026-05-21T15:50:53.097095,1779367853.097095,NEW_SAMPLE,,,,,30,dog,,[DATA] class=dog (n=30)
2026-05-21T15:50:55.102875,1779367855.1028755,NEW_SAMPLE,,,,,30,cat,,[DATA] class=cat (n=30)
2026-05-21T15:50:57.103835,1779367857.103835,NEW_SAMPLE,,,,,30,cat,,[DATA] class=cat (n=30)
2026-05-21T15:50:59.099927,1779367859.0999272,NEW_SAMPLE,,,,,30,horse,,[DATA] class=horse (n=30)
2026-05-21T15:51:00.848584,1779367860.848584,FL,,,,,,,Local training (4-class cross-entropy),[FL] Local training (4-class cross-entropy)
2026-05-21T15:51:00.985651,1779367860.9856513,TRAIN_EPOCH,0,0.9442,53.3,,,,,  Epoch  0  Loss=0.9442  Acc=53.3%
2026-05-21T15:51:01.132524,1779367861.1325247,TRAIN_EPOCH,1,0.914,56.7,,,,,  Epoch  1  Loss=0.9140  Acc=56.7%
2026-05-21T15:51:01.281094,1779367861.2810946,TRAIN_EPOCH,2,0.9,53.3,,,,,  Epoch  2  Loss=0.9000  Acc=53.3%
2026-05-21T15:51:01.439268,1779367861.4392686,TRAIN_EPOCH,3,0.8901,53.3,,,,,  Epoch  3  Loss=0.8901  Acc=53.3%
2026-05-21T15:51:01.587294,1779367861.5872946,TRAIN_EPOCH,4,0.8806,53.3,,,,,  Epoch  4  Loss=0.8806  Acc=53.3%
2026-05-21T15:51:01.735852,1779367861.7358522,TRAIN_EPOCH,5,0.872,53.3,,,,,  Epoch  5  Loss=0.8720  Acc=53.3%
2026-05-21T15:51:01.885800,1779367861.885801,TRAIN_EPOCH,6,0.8653,53.3,,,,,  Epoch  6  Loss=0.8653  Acc=53.3%
2026-05-21T15:51:02.034044,1779367862.0340438,TRAIN_EPOCH,7,0.8586,56.7,,,,,  Epoch  7  Loss=0.8586  Acc=56.7%
2026-05-21T15:51:02.191045,1779367862.1910453,TRAIN_EPOCH,8,0.854,56.7,,,,,  Epoch  8  Loss=0.8540  Acc=56.7%
2026-05-21T15:51:02.339163,1779367862.3391628,TRAIN_EPOCH,9,0.849,56.7,,,,,  Epoch  9  Loss=0.8490  Acc=56.7%
2026-05-21T15:51:02.487184,1779367862.487185,TRAIN_EPOCH,10,0.8449,60.0,,,,,  Epoch 10  Loss=0.8449  Acc=60.0%
2026-05-21T15:51:02.645709,1779367862.645709,TRAIN_EPOCH,11,0.8395,60.0,,,,,  Epoch 11  Loss=0.8395  Acc=60.0%
2026-05-21T15:51:02.793531,1779367862.7935312,TRAIN_EPOCH,12,0.8348,70.0,,,,,  Epoch 12  Loss=0.8348  Acc=70.0%
2026-05-21T15:51:02.939701,1779367862.9397016,TRAIN_EPOCH,13,0.8305,70.0,,,,,  Epoch 13  Loss=0.8305  Acc=70.0%
2026-05-21T15:51:03.096659,1779367863.096659,TRAIN_EPOCH,14,0.8263,66.7,,,,,  Epoch 14  Loss=0.8263  Acc=66.7%
2026-05-21T15:51:03.098302,1779367863.0983024,VALIDATION,,,,70.0,10,,,[ACCURACY] Validation: 70.0% (n=10)
2026-05-21T15:51:03.101326,1779367863.101327,FL,,,,,,,"B1 pre-pack: min=-4.2288, max=3.8908, mean=-0.0360","[FL] B1 pre-pack: min=-4.2288, max=3.8908, mean=-0.0360"
2026-05-21T15:51:03.103287,1779367863.1032877,FL,,,,,,,Model sent (72 bytes),[FL] Model sent (72 bytes)
2026-05-21T15:51:03.105283,1779367863.1052833,NEW_SAMPLE,,,,,30,dog,,[DATA] class=dog (n=30)
2026-05-21T15:51:03.234425,1779367863.2344255,BLE,,,,,,,Received global model (64 bytes),[BLE] Received global model (64 bytes)
2026-05-21T15:51:03.239509,1779367863.2395096,FL,,,,,,,Global model updated (Adam reset),[FL] Global model updated (Adam reset)
2026-05-21T15:51:03.241610,1779367863.241611,FL,,,,,,,"B1 unpacked: min=-3.7795, max=3.7008, mean=-0.0714","[FL] B1 unpacked: min=-3.7795, max=3.7008, mean=-0.0714"
2026-05-21T15:51:05.105736,1779367865.1057363,NEW_SAMPLE,,,,,30,horse,,[DATA] class=horse (n=30)
2026-05-21T15:51:07.108925,1779367867.1089256,NEW_SAMPLE,,,,,30,other,,[DATA] class=other (n=30)
2026-05-21T15:51:09.110695,1779367869.1106951,NEW_SAMPLE,,,,,30,horse,,[DATA] class=horse (n=30)
2026-05-21T15:51:11.104745,1779367871.1047454,NEW_SAMPLE,,,,,30,other,,[DATA] class=other (n=30)
2026-05-21T15:51:13.105108,1779367873.105108,NEW_SAMPLE,,,,,30,horse,,[DATA] class=horse (n=30)
2026-05-21T15:51:15.105930,1779367875.10593,NEW_SAMPLE,,,,,30,other,,[DATA] class=other (n=30)
2026-05-21T15:51:17.104286,1779367877.104287,NEW_SAMPLE,,,,,30,other,,[DATA] class=other (n=30)
2026-05-21T15:51:19.101381,1779367879.1013813,NEW_SAMPLE,,,,,30,other,,[DATA] class=other (n=30)
2026-05-21T15:51:20.846481,1779367880.8464816,FL,,,,,,,Local training (4-class cross-entropy),[FL] Local training (4-class cross-entropy)
2026-05-21T15:51:20.984137,1779367880.984138,TRAIN_EPOCH,0,1.1868,40.0,,,,,  Epoch  0  Loss=1.1868  Acc=40.0%
2026-05-21T15:51:21.130833,1779367881.1308334,TRAIN_EPOCH,1,1.1158,40.0,,,,,  Epoch  1  Loss=1.1158  Acc=40.0%
2026-05-21T15:51:21.288569,1779367881.2885695,TRAIN_EPOCH,2,1.101,36.7,,,,,  Epoch  2  Loss=1.1010  Acc=36.7%
2026-05-21T15:51:21.436201,1779367881.4362013,TRAIN_EPOCH,3,1.0812,40.0,,,,,  Epoch  3  Loss=1.0812  Acc=40.0%
2026-05-21T15:51:21.586670,1779367881.5866709,TRAIN_EPOCH,4,1.067,53.3,,,,,  Epoch  4  Loss=1.0670  Acc=53.3%
2026-05-21T15:51:21.734588,1779367881.7345884,TRAIN_EPOCH,5,1.0547,46.7,,,,,  Epoch  5  Loss=1.0547  Acc=46.7%
2026-05-21T15:51:21.893510,1779367881.8935103,TRAIN_EPOCH,6,1.0445,46.7,,,,,  Epoch  6  Loss=1.0445  Acc=46.7%
2026-05-21T15:51:22.042399,1779367882.0423994,TRAIN_EPOCH,7,1.0337,46.7,,,,,  Epoch  7  Loss=1.0337  Acc=46.7%
2026-05-21T15:51:22.190405,1779367882.1904058,TRAIN_EPOCH,8,1.0237,53.3,,,,,  Epoch  8  Loss=1.0237  Acc=53.3%
2026-05-21T15:51:22.336496,1779367882.3364964,TRAIN_EPOCH,9,1.0136,56.7,,,,,  Epoch  9  Loss=1.0136  Acc=56.7%
2026-05-21T15:51:22.494015,1779367882.494015,TRAIN_EPOCH,10,1.0032,53.3,,,,,  Epoch 10  Loss=1.0032  Acc=53.3%
2026-05-21T15:51:22.641737,1779367882.6417377,TRAIN_EPOCH,11,0.9921,53.3,,,,,  Epoch 11  Loss=0.9921  Acc=53.3%
2026-05-21T15:51:22.789703,1779367882.7897038,TRAIN_EPOCH,12,0.9792,53.3,,,,,  Epoch 12  Loss=0.9792  Acc=53.3%
2026-05-21T15:51:22.949515,1779367882.949515,TRAIN_EPOCH,13,0.9657,53.3,,,,,  Epoch 13  Loss=0.9657  Acc=53.3%
2026-05-21T15:51:23.096782,1779367883.096783,TRAIN_EPOCH,14,0.9521,60.0,,,,,  Epoch 14  Loss=0.9521  Acc=60.0%
2026-05-21T15:51:23.099297,1779367883.099297,VALIDATION,,,,70.0,10,,,[ACCURACY] Validation: 70.0% (n=10)
2026-05-21T15:51:23.102336,1779367883.1023371,FL,,,,,,,"B1 pre-pack: min=-5.5319, max=3.6542, mean=-0.0810","[FL] B1 pre-pack: min=-5.5319, max=3.6542, mean=-0.0810"
2026-05-21T15:51:23.103279,1779367883.1032798,FL,,,,,,,Model sent (72 bytes),[FL] Model sent (72 bytes)
2026-05-21T15:51:23.103279,1779367883.1032798,NEW_SAMPLE,,,,,30,horse,,[DATA] class=horse (n=30)
2026-05-21T15:51:23.282008,1779367883.2820084,BLE,,,,,,,Received global model (64 bytes),[BLE] Received global model (64 bytes)
2026-05-21T15:51:23.283009,1779367883.283009,FL,,,,,,,Global model updated (Adam reset),[FL] Global model updated (Adam reset)
2026-05-21T15:51:23.283273,1779367883.2832737,FL,,,,,,,"B1 unpacked: min=-4.6457, max=3.6220, mean=-0.0738","[FL] B1 unpacked: min=-4.6457, max=3.6220, mean=-0.0738"
2026-05-21T15:51:25.107428,1779367885.1074286,NEW_SAMPLE,,,,,30,other,,[DATA] class=other (n=30)
2026-05-21T15:51:27.105757,1779367887.1057575,NEW_SAMPLE,,,,,30,other,,[DATA] class=other (n=30)
2026-05-21T15:51:29.109698,1779367889.1096983,NEW_SAMPLE,,,,,30,cat,,[DATA] class=cat (n=30)
2026-05-21T15:51:31.107867,1779367891.1078677,NEW_SAMPLE,,,,,30,dog,,[DATA] class=dog (n=30)
2026-05-21T15:51:33.102419,1779367893.102419,NEW_SAMPLE,,,,,30,horse,,[DATA] class=horse (n=30)
2026-05-21T15:51:35.108856,1779367895.108857,NEW_SAMPLE,,,,,30,other,,[DATA] class=other (n=30)
2026-05-21T15:51:37.108597,1779367897.1090586,NEW_SAMPLE,,,,,30,horse,,[DATA] class=horse (n=30)
2026-05-21T15:51:39.102994,1779367899.1029947,NEW_SAMPLE,,,,,30,horse,,[DATA] class=horse (n=30)
2026-05-21T15:51:40.848807,1779367900.8488076,FL,,,,,,,Local training (4-class cross-entropy),[FL] Local training (4-class cross-entropy)
2026-05-21T15:51:40.986116,1779367900.9861166,TRAIN_EPOCH,0,1.0679,46.7,,,,,  Epoch  0  Loss=1.0679  Acc=46.7%
2026-05-21T15:51:41.135674,1779367901.135675,TRAIN_EPOCH,1,0.9798,56.7,,,,,  Epoch  1  Loss=0.9798  Acc=56.7%
2026-05-21T15:51:41.285313,1779367901.2853138,TRAIN_EPOCH,2,0.9276,60.0,,,,,  Epoch  2  Loss=0.9276  Acc=60.0%
2026-05-21T15:51:41.435422,1779367901.435422,TRAIN_EPOCH,3,0.8773,66.7,,,,,  Epoch  3  Loss=0.8773  Acc=66.7%
2026-05-21T15:51:41.582963,1779367901.5829632,TRAIN_EPOCH,4,0.8298,73.3,,,,,  Epoch  4  Loss=0.8298  Acc=73.3%
2026-05-21T15:51:41.741721,1779367901.7417212,TRAIN_EPOCH,5,0.7847,73.3,,,,,  Epoch  5  Loss=0.7847  Acc=73.3%
2026-05-21T15:51:41.890227,1779367901.8902278,TRAIN_EPOCH,6,0.7455,73.3,,,,,  Epoch  6  Loss=0.7455  Acc=73.3%
2026-05-21T15:51:42.038978,1779367902.0389788,TRAIN_EPOCH,7,0.7124,76.7,,,,,  Epoch  7  Loss=0.7124  Acc=76.7%
2026-05-21T15:51:42.186695,1779367902.186695,TRAIN_EPOCH,8,0.6845,80.0,,,,,  Epoch  8  Loss=0.6845  Acc=80.0%
2026-05-21T15:51:42.336418,1779367902.3364184,TRAIN_EPOCH,9,0.6625,80.0,,,,,  Epoch  9  Loss=0.6625  Acc=80.0%
2026-05-21T15:51:42.496460,1779367902.4964602,TRAIN_EPOCH,10,0.6425,80.0,,,,,  Epoch 10  Loss=0.6425  Acc=80.0%
2026-05-21T15:51:42.645332,1779367902.6453326,TRAIN_EPOCH,11,0.6246,80.0,,,,,  Epoch 11  Loss=0.6246  Acc=80.0%
2026-05-21T15:51:42.792907,1779367902.7929075,TRAIN_EPOCH,12,0.6111,80.0,,,,,  Epoch 12  Loss=0.6111  Acc=80.0%
2026-05-21T15:51:42.940789,1779367902.9407895,TRAIN_EPOCH,13,0.5983,80.0,,,,,  Epoch 13  Loss=0.5983  Acc=80.0%
2026-05-21T15:51:43.100760,1779367903.1007605,TRAIN_EPOCH,14,0.5827,80.0,,,,,  Epoch 14  Loss=0.5827  Acc=80.0%
2026-05-21T15:51:43.103004,1779367903.1030047,VALIDATION,,,,80.0,10,,,[ACCURACY] Validation: 80.0% (n=10)
2026-05-21T15:51:43.105990,1779367903.1059902,FL,,,,,,,"B1 pre-pack: min=-7.7645, max=3.1689, mean=-0.0643","[FL] B1 pre-pack: min=-7.7645, max=3.1689, mean=-0.0643"
2026-05-21T15:51:43.108390,1779367903.1083908,FL,,,,,,,Model sent (72 bytes),[FL] Model sent (72 bytes)
2026-05-21T15:51:43.110441,1779367903.110442,NEW_SAMPLE,,,,,30,cat,,[DATA] class=cat (n=30)
2026-05-21T15:51:43.259328,1779367903.259329,BLE,,,,,,,Received global model (64 bytes),[BLE] Received global model (64 bytes)
2026-05-21T15:51:43.260041,1779367903.260041,FL,,,,,,,Global model updated (Adam reset),[FL] Global model updated (Adam reset)
2026-05-21T15:51:43.261041,1779367903.2610414,FL,,,,,,,"B1 unpacked: min=-6.2205, max=3.3858, mean=-0.0763","[FL] B1 unpacked: min=-6.2205, max=3.3858, mean=-0.0763"
2026-05-21T15:51:45.100440,1779367905.1004403,NEW_SAMPLE,,,,,30,dog,,[DATA] class=dog (n=30)
2026-05-21T15:51:47.102261,1779367907.1022615,NEW_SAMPLE,,,,,30,dog,,[DATA] class=dog (n=30)
2026-05-21T15:51:49.100345,1779367909.1003456,NEW_SAMPLE,,,,,30,cat,,[DATA] class=cat (n=30)
2026-05-21T15:51:51.107549,1779367911.1075497,NEW_SAMPLE,,,,,30,horse,,[DATA] class=horse (n=30)
2026-05-21T15:51:53.105861,1779367913.1058612,NEW_SAMPLE,,,,,30,cat,,[DATA] class=cat (n=30)
2026-05-21T15:51:55.108614,1779367915.1086147,NEW_SAMPLE,,,,,30,cat,,[DATA] class=cat (n=30)
2026-05-21T15:51:57.110527,1779367917.1105278,NEW_SAMPLE,,,,,30,horse,,[DATA] class=horse (n=30)
2026-05-21T15:51:59.108093,1779367919.1080937,NEW_SAMPLE,,,,,30,dog,,[DATA] class=dog (n=30)
2026-05-21T15:52:00.848267,1779367920.848267,FL,,,,,,,Local training (4-class cross-entropy),[FL] Local training (4-class cross-entropy)
2026-05-21T15:52:00.986857,1779367920.9868572,TRAIN_EPOCH,0,1.1738,46.7,,,,,  Epoch  0  Loss=1.1738  Acc=46.7%
2026-05-21T15:52:01.133952,1779367921.133952,TRAIN_EPOCH,1,1.0637,56.7,,,,,  Epoch  1  Loss=1.0637  Acc=56.7%
2026-05-21T15:52:01.283162,1779367921.283162,TRAIN_EPOCH,2,1.0287,60.0,,,,,  Epoch  2  Loss=1.0287  Acc=60.0%
2026-05-21T15:52:01.431276,1779367921.431276,TRAIN_EPOCH,3,0.9982,66.7,,,,,  Epoch  3  Loss=0.9982  Acc=66.7%
2026-05-21T15:52:01.580108,1779367921.580109,TRAIN_EPOCH,4,0.983,63.3,,,,,  Epoch  4  Loss=0.9830  Acc=63.3%
2026-05-21T15:52:01.739919,1779367921.7399194,TRAIN_EPOCH,5,0.9676,63.3,,,,,  Epoch  5  Loss=0.9676  Acc=63.3%
2026-05-21T15:52:01.887207,1779367921.8872077,TRAIN_EPOCH,6,0.9556,63.3,,,,,  Epoch  6  Loss=0.9556  Acc=63.3%
2026-05-21T15:52:02.033657,1779367922.033657,TRAIN_EPOCH,7,0.9439,60.0,,,,,  Epoch  7  Loss=0.9439  Acc=60.0%
2026-05-21T15:52:02.180751,1779367922.1807516,TRAIN_EPOCH,8,0.9308,66.7,,,,,  Epoch  8  Loss=0.9308  Acc=66.7%
2026-05-21T15:52:02.339156,1779367922.3391564,TRAIN_EPOCH,9,0.9204,63.3,,,,,  Epoch  9  Loss=0.9204  Acc=63.3%
2026-05-21T15:52:02.486819,1779367922.4868193,TRAIN_EPOCH,10,0.9074,66.7,,,,,  Epoch 10  Loss=0.9074  Acc=66.7%
2026-05-21T15:52:02.634947,1779367922.6349475,TRAIN_EPOCH,11,0.8987,66.7,,,,,  Epoch 11  Loss=0.8987  Acc=66.7%
2026-05-21T15:52:02.781617,1779367922.7816174,TRAIN_EPOCH,12,0.889,66.7,,,,,  Epoch 12  Loss=0.8890  Acc=66.7%
2026-05-21T15:52:02.940707,1779367922.9407077,TRAIN_EPOCH,13,0.8767,66.7,,,,,  Epoch 13  Loss=0.8767  Acc=66.7%
2026-05-21T15:52:03.091437,1779367923.0914376,TRAIN_EPOCH,14,0.8769,66.7,,,,,  Epoch 14  Loss=0.8769  Acc=66.7%
2026-05-21T15:52:03.093721,1779367923.0937219,VALIDATION,,,,30.0,10,,,[ACCURACY] Validation: 30.0% (n=10)
2026-05-21T15:52:03.096704,1779367923.0967047,FL,,,,,,,"B1 pre-pack: min=-7.3415, max=2.6324, mean=-0.0799","[FL] B1 pre-pack: min=-7.3415, max=2.6324, mean=-0.0799"
2026-05-21T15:52:03.098113,1779367923.0981138,FL,,,,,,,Model sent (72 bytes),[FL] Model sent (72 bytes)
2026-05-21T15:52:03.098113,1779367923.0981138,NEW_SAMPLE,,,,,30,other,,[DATA] class=other (n=30)
2026-05-21T15:52:03.236576,1779367923.2365766,BLE,,,,,,,Received global model (64 bytes),[BLE] Received global model (64 bytes)
2026-05-21T15:52:03.239993,1779367923.2399936,FL,,,,,,,Global model updated (Adam reset),[FL] Global model updated (Adam reset)
2026-05-21T15:52:03.240977,1779367923.2409768,FL,,,,,,,"B1 unpacked: min=-6.7717, max=2.9921, mean=-0.0738","[FL] B1 unpacked: min=-6.7717, max=2.9921, mean=-0.0738"
2026-05-21T15:52:05.103280,1779367925.10328,NEW_SAMPLE,,,,,30,other,,[DATA] class=other (n=30)
2026-05-21T15:52:07.094312,1779367927.0943124,NEW_SAMPLE,,,,,30,cat,,[DATA] class=cat (n=30)
2026-05-21T15:52:09.095276,1779367929.0952766,NEW_SAMPLE,,,,,30,horse,,[DATA] class=horse (n=30)
2026-05-21T15:52:11.093985,1779367931.0939858,NEW_SAMPLE,,,,,30,cat,,[DATA] class=cat (n=30)
2026-05-21T15:52:13.098945,1779367933.0989459,NEW_SAMPLE,,,,,30,horse,,[DATA] class=horse (n=30)
2026-05-21T15:52:15.098109,1779367935.098109,NEW_SAMPLE,,,,,30,dog,,[DATA] class=dog (n=30)
2026-05-21T15:52:17.099814,1779367937.0998144,NEW_SAMPLE,,,,,30,other,,[DATA] class=other (n=30)
2026-05-21T15:52:19.095313,1779367939.095314,NEW_SAMPLE,,,,,30,dog,,[DATA] class=dog (n=30)
2026-05-21T15:52:20.838571,1779367940.8385715,FL,,,,,,,Local training (4-class cross-entropy),[FL] Local training (4-class cross-entropy)
2026-05-21T15:52:20.987176,1779367940.9871764,TRAIN_EPOCH,0,1.0382,56.7,,,,,  Epoch  0  Loss=1.0382  Acc=56.7%
2026-05-21T15:52:21.134016,1779367941.1340163,TRAIN_EPOCH,1,0.9938,60.0,,,,,  Epoch  1  Loss=0.9938  Acc=60.0%
2026-05-21T15:52:21.282927,1779367941.282928,TRAIN_EPOCH,2,0.9572,56.7,,,,,  Epoch  2  Loss=0.9572  Acc=56.7%
2026-05-21T15:52:21.431912,1779367941.4319122,TRAIN_EPOCH,3,0.9291,56.7,,,,,  Epoch  3  Loss=0.9291  Acc=56.7%
2026-05-21T15:52:21.578783,1779367941.578783,TRAIN_EPOCH,4,0.9025,56.7,,,,,  Epoch  4  Loss=0.9025  Acc=56.7%
2026-05-21T15:52:21.736483,1779367941.7364836,TRAIN_EPOCH,5,0.8878,56.7,,,,,  Epoch  5  Loss=0.8878  Acc=56.7%
2026-05-21T15:52:21.884389,1779367941.8843896,TRAIN_EPOCH,6,0.8743,60.0,,,,,  Epoch  6  Loss=0.8743  Acc=60.0%
2026-05-21T15:52:22.032893,1779367942.0328932,TRAIN_EPOCH,7,0.86,60.0,,,,,  Epoch  7  Loss=0.8600  Acc=60.0%
2026-05-21T15:52:22.181959,1779367942.1819594,TRAIN_EPOCH,8,0.8497,60.0,,,,,  Epoch  8  Loss=0.8497  Acc=60.0%
2026-05-21T15:52:22.331760,1779367942.3317604,TRAIN_EPOCH,9,0.8377,60.0,,,,,  Epoch  9  Loss=0.8377  Acc=60.0%
2026-05-21T15:52:22.489231,1779367942.4892316,TRAIN_EPOCH,10,0.8246,60.0,,,,,  Epoch 10  Loss=0.8246  Acc=60.0%
2026-05-21T15:52:22.637531,1779367942.6375313,TRAIN_EPOCH,11,0.8169,63.3,,,,,  Epoch 11  Loss=0.8169  Acc=63.3%
2026-05-21T15:52:22.786848,1779367942.786849,TRAIN_EPOCH,12,0.799,66.7,,,,,  Epoch 12  Loss=0.7990  Acc=66.7%
2026-05-21T15:52:22.934252,1779367942.9342525,TRAIN_EPOCH,13,0.7873,70.0,,,,,  Epoch 13  Loss=0.7873  Acc=70.0%
2026-05-21T15:52:23.092956,1779367943.0929568,TRAIN_EPOCH,14,0.7778,73.3,,,,,  Epoch 14  Loss=0.7778  Acc=73.3%
2026-05-21T15:52:23.093959,1779367943.09396,VALIDATION,,,,80.0,10,,,[ACCURACY] Validation: 80.0% (n=10)
2026-05-21T15:52:23.094957,1779367943.0949578,FL,,,,,,,"B1 pre-pack: min=-7.5740, max=3.0556, mean=-0.0510","[FL] B1 pre-pack: min=-7.5740, max=3.0556, mean=-0.0510"
2026-05-21T15:52:23.095412,1779367943.0954123,FL,,,,,,,Model sent (72 bytes),[FL] Model sent (72 bytes)
2026-05-21T15:52:23.095412,1779367943.0954123,NEW_SAMPLE,,,,,30,horse,,[DATA] class=horse (n=30)
2026-05-21T15:52:23.225842,1779367943.2258422,BLE,,,,,,,Received global model (64 bytes),[BLE] Received global model (64 bytes)
2026-05-21T15:52:23.228300,1779367943.2283008,FL,,,,,,,Global model updated (Adam reset),[FL] Global model updated (Adam reset)
2026-05-21T15:52:23.231290,1779367943.2312908,FL,,,,,,,"B1 unpacked: min=-7.1654, max=2.6772, mean=-0.0615","[FL] B1 unpacked: min=-7.1654, max=2.6772, mean=-0.0615"
2026-05-21T15:52:25.101705,1779367945.1017058,NEW_SAMPLE,,,,,30,other,,[DATA] class=other (n=30)
2026-05-21T15:52:27.102941,1779367947.1029415,NEW_SAMPLE,,,,,30,horse,,[DATA] class=horse (n=30)
2026-05-21T15:52:29.100697,1779367949.100697,NEW_SAMPLE,,,,,30,cat,,[DATA] class=cat (n=30)
2026-05-21T15:52:31.095009,1779367951.0950098,NEW_SAMPLE,,,,,30,other,,[DATA] class=other (n=30)
2026-05-21T15:52:33.096141,1779367953.0961413,NEW_SAMPLE,,,,,30,cat,,[DATA] class=cat (n=30)
2026-05-21T15:52:35.095567,1779367955.095567,NEW_SAMPLE,,,,,30,cat,,[DATA] class=cat (n=30)
2026-05-21T15:52:37.094372,1779367957.0943727,NEW_SAMPLE,,,,,30,cat,,[DATA] class=cat (n=30)
2026-05-21T15:52:39.103623,1779367959.1036232,NEW_SAMPLE,,,,,30,cat,,[DATA] class=cat (n=30)
2026-05-21T15:52:40.843957,1779367960.8439572,FL,,,,,,,Local training (4-class cross-entropy),[FL] Local training (4-class cross-entropy)
2026-05-21T15:52:40.981544,1779367960.9815443,TRAIN_EPOCH,0,0.9967,56.7,,,,,  Epoch  0  Loss=0.9967  Acc=56.7%
2026-05-21T15:52:41.129370,1779367961.1293707,TRAIN_EPOCH,1,0.9198,66.7,,,,,  Epoch  1  Loss=0.9198  Acc=66.7%
2026-05-21T15:52:41.286209,1779367961.2862093,TRAIN_EPOCH,2,0.8843,73.3,,,,,  Epoch  2  Loss=0.8843  Acc=73.3%
2026-05-21T15:52:41.433490,1779367961.4334903,TRAIN_EPOCH,3,0.8578,73.3,,,,,  Epoch  3  Loss=0.8578  Acc=73.3%
2026-05-21T15:52:41.583109,1779367961.5831094,TRAIN_EPOCH,4,0.8311,73.3,,,,,  Epoch  4  Loss=0.8311  Acc=73.3%
2026-05-21T15:52:41.732273,1779367961.7322736,TRAIN_EPOCH,5,0.8044,73.3,,,,,  Epoch  5  Loss=0.8044  Acc=73.3%
2026-05-21T15:52:41.882222,1779367961.8822222,TRAIN_EPOCH,6,0.7821,73.3,,,,,  Epoch  6  Loss=0.7821  Acc=73.3%
2026-05-21T15:52:42.032320,1779367962.0323205,TRAIN_EPOCH,7,0.759,73.3,,,,,  Epoch  7  Loss=0.7590  Acc=73.3%
2026-05-21T15:52:42.182271,1779367962.1822717,TRAIN_EPOCH,8,0.7408,76.7,,,,,  Epoch  8  Loss=0.7408  Acc=76.7%
2026-05-21T15:52:42.332483,1779367962.332483,TRAIN_EPOCH,9,0.7192,80.0,,,,,  Epoch  9  Loss=0.7192  Acc=80.0%
2026-05-21T15:52:42.480019,1779367962.4800196,TRAIN_EPOCH,10,0.7018,73.3,,,,,  Epoch 10  Loss=0.7018  Acc=73.3%
2026-05-21T15:52:42.639274,1779367962.6392744,TRAIN_EPOCH,11,0.6846,73.3,,,,,  Epoch 11  Loss=0.6846  Acc=73.3%
2026-05-21T15:52:42.785662,1779367962.785663,TRAIN_EPOCH,12,0.6678,73.3,,,,,  Epoch 12  Loss=0.6678  Acc=73.3%
2026-05-21T15:52:42.933180,1779367962.93318,TRAIN_EPOCH,13,0.652,76.7,,,,,  Epoch 13  Loss=0.6520  Acc=76.7%
2026-05-21T15:52:43.092967,1779367963.0929673,TRAIN_EPOCH,14,0.6389,76.7,,,,,  Epoch 14  Loss=0.6389  Acc=76.7%
2026-05-21T15:52:43.095952,1779367963.095953,VALIDATION,,,,70.0,10,,,[ACCURACY] Validation: 70.0% (n=10)
2026-05-21T15:52:43.098527,1779367963.0985277,FL,,,,,,,"B1 pre-pack: min=-7.1344, max=4.3228, mean=0.0113","[FL] B1 pre-pack: min=-7.1344, max=4.3228, mean=0.0113"
2026-05-21T15:52:43.099558,1779367963.0995588,FL,,,,,,,Model sent (72 bytes),[FL] Model sent (72 bytes)
2026-05-21T15:52:43.100518,1779367963.100518,NEW_SAMPLE,,,,,30,dog,,[DATA] class=dog (n=30)
2026-05-21T15:52:43.260030,1779367963.2600305,BLE,,,,,,,Received global model (64 bytes),[BLE] Received global model (64 bytes)
2026-05-21T15:52:43.262318,1779367963.2623181,FL,,,,,,,Global model updated (Adam reset),[FL] Global model updated (Adam reset)
2026-05-21T15:52:43.264579,1779367963.2645798,FL,,,,,,,"B1 unpacked: min=-7.1654, max=3.3858, mean=-0.0197","[FL] B1 unpacked: min=-7.1654, max=3.3858, mean=-0.0197"
2026-05-21T15:52:45.101785,1779367965.1017852,NEW_SAMPLE,,,,,30,other,,[DATA] class=other (n=30)
2026-05-21T15:52:47.100320,1779367967.1003203,NEW_SAMPLE,,,,,30,cat,,[DATA] class=cat (n=30)
2026-05-21T15:52:49.100426,1779367969.100426,NEW_SAMPLE,,,,,30,other,,[DATA] class=other (n=30)
2026-05-21T15:52:51.101669,1779367971.1016695,NEW_SAMPLE,,,,,30,horse,,[DATA] class=horse (n=30)
2026-05-21T15:52:53.100401,1779367973.1004014,NEW_SAMPLE,,,,,30,cat,,[DATA] class=cat (n=30)
2026-05-21T15:52:55.098780,1779367975.0987806,NEW_SAMPLE,,,,,30,cat,,[DATA] class=cat (n=30)
2026-05-21T15:52:57.095135,1779367977.0951352,NEW_SAMPLE,,,,,30,horse,,[DATA] class=horse (n=30)
2026-05-21T15:52:59.095396,1779367979.0953968,NEW_SAMPLE,,,,,30,dog,,[DATA] class=dog (n=30)
2026-05-21T15:53:00.843028,1779367980.8430288,FL,,,,,,,Local training (4-class cross-entropy),[FL] Local training (4-class cross-entropy)
2026-05-21T15:53:00.981812,1779367980.9818125,TRAIN_EPOCH,0,0.9405,70.0,,,,,  Epoch  0  Loss=0.9405  Acc=70.0%
2026-05-21T15:53:01.131024,1779367981.1310244,TRAIN_EPOCH,1,0.8812,66.7,,,,,  Epoch  1  Loss=0.8812  Acc=66.7%
2026-05-21T15:53:01.290413,1779367981.2904139,TRAIN_EPOCH,2,0.8557,63.3,,,,,  Epoch  2  Loss=0.8557  Acc=63.3%
2026-05-21T15:53:01.439167,1779367981.4391677,TRAIN_EPOCH,3,0.8368,66.7,,,,,  Epoch  3  Loss=0.8368  Acc=66.7%
2026-05-21T15:53:01.587487,1779367981.587488,TRAIN_EPOCH,4,0.8205,66.7,,,,,  Epoch  4  Loss=0.8205  Acc=66.7%
2026-05-21T15:53:01.735529,1779367981.7355292,TRAIN_EPOCH,5,0.8074,66.7,,,,,  Epoch  5  Loss=0.8074  Acc=66.7%
2026-05-21T15:53:01.887042,1779367981.8870423,TRAIN_EPOCH,6,0.7926,66.7,,,,,  Epoch  6  Loss=0.7926  Acc=66.7%
2026-05-21T15:53:02.035028,1779367982.0350285,TRAIN_EPOCH,7,0.7806,70.0,,,,,  Epoch  7  Loss=0.7806  Acc=70.0%
2026-05-21T15:53:02.182304,1779367982.1823046,TRAIN_EPOCH,8,0.77,70.0,,,,,  Epoch  8  Loss=0.7700  Acc=70.0%
2026-05-21T15:53:02.337517,1779367982.3375177,TRAIN_EPOCH,9,0.7611,70.0,,,,,  Epoch  9  Loss=0.7611  Acc=70.0%
2026-05-21T15:53:02.485567,1779367982.4855673,TRAIN_EPOCH,10,0.7505,73.3,,,,,  Epoch 10  Loss=0.7505  Acc=73.3%
2026-05-21T15:53:02.633037,1779367982.6330378,TRAIN_EPOCH,11,0.7419,73.3,,,,,  Epoch 11  Loss=0.7419  Acc=73.3%
2026-05-21T15:53:02.791644,1779367982.7916443,TRAIN_EPOCH,12,0.7333,70.0,,,,,  Epoch 12  Loss=0.7333  Acc=70.0%
2026-05-21T15:53:02.939828,1779367982.9398284,TRAIN_EPOCH,13,0.7251,70.0,,,,,  Epoch 13  Loss=0.7251  Acc=70.0%
2026-05-21T15:53:03.088191,1779367983.0881917,TRAIN_EPOCH,14,0.717,70.0,,,,,  Epoch 14  Loss=0.7170  Acc=70.0%
2026-05-21T15:53:03.090721,1779367983.0907214,VALIDATION,,,,70.0,10,,,[ACCURACY] Validation: 70.0% (n=10)
2026-05-21T15:53:03.092717,1779367983.0927176,FL,,,,,,,"B1 pre-pack: min=-7.1160, max=4.6264, mean=0.0006","[FL] B1 pre-pack: min=-7.1160, max=4.6264, mean=0.0006"
2026-05-21T15:53:03.094557,1779367983.0945578,FL,,,,,,,Model sent (72 bytes),[FL] Model sent (72 bytes)
2026-05-21T15:53:03.095602,1779367983.0956023,NEW_SAMPLE,,,,,30,other,,[DATA] class=other (n=30)
2026-05-21T15:53:03.244145,1779367983.2441459,BLE,,,,,,,Received global model (64 bytes),[BLE] Received global model (64 bytes)
2026-05-21T15:53:03.247087,1779367983.2470875,FL,,,,,,,Global model updated (Adam reset),[FL] Global model updated (Adam reset)
2026-05-21T15:53:03.249123,1779367983.2491233,FL,,,,,,,"B1 unpacked: min=-7.0866, max=4.0157, mean=-0.0098","[FL] B1 unpacked: min=-7.0866, max=4.0157, mean=-0.0098"
2026-05-21T15:53:05.098981,1779367985.0989819,NEW_SAMPLE,,,,,30,other,,[DATA] class=other (n=30)
2026-05-21T15:53:07.096246,1779367987.096246,NEW_SAMPLE,,,,,30,cat,,[DATA] class=cat (n=30)
2026-05-21T15:53:09.092738,1779367989.0927384,NEW_SAMPLE,,,,,30,cat,,[DATA] class=cat (n=30)
2026-05-21T15:53:11.098554,1779367991.0985546,NEW_SAMPLE,,,,,30,dog,,[DATA] class=dog (n=30)
2026-05-21T15:53:13.097636,1779367993.0976367,NEW_SAMPLE,,,,,30,other,,[DATA] class=other (n=30)
2026-05-21T15:53:15.093713,1779367995.0937135,NEW_SAMPLE,,,,,30,dog,,[DATA] class=dog (n=30)
2026-05-21T15:53:17.102089,1779367997.1020894,NEW_SAMPLE,,,,,30,cat,,[DATA] class=cat (n=30)
2026-05-21T15:53:19.100659,1779367999.1006596,NEW_SAMPLE,,,,,30,cat,,[DATA] class=cat (n=30)
2026-05-21T15:53:20.847384,1779368000.8473847,FL,,,,,,,Local training (4-class cross-entropy),[FL] Local training (4-class cross-entropy)
2026-05-21T15:53:20.984208,1779368000.984208,TRAIN_EPOCH,0,0.7998,70.0,,,,,  Epoch  0  Loss=0.7998  Acc=70.0%
2026-05-21T15:53:21.132702,1779368001.1327019,TRAIN_EPOCH,1,0.6994,70.0,,,,,  Epoch  1  Loss=0.6994  Acc=70.0%
2026-05-21T15:53:21.280962,1779368001.280962,TRAIN_EPOCH,2,0.6668,80.0,,,,,  Epoch  2  Loss=0.6668  Acc=80.0%
2026-05-21T15:53:21.438880,1779368001.4388804,TRAIN_EPOCH,3,0.6501,80.0,,,,,  Epoch  3  Loss=0.6501  Acc=80.0%
2026-05-21T15:53:21.587758,1779368001.587758,TRAIN_EPOCH,4,0.6361,76.7,,,,,  Epoch  4  Loss=0.6361  Acc=76.7%
2026-05-21T15:53:21.735268,1779368001.735268,TRAIN_EPOCH,5,0.6236,76.7,,,,,  Epoch  5  Loss=0.6236  Acc=76.7%
2026-05-21T15:53:21.882535,1779368001.8825357,TRAIN_EPOCH,6,0.6107,83.3,,,,,  Epoch  6  Loss=0.6107  Acc=83.3%
2026-05-21T15:53:22.032755,1779368002.0327551,TRAIN_EPOCH,7,0.6005,86.7,,,,,  Epoch  7  Loss=0.6005  Acc=86.7%
2026-05-21T15:53:22.181220,1779368002.1812205,TRAIN_EPOCH,8,0.5913,86.7,,,,,  Epoch  8  Loss=0.5913  Acc=86.7%
2026-05-21T15:53:22.330475,1779368002.330475,TRAIN_EPOCH,9,0.5819,86.7,,,,,  Epoch  9  Loss=0.5819  Acc=86.7%
2026-05-21T15:53:22.489370,1779368002.4893706,TRAIN_EPOCH,10,0.5739,86.7,,,,,  Epoch 10  Loss=0.5739  Acc=86.7%
2026-05-21T15:53:22.639055,1779368002.6390557,TRAIN_EPOCH,11,0.5663,86.7,,,,,  Epoch 11  Loss=0.5663  Acc=86.7%
2026-05-21T15:53:22.786888,1779368002.7868884,TRAIN_EPOCH,12,0.5597,86.7,,,,,  Epoch 12  Loss=0.5597  Acc=86.7%
2026-05-21T15:53:22.933637,1779368002.9336371,TRAIN_EPOCH,13,0.5531,86.7,,,,,  Epoch 13  Loss=0.5531  Acc=86.7%
2026-05-21T15:53:23.093977,1779368003.093977,TRAIN_EPOCH,14,0.5474,86.7,,,,,  Epoch 14  Loss=0.5474  Acc=86.7%
2026-05-21T15:53:23.096203,1779368003.0962033,VALIDATION,,,,100.0,10,,,[ACCURACY] Validation: 100.0% (n=10)
2026-05-21T15:53:23.099764,1779368003.0997646,FL,,,,,,,"B1 pre-pack: min=-7.9850, max=4.9392, mean=0.0034","[FL] B1 pre-pack: min=-7.9850, max=4.9392, mean=0.0034"
2026-05-21T15:53:23.100730,1779368003.1007307,FL,,,,,,,Model sent (72 bytes),[FL] Model sent (72 bytes)
2026-05-21T15:53:23.101722,1779368003.1017227,NEW_SAMPLE,,,,,30,horse,,[DATA] class=horse (n=30)
2026-05-21T15:53:23.216814,1779368003.2168145,BLE,,,,,,,Received global model (64 bytes),[BLE] Received global model (64 bytes)
2026-05-21T15:53:23.222549,1779368003.222549,FL,,,,,,,Global model updated (Adam reset),[FL] Global model updated (Adam reset)
2026-05-21T15:53:23.222817,1779368003.2228174,FL,,,,,,,"B1 unpacked: min=-7.5591, max=4.4882, mean=0.0000","[FL] B1 unpacked: min=-7.5591, max=4.4882, mean=0.0000"
2026-05-21T15:53:25.101112,1779368005.1011126,NEW_SAMPLE,,,,,30,dog,,[DATA] class=dog (n=30)
2026-05-21T15:53:27.096580,1779368007.0965803,NEW_SAMPLE,,,,,30,cat,,[DATA] class=cat (n=30)
2026-05-21T15:53:29.094121,1779368009.0941212,NEW_SAMPLE,,,,,30,cat,,[DATA] class=cat (n=30)
2026-05-21T15:53:31.100332,1779368011.1003323,NEW_SAMPLE,,,,,30,other,,[DATA] class=other (n=30)
2026-05-21T15:53:33.099440,1779368013.0994406,NEW_SAMPLE,,,,,30,cat,,[DATA] class=cat (n=30)
2026-05-21T15:53:35.093802,1779368015.093802,NEW_SAMPLE,,,,,30,cat,,[DATA] class=cat (n=30)
2026-05-21T15:53:37.099374,1779368017.0993743,NEW_SAMPLE,,,,,30,horse,,[DATA] class=horse (n=30)
2026-05-21T15:53:39.097529,1779368019.0975294,NEW_SAMPLE,,,,,30,other,,[DATA] class=other (n=30)
2026-05-21T15:53:40.849185,1779368020.849185,FL,,,,,,,Local training (4-class cross-entropy),[FL] Local training (4-class cross-entropy)
2026-05-21T15:53:40.987882,1779368020.987882,TRAIN_EPOCH,0,0.6998,76.7,,,,,  Epoch  0  Loss=0.6998  Acc=76.7%
2026-05-21T15:53:41.135304,1779368021.1353042,TRAIN_EPOCH,1,0.6104,76.7,,,,,  Epoch  1  Loss=0.6104  Acc=76.7%
2026-05-21T15:53:41.282563,1779368021.2825632,TRAIN_EPOCH,2,0.5885,76.7,,,,,  Epoch  2  Loss=0.5885  Acc=76.7%
2026-05-21T15:53:41.439872,1779368021.439873,TRAIN_EPOCH,3,0.5687,73.3,,,,,  Epoch  3  Loss=0.5687  Acc=73.3%
2026-05-21T15:53:41.587530,1779368021.5875306,TRAIN_EPOCH,4,0.5516,73.3,,,,,  Epoch  4  Loss=0.5516  Acc=73.3%
2026-05-21T15:53:41.734722,1779368021.7347226,TRAIN_EPOCH,5,0.5371,73.3,,,,,  Epoch  5  Loss=0.5371  Acc=73.3%
2026-05-21T15:53:41.882910,1779368021.8829105,TRAIN_EPOCH,6,0.5238,73.3,,,,,  Epoch  6  Loss=0.5238  Acc=73.3%
2026-05-21T15:53:42.030285,1779368022.0302854,TRAIN_EPOCH,7,0.5122,73.3,,,,,  Epoch  7  Loss=0.5122  Acc=73.3%
2026-05-21T15:53:42.180553,1779368022.1805537,TRAIN_EPOCH,8,0.5006,76.7,,,,,  Epoch  8  Loss=0.5006  Acc=76.7%
2026-05-21T15:53:42.338747,1779368022.3387475,TRAIN_EPOCH,9,0.4914,76.7,,,,,  Epoch  9  Loss=0.4914  Acc=76.7%
2026-05-21T15:53:42.485690,1779368022.4856908,TRAIN_EPOCH,10,0.4836,80.0,,,,,  Epoch 10  Loss=0.4836  Acc=80.0%
2026-05-21T15:53:42.635106,1779368022.6351068,TRAIN_EPOCH,11,0.4769,80.0,,,,,  Epoch 11  Loss=0.4769  Acc=80.0%
2026-05-21T15:53:42.782656,1779368022.782657,TRAIN_EPOCH,12,0.4701,80.0,,,,,  Epoch 12  Loss=0.4701  Acc=80.0%
2026-05-21T15:53:42.942374,1779368022.9423742,TRAIN_EPOCH,13,0.4654,80.0,,,,,  Epoch 13  Loss=0.4654  Acc=80.0%
2026-05-21T15:53:43.092566,1779368023.0925665,TRAIN_EPOCH,14,0.4615,80.0,,,,,  Epoch 14  Loss=0.4615  Acc=80.0%
2026-05-21T15:53:43.095553,1779368023.0955534,VALIDATION,,,,80.0,10,,,[ACCURACY] Validation: 80.0% (n=10)
2026-05-21T15:53:43.098723,1779368023.0987232,FL,,,,,,,"B1 pre-pack: min=-7.4034, max=6.2546, mean=0.0080","[FL] B1 pre-pack: min=-7.4034, max=6.2546, mean=0.0080"
2026-05-21T15:53:43.099284,1779368023.0992842,FL,,,,,,,Model sent (72 bytes),[FL] Model sent (72 bytes)
2026-05-21T15:53:43.099284,1779368023.0992842,NEW_SAMPLE,,,,,30,cat,,[DATA] class=cat (n=30)
2026-05-21T15:53:43.257749,1779368023.2587984,BLE,,,,,,,Received global model (64 bytes),[BLE] Received global model (64 bytes)
2026-05-21T15:53:43.262876,1779368023.2628765,FL,,,,,,,Global model updated (Adam reset),[FL] Global model updated (Adam reset)
2026-05-21T15:53:43.265914,1779368023.2659147,FL,,,,,,,"B1 unpacked: min=-7.4803, max=5.3543, mean=-0.0049","[FL] B1 unpacked: min=-7.4803, max=5.3543, mean=-0.0049"
2026-05-21T15:53:45.095938,1779368025.0959384,NEW_SAMPLE,,,,,30,dog,,[DATA] class=dog (n=30)
2026-05-21T15:53:47.099424,1779368027.0994244,NEW_SAMPLE,,,,,30,horse,,[DATA] class=horse (n=30)
2026-05-21T15:53:49.099197,1779368029.0991976,NEW_SAMPLE,,,,,30,horse,,[DATA] class=horse (n=30)
2026-05-21T15:53:51.092254,1779368031.0922544,NEW_SAMPLE,,,,,30,dog,,[DATA] class=dog (n=30)
2026-05-21T15:53:53.100361,1779368033.1003616,NEW_SAMPLE,,,,,30,other,,[DATA] class=other (n=30)
2026-05-21T15:53:55.093427,1779368035.0934277,NEW_SAMPLE,,,,,30,cat,,[DATA] class=cat (n=30)
2026-05-21T15:53:57.097267,1779368037.0972676,NEW_SAMPLE,,,,,30,horse,,[DATA] class=horse (n=30)
2026-05-21T15:53:59.099451,1779368039.099452,NEW_SAMPLE,,,,,30,horse,,[DATA] class=horse (n=30)
2026-05-21T15:54:00.846345,1779368040.846345,FL,,,,,,,Local training (4-class cross-entropy),[FL] Local training (4-class cross-entropy)
2026-05-21T15:54:00.983644,1779368040.9836445,TRAIN_EPOCH,0,0.6126,73.3,,,,,  Epoch  0  Loss=0.6126  Acc=73.3%
2026-05-21T15:54:01.132020,1779368041.1320205,TRAIN_EPOCH,1,0.539,76.7,,,,,  Epoch  1  Loss=0.5390  Acc=76.7%
2026-05-21T15:54:01.281358,1779368041.2813582,TRAIN_EPOCH,2,0.53,76.7,,,,,  Epoch  2  Loss=0.5300  Acc=76.7%
2026-05-21T15:54:01.439492,1779368041.439493,TRAIN_EPOCH,3,0.5086,80.0,,,,,  Epoch  3  Loss=0.5086  Acc=80.0%
2026-05-21T15:54:01.587620,1779368041.587621,TRAIN_EPOCH,4,0.4922,80.0,,,,,  Epoch  4  Loss=0.4922  Acc=80.0%
2026-05-21T15:54:01.735768,1779368041.735768,TRAIN_EPOCH,5,0.4754,80.0,,,,,  Epoch  5  Loss=0.4754  Acc=80.0%
2026-05-21T15:54:01.883251,1779368041.8832512,TRAIN_EPOCH,6,0.4601,80.0,,,,,  Epoch  6  Loss=0.4601  Acc=80.0%
2026-05-21T15:54:02.031413,1779368042.0314136,TRAIN_EPOCH,7,0.4457,80.0,,,,,  Epoch  7  Loss=0.4457  Acc=80.0%
2026-05-21T15:54:02.189050,1779368042.1890504,TRAIN_EPOCH,8,0.433,80.0,,,,,  Epoch  8  Loss=0.4330  Acc=80.0%
2026-05-21T15:54:02.337155,1779368042.3371556,TRAIN_EPOCH,9,0.4212,80.0,,,,,  Epoch  9  Loss=0.4212  Acc=80.0%
2026-05-21T15:54:02.486775,1779368042.4867756,TRAIN_EPOCH,10,0.4101,80.0,,,,,  Epoch 10  Loss=0.4101  Acc=80.0%
2026-05-21T15:54:02.635559,1779368042.6355598,TRAIN_EPOCH,11,0.3998,83.3,,,,,  Epoch 11  Loss=0.3998  Acc=83.3%
2026-05-21T15:54:02.783612,1779368042.7836123,TRAIN_EPOCH,12,0.3902,86.7,,,,,  Epoch 12  Loss=0.3902  Acc=86.7%
2026-05-21T15:54:02.942797,1779368042.9427974,TRAIN_EPOCH,13,0.3812,86.7,,,,,  Epoch 13  Loss=0.3812  Acc=86.7%
2026-05-21T15:54:03.091228,1779368043.0912287,TRAIN_EPOCH,14,0.3727,86.7,,,,,  Epoch 14  Loss=0.3727  Acc=86.7%
2026-05-21T15:54:03.094219,1779368043.0942197,VALIDATION,,,,70.0,10,,,[ACCURACY] Validation: 70.0% (n=10)
2026-05-21T15:54:03.094548,1779368043.0945482,FL,,,,,,,"B1 pre-pack: min=-6.9792, max=5.2645, mean=-0.0279","[FL] B1 pre-pack: min=-6.9792, max=5.2645, mean=-0.0279"
2026-05-21T15:54:03.094548,1779368043.0945482,FL,,,,,,,Model sent (72 bytes),[FL] Model sent (72 bytes)
2026-05-21T15:54:03.095547,1779368043.0955477,NEW_SAMPLE,,,,,30,horse,,[DATA] class=horse (n=30)
2026-05-21T15:54:03.243400,1779368043.2434008,BLE,,,,,,,Received global model (64 bytes),[BLE] Received global model (64 bytes)
2026-05-21T15:54:03.245345,1779368043.2453458,FL,,,,,,,Global model updated (Adam reset),[FL] Global model updated (Adam reset)
2026-05-21T15:54:03.245635,1779368043.245635,FL,,,,,,,"B1 unpacked: min=-7.2441, max=5.2756, mean=-0.0148","[FL] B1 unpacked: min=-7.2441, max=5.2756, mean=-0.0148"
2026-05-21T15:54:05.095112,1779368045.095112,NEW_SAMPLE,,,,,30,dog,,[DATA] class=dog (n=30)
2026-05-21T15:54:07.100522,1779368047.100522,NEW_SAMPLE,,,,,30,cat,,[DATA] class=cat (n=30)
2026-05-21T15:54:09.094651,1779368049.0946512,NEW_SAMPLE,,,,,30,dog,,[DATA] class=dog (n=30)
2026-05-21T15:54:11.102691,1779368051.102692,NEW_SAMPLE,,,,,30,cat,,[DATA] class=cat (n=30)
2026-05-21T15:54:13.099706,1779368053.099707,NEW_SAMPLE,,,,,30,horse,,[DATA] class=horse (n=30)
2026-05-21T15:54:15.102641,1779368055.1026418,NEW_SAMPLE,,,,,30,dog,,[DATA] class=dog (n=30)
2026-05-21T15:54:17.094449,1779368057.095312,NEW_SAMPLE,,,,,30,cat,,[DATA] class=cat (n=30)
2026-05-21T15:54:19.101892,1779368059.101892,NEW_SAMPLE,,,,,30,dog,,[DATA] class=dog (n=30)
2026-05-21T15:54:20.839357,1779368060.8393576,FL,,,,,,,Local training (4-class cross-entropy),[FL] Local training (4-class cross-entropy)
2026-05-21T15:54:20.988796,1779368060.9887965,TRAIN_EPOCH,0,0.5888,66.7,,,,,  Epoch  0  Loss=0.5888  Acc=66.7%
2026-05-21T15:54:21.136914,1779368061.136915,TRAIN_EPOCH,1,0.4943,76.7,,,,,  Epoch  1  Loss=0.4943  Acc=76.7%
2026-05-21T15:54:21.285049,1779368061.2850492,TRAIN_EPOCH,2,0.4914,80.0,,,,,  Epoch  2  Loss=0.4914  Acc=80.0%
2026-05-21T15:54:21.433251,1779368061.4332519,TRAIN_EPOCH,3,0.4778,80.0,,,,,  Epoch  3  Loss=0.4778  Acc=80.0%
2026-05-21T15:54:21.580878,1779368061.580878,TRAIN_EPOCH,4,0.465,83.3,,,,,  Epoch  4  Loss=0.4650  Acc=83.3%
2026-05-21T15:54:21.738931,1779368061.7389317,TRAIN_EPOCH,5,0.4567,83.3,,,,,  Epoch  5  Loss=0.4567  Acc=83.3%
2026-05-21T15:54:21.885871,1779368061.885872,TRAIN_EPOCH,6,0.4482,83.3,,,,,  Epoch  6  Loss=0.4482  Acc=83.3%
2026-05-21T15:54:22.033600,1779368062.0336,TRAIN_EPOCH,7,0.4405,83.3,,,,,  Epoch  7  Loss=0.4405  Acc=83.3%
2026-05-21T15:54:22.182573,1779368062.1825738,TRAIN_EPOCH,8,0.4333,83.3,,,,,  Epoch  8  Loss=0.4333  Acc=83.3%
2026-05-21T15:54:22.332428,1779368062.332428,TRAIN_EPOCH,9,0.4265,83.3,,,,,  Epoch  9  Loss=0.4265  Acc=83.3%
2026-05-21T15:54:22.481632,1779368062.481632,TRAIN_EPOCH,10,0.4201,83.3,,,,,  Epoch 10  Loss=0.4201  Acc=83.3%
2026-05-21T15:54:22.631135,1779368062.6311352,TRAIN_EPOCH,11,0.4143,86.7,,,,,  Epoch 11  Loss=0.4143  Acc=86.7%
2026-05-21T15:54:22.789570,1779368062.7895703,TRAIN_EPOCH,12,0.4086,86.7,,,,,  Epoch 12  Loss=0.4086  Acc=86.7%
2026-05-21T15:54:22.939069,1779368062.93907,TRAIN_EPOCH,13,0.4033,86.7,,,,,  Epoch 13  Loss=0.4033  Acc=86.7%
2026-05-21T15:54:23.086276,1779368063.086276,TRAIN_EPOCH,14,0.3982,86.7,,,,,  Epoch 14  Loss=0.3982  Acc=86.7%
2026-05-21T15:54:23.090087,1779368063.0900874,VALIDATION,,,,90.0,10,,,[ACCURACY] Validation: 90.0% (n=10)
2026-05-21T15:54:23.090604,1779368063.0906045,FL,,,,,,,"B1 pre-pack: min=-7.7798, max=5.5879, mean=-0.0158","[FL] B1 pre-pack: min=-7.7798, max=5.5879, mean=-0.0158"
2026-05-21T15:54:23.094762,1779368063.0947626,FL,,,,,,,Model sent (72 bytes),[FL] Model sent (72 bytes)
2026-05-21T15:54:23.094762,1779368063.0947626,NEW_SAMPLE,,,,,30,cat,,[DATA] class=cat (n=30)
2026-05-21T15:54:23.223273,1779368063.2232738,BLE,,,,,,,Received global model (64 bytes),[BLE] Received global model (64 bytes)
2026-05-21T15:54:23.224272,1779368063.2242725,FL,,,,,,,Global model updated (Adam reset),[FL] Global model updated (Adam reset)
2026-05-21T15:54:23.225834,1779368063.2258346,FL,,,,,,,"B1 unpacked: min=-7.4803, max=5.3543, mean=-0.0098","[FL] B1 unpacked: min=-7.4803, max=5.3543, mean=-0.0098"
2026-05-21T15:54:25.093760,1779368065.093761,NEW_SAMPLE,,,,,30,dog,,[DATA] class=dog (n=30)
2026-05-21T15:54:27.101235,1779368067.1012352,NEW_SAMPLE,,,,,30,cat,,[DATA] class=cat (n=30)
2026-05-21T15:54:29.099628,1779368069.0996282,NEW_SAMPLE,,,,,30,dog,,[DATA] class=dog (n=30)
2026-05-21T15:54:31.097658,1779368071.0976584,NEW_SAMPLE,,,,,30,cat,,[DATA] class=cat (n=30)
2026-05-21T15:54:33.094700,1779368073.0947003,NEW_SAMPLE,,,,,30,cat,,[DATA] class=cat (n=30)
2026-05-21T15:54:35.100673,1779368075.1006734,NEW_SAMPLE,,,,,30,cat,,[DATA] class=cat (n=30)
2026-05-21T15:54:37.094462,1779368077.0944626,NEW_SAMPLE,,,,,30,dog,,[DATA] class=dog (n=30)
2026-05-21T15:54:39.097736,1779368079.097736,NEW_SAMPLE,,,,,30,horse,,[DATA] class=horse (n=30)
2026-05-21T15:54:40.843761,1779368080.843761,FL,,,,,,,Local training (4-class cross-entropy),[FL] Local training (4-class cross-entropy)
2026-05-21T15:54:40.981101,1779368080.9811018,TRAIN_EPOCH,0,0.6051,70.0,,,,,  Epoch  0  Loss=0.6051  Acc=70.0%
2026-05-21T15:54:41.130100,1779368081.1301007,TRAIN_EPOCH,1,0.5354,76.7,,,,,  Epoch  1  Loss=0.5354  Acc=76.7%
2026-05-21T15:54:41.287732,1779368081.2877328,TRAIN_EPOCH,2,0.5278,80.0,,,,,  Epoch  2  Loss=0.5278  Acc=80.0%
2026-05-21T15:54:41.434929,1779368081.4349294,TRAIN_EPOCH,3,0.5189,76.7,,,,,  Epoch  3  Loss=0.5189  Acc=76.7%
2026-05-21T15:54:41.583218,1779368081.5832179,TRAIN_EPOCH,4,0.5134,76.7,,,,,  Epoch  4  Loss=0.5134  Acc=76.7%
2026-05-21T15:54:41.731112,1779368081.7311122,TRAIN_EPOCH,5,0.5072,76.7,,,,,  Epoch  5  Loss=0.5072  Acc=76.7%
2026-05-21T15:54:41.890517,1779368081.890517,TRAIN_EPOCH,6,0.5028,76.7,,,,,  Epoch  6  Loss=0.5028  Acc=76.7%
2026-05-21T15:54:42.037823,1779368082.0378234,TRAIN_EPOCH,7,0.4974,76.7,,,,,  Epoch  7  Loss=0.4974  Acc=76.7%
2026-05-21T15:54:42.186653,1779368082.1866539,TRAIN_EPOCH,8,0.4936,76.7,,,,,  Epoch  8  Loss=0.4936  Acc=76.7%
2026-05-21T15:54:42.334539,1779368082.33454,TRAIN_EPOCH,9,0.4887,76.7,,,,,  Epoch  9  Loss=0.4887  Acc=76.7%
2026-05-21T15:54:42.482743,1779368082.4827433,TRAIN_EPOCH,10,0.486,80.0,,,,,  Epoch 10  Loss=0.4860  Acc=80.0%
2026-05-21T15:54:42.632877,1779368082.6328778,TRAIN_EPOCH,11,0.4807,80.0,,,,,  Epoch 11  Loss=0.4807  Acc=80.0%
2026-05-21T15:54:42.781817,1779368082.781818,TRAIN_EPOCH,12,0.4768,80.0,,,,,  Epoch 12  Loss=0.4768  Acc=80.0%
2026-05-21T15:54:42.939663,1779368082.939664,TRAIN_EPOCH,13,0.4726,80.0,,,,,  Epoch 13  Loss=0.4726  Acc=80.0%
2026-05-21T15:54:43.089378,1779368083.089378,TRAIN_EPOCH,14,0.4685,80.0,,,,,  Epoch 14  Loss=0.4685  Acc=80.0%
2026-05-21T15:54:43.092425,1779368083.0924256,VALIDATION,,,,80.0,10,,,[ACCURACY] Validation: 80.0% (n=10)
2026-05-21T15:54:43.095396,1779368083.095396,FL,,,,,,,"B1 pre-pack: min=-8.1418, max=5.9522, mean=-0.0148","[FL] B1 pre-pack: min=-8.1418, max=5.9522, mean=-0.0148"
2026-05-21T15:54:43.096355,1779368083.0963554,FL,,,,,,,Model sent (72 bytes),[FL] Model sent (72 bytes)
2026-05-21T15:54:43.096355,1779368083.0963554,NEW_SAMPLE,,,,,30,horse,,[DATA] class=horse (n=30)
2026-05-21T15:54:43.263523,1779368083.2635236,BLE,,,,,,,Received global model (64 bytes),[BLE] Received global model (64 bytes)
2026-05-21T15:54:43.265560,1779368083.2655604,FL,,,,,,,Global model updated (Adam reset),[FL] Global model updated (Adam reset)
2026-05-21T15:54:43.266521,1779368083.2665215,FL,,,,,,,"B1 unpacked: min=-7.7953, max=5.5118, mean=-0.0074","[FL] B1 unpacked: min=-7.7953, max=5.5118, mean=-0.0074"
2026-05-21T15:54:45.097244,1779368085.0974174,NEW_SAMPLE,,,,,30,cat,,[DATA] class=cat (n=30)
2026-05-21T15:54:47.094931,1779368087.0949311,NEW_SAMPLE,,,,,30,cat,,[DATA] class=cat (n=30)
2026-05-21T15:54:49.094650,1779368089.0946505,NEW_SAMPLE,,,,,30,cat,,[DATA] class=cat (n=30)
2026-05-21T15:54:51.094764,1779368091.094764,NEW_SAMPLE,,,,,30,cat,,[DATA] class=cat (n=30)
2026-05-21T15:54:53.101546,1779368093.1015463,NEW_SAMPLE,,,,,30,other,,[DATA] class=other (n=30)
2026-05-21T15:54:55.099035,1779368095.099035,NEW_SAMPLE,,,,,30,horse,,[DATA] class=horse (n=30)
2026-05-21T15:54:57.102156,1779368097.1021569,NEW_SAMPLE,,,,,30,horse,,[DATA] class=horse (n=30)
2026-05-21T15:54:59.099858,1779368099.0998588,NEW_SAMPLE,,,,,30,horse,,[DATA] class=horse (n=30)
2026-05-21T15:55:00.841134,1779368100.8411348,FL,,,,,,,Local training (4-class cross-entropy),[FL] Local training (4-class cross-entropy)
2026-05-21T15:55:00.979367,1779368100.9793673,TRAIN_EPOCH,0,0.6857,73.3,,,,,  Epoch  0  Loss=0.6857  Acc=73.3%
2026-05-21T15:55:01.128883,1779368101.1288831,TRAIN_EPOCH,1,0.622,76.7,,,,,  Epoch  1  Loss=0.6220  Acc=76.7%
2026-05-21T15:55:01.288665,1779368101.2886655,TRAIN_EPOCH,2,0.5985,76.7,,,,,  Epoch  2  Loss=0.5985  Acc=76.7%
2026-05-21T15:55:01.436673,1779368101.4366739,TRAIN_EPOCH,3,0.5787,76.7,,,,,  Epoch  3  Loss=0.5787  Acc=76.7%
2026-05-21T15:55:01.585503,1779368101.5855036,TRAIN_EPOCH,4,0.5637,76.7,,,,,  Epoch  4  Loss=0.5637  Acc=76.7%
2026-05-21T15:55:01.733783,1779368101.7337835,TRAIN_EPOCH,5,0.5497,76.7,,,,,  Epoch  5  Loss=0.5497  Acc=76.7%
2026-05-21T15:55:01.882342,1779368101.8823423,TRAIN_EPOCH,6,0.5337,76.7,,,,,  Epoch  6  Loss=0.5337  Acc=76.7%
2026-05-21T15:55:02.032015,1779368102.0320153,TRAIN_EPOCH,7,0.5212,76.7,,,,,  Epoch  7  Loss=0.5212  Acc=76.7%
2026-05-21T15:55:02.180993,1779368102.1809938,TRAIN_EPOCH,8,0.513,80.0,,,,,  Epoch  8  Loss=0.5130  Acc=80.0%
2026-05-21T15:55:02.337871,1779368102.3378718,TRAIN_EPOCH,9,0.506,80.0,,,,,  Epoch  9  Loss=0.5060  Acc=80.0%
2026-05-21T15:55:02.485648,1779368102.4856484,TRAIN_EPOCH,10,0.4999,80.0,,,,,  Epoch 10  Loss=0.4999  Acc=80.0%
2026-05-21T15:55:02.632433,1779368102.6324332,TRAIN_EPOCH,11,0.4947,80.0,,,,,  Epoch 11  Loss=0.4947  Acc=80.0%
2026-05-21T15:55:02.790164,1779368102.7901645,TRAIN_EPOCH,12,0.49,80.0,,,,,  Epoch 12  Loss=0.4900  Acc=80.0%
2026-05-21T15:55:02.939216,1779368102.9392169,TRAIN_EPOCH,13,0.485,80.0,,,,,  Epoch 13  Loss=0.4850  Acc=80.0%
2026-05-21T15:55:03.088625,1779368103.0886252,TRAIN_EPOCH,14,0.4806,80.0,,,,,  Epoch 14  Loss=0.4806  Acc=80.0%
2026-05-21T15:55:03.089669,1779368103.0896695,VALIDATION,,,,70.0,10,,,[ACCURACY] Validation: 70.0% (n=10)
2026-05-21T15:55:03.090667,1779368103.090667,FL,,,,,,,"B1 pre-pack: min=-7.0909, max=5.2361, mean=0.0030","[FL] B1 pre-pack: min=-7.0909, max=5.2361, mean=0.0030"
2026-05-21T15:55:03.095160,1779368103.0951602,FL,,,,,,,Model sent (72 bytes),[FL] Model sent (72 bytes)
2026-05-21T15:55:03.095637,1779368103.0956378,NEW_SAMPLE,,,,,30,horse,,[DATA] class=horse (n=30)
2026-05-21T15:55:03.308054,1779368103.3080547,BLE,,,,,,,Received global model (64 bytes),[BLE] Received global model (64 bytes)
2026-05-21T15:55:03.309406,1779368103.309406,FL,,,,,,,Global model updated (Adam reset),[FL] Global model updated (Adam reset)
2026-05-21T15:55:03.311057,1779368103.311057,FL,,,,,,,"B1 unpacked: min=-7.4803, max=5.3543, mean=-0.0098","[FL] B1 unpacked: min=-7.4803, max=5.3543, mean=-0.0098"
2026-05-21T15:55:05.097895,1779368105.0978956,NEW_SAMPLE,,,,,30,other,,[DATA] class=other (n=30)
2026-05-21T15:55:07.100507,1779368107.1005075,NEW_SAMPLE,,,,,30,cat,,[DATA] class=cat (n=30)
2026-05-21T15:55:09.094413,1779368109.0944133,NEW_SAMPLE,,,,,30,dog,,[DATA] class=dog (n=30)
2026-05-21T15:55:11.101012,1779368111.1010125,NEW_SAMPLE,,,,,30,horse,,[DATA] class=horse (n=30)
2026-05-21T15:55:13.097572,1779368113.0975723,NEW_SAMPLE,,,,,30,other,,[DATA] class=other (n=30)
2026-05-21T15:55:15.103073,1779368115.1030734,NEW_SAMPLE,,,,,30,dog,,[DATA] class=dog (n=30)
2026-05-21T15:55:17.098522,1779368117.0985222,NEW_SAMPLE,,,,,30,horse,,[DATA] class=horse (n=30)
2026-05-21T15:55:19.097148,1779368119.0971482,NEW_SAMPLE,,,,,30,other,,[DATA] class=other (n=30)
2026-05-21T15:55:20.844190,1779368120.8441908,FL,,,,,,,Local training (4-class cross-entropy),[FL] Local training (4-class cross-entropy)
2026-05-21T15:55:20.981536,1779368120.9815366,TRAIN_EPOCH,0,0.5921,70.0,,,,,  Epoch  0  Loss=0.5921  Acc=70.0%
2026-05-21T15:55:21.130652,1779368121.1306527,TRAIN_EPOCH,1,0.5546,70.0,,,,,  Epoch  1  Loss=0.5546  Acc=70.0%
2026-05-21T15:55:21.280005,1779368121.2800057,TRAIN_EPOCH,2,0.5469,73.3,,,,,  Epoch  2  Loss=0.5469  Acc=73.3%
2026-05-21T15:55:21.429415,1779368121.429415,TRAIN_EPOCH,3,0.5398,73.3,,,,,  Epoch  3  Loss=0.5398  Acc=73.3%
2026-05-21T15:55:21.589308,1779368121.589309,TRAIN_EPOCH,4,0.5343,73.3,,,,,  Epoch  4  Loss=0.5343  Acc=73.3%
2026-05-21T15:55:21.737448,1779368121.7374485,TRAIN_EPOCH,5,0.5296,76.7,,,,,  Epoch  5  Loss=0.5296  Acc=76.7%
2026-05-21T15:55:21.886048,1779368121.8860483,TRAIN_EPOCH,6,0.5255,76.7,,,,,  Epoch  6  Loss=0.5255  Acc=76.7%
2026-05-21T15:55:22.034343,1779368122.0343432,TRAIN_EPOCH,7,0.5203,73.3,,,,,  Epoch  7  Loss=0.5203  Acc=73.3%
2026-05-21T15:55:22.182740,1779368122.1827404,TRAIN_EPOCH,8,0.519,73.3,,,,,  Epoch  8  Loss=0.5190  Acc=73.3%
2026-05-21T15:55:22.331279,1779368122.3312795,TRAIN_EPOCH,9,0.5134,73.3,,,,,  Epoch  9  Loss=0.5134  Acc=73.3%
2026-05-21T15:55:22.480928,1779368122.480928,TRAIN_EPOCH,10,0.5146,73.3,,,,,  Epoch 10  Loss=0.5146  Acc=73.3%
2026-05-21T15:55:22.640514,1779368122.6405144,TRAIN_EPOCH,11,0.5097,73.3,,,,,  Epoch 11  Loss=0.5097  Acc=73.3%
2026-05-21T15:55:22.790405,1779368122.7904058,TRAIN_EPOCH,12,0.5103,73.3,,,,,  Epoch 12  Loss=0.5103  Acc=73.3%
2026-05-21T15:55:22.938463,1779368122.9384632,TRAIN_EPOCH,13,0.5066,73.3,,,,,  Epoch 13  Loss=0.5066  Acc=73.3%
2026-05-21T15:55:23.087507,1779368123.0875077,TRAIN_EPOCH,14,0.5073,73.3,,,,,  Epoch 14  Loss=0.5073  Acc=73.3%
2026-05-21T15:55:23.090098,1779368123.0900981,VALIDATION,,,,90.0,10,,,[ACCURACY] Validation: 90.0% (n=10)
2026-05-21T15:55:23.093094,1779368123.0930946,FL,,,,,,,"B1 pre-pack: min=-7.2932, max=5.3222, mean=-0.0362","[FL] B1 pre-pack: min=-7.2932, max=5.3222, mean=-0.0362"
2026-05-21T15:55:23.094051,1779368123.0940511,FL,,,,,,,Model sent (72 bytes),[FL] Model sent (72 bytes)
2026-05-21T15:55:23.095043,1779368123.0950437,NEW_SAMPLE,,,,,30,cat,,[DATA] class=cat (n=30)
2026-05-21T15:55:23.222337,1779368123.2223377,BLE,,,,,,,Received global model (64 bytes),[BLE] Received global model (64 bytes)
2026-05-21T15:55:23.225025,1779368123.2250252,FL,,,,,,,Global model updated (Adam reset),[FL] Global model updated (Adam reset)
2026-05-21T15:55:23.226913,1779368123.226913,FL,,,,,,,"B1 unpacked: min=-7.4016, max=5.3543, mean=-0.0172","[FL] B1 unpacked: min=-7.4016, max=5.3543, mean=-0.0172"
2026-05-21T15:55:25.097672,1779368125.0976725,NEW_SAMPLE,,,,,30,cat,,[DATA] class=cat (n=30)
2026-05-21T15:55:27.100465,1779368127.100466,NEW_SAMPLE,,,,,30,other,,[DATA] class=other (n=30)
2026-05-21T15:55:29.099049,1779368129.0990498,NEW_SAMPLE,,,,,30,cat,,[DATA] class=cat (n=30)
2026-05-21T15:55:31.096822,1779368131.0968227,NEW_SAMPLE,,,,,30,cat,,[DATA] class=cat (n=30)
2026-05-21T15:55:33.095859,1779368133.0958593,NEW_SAMPLE,,,,,30,cat,,[DATA] class=cat (n=30)
2026-05-21T15:55:35.099317,1779368135.0993173,NEW_SAMPLE,,,,,30,other,,[DATA] class=other (n=30)
2026-05-21T15:55:37.094601,1779368137.0946012,NEW_SAMPLE,,,,,30,dog,,[DATA] class=dog (n=30)
2026-05-21T15:55:39.100677,1779368139.100677,NEW_SAMPLE,,,,,30,horse,,[DATA] class=horse (n=30)
2026-05-21T15:55:40.838897,1779368140.8388977,FL,,,,,,,Local training (4-class cross-entropy),[FL] Local training (4-class cross-entropy)
2026-05-21T15:55:40.986946,1779368140.9869466,TRAIN_EPOCH,0,0.6433,73.3,,,,,  Epoch  0  Loss=0.6433  Acc=73.3%
2026-05-21T15:55:41.135197,1779368141.1351972,TRAIN_EPOCH,1,0.6007,66.7,,,,,  Epoch  1  Loss=0.6007  Acc=66.7%
2026-05-21T15:55:41.284713,1779368141.2847135,TRAIN_EPOCH,2,0.591,66.7,,,,,  Epoch  2  Loss=0.5910  Acc=66.7%
2026-05-21T15:55:41.431867,1779368141.4318676,TRAIN_EPOCH,3,0.5758,70.0,,,,,  Epoch  3  Loss=0.5758  Acc=70.0%
2026-05-21T15:55:41.581570,1779368141.5815706,TRAIN_EPOCH,4,0.5649,70.0,,,,,  Epoch  4  Loss=0.5649  Acc=70.0%
2026-05-21T15:55:41.729816,1779368141.7298164,TRAIN_EPOCH,5,0.5555,70.0,,,,,  Epoch  5  Loss=0.5555  Acc=70.0%
2026-05-21T15:55:41.889796,1779368141.889796,TRAIN_EPOCH,6,0.5457,73.3,,,,,  Epoch  6  Loss=0.5457  Acc=73.3%
2026-05-21T15:55:42.037803,1779368142.0378032,TRAIN_EPOCH,7,0.5415,73.3,,,,,  Epoch  7  Loss=0.5415  Acc=73.3%
2026-05-21T15:55:42.185780,1779368142.1857805,TRAIN_EPOCH,8,0.531,73.3,,,,,  Epoch  8  Loss=0.5310  Acc=73.3%
2026-05-21T15:55:42.333958,1779368142.3339589,TRAIN_EPOCH,9,0.5276,73.3,,,,,  Epoch  9  Loss=0.5276  Acc=73.3%
2026-05-21T15:55:42.482669,1779368142.4826698,TRAIN_EPOCH,10,0.5207,73.3,,,,,  Epoch 10  Loss=0.5207  Acc=73.3%
2026-05-21T15:55:42.639414,1779368142.6394145,TRAIN_EPOCH,11,0.5146,73.3,,,,,  Epoch 11  Loss=0.5146  Acc=73.3%
2026-05-21T15:55:42.786285,1779368142.7862852,TRAIN_EPOCH,12,0.5126,76.7,,,,,  Epoch 12  Loss=0.5126  Acc=76.7%
2026-05-21T15:55:42.935147,1779368142.9351473,TRAIN_EPOCH,13,0.5072,76.7,,,,,  Epoch 13  Loss=0.5072  Acc=76.7%
2026-05-21T15:55:43.092594,1779368143.0925946,TRAIN_EPOCH,14,0.5047,76.7,,,,,  Epoch 14  Loss=0.5047  Acc=76.7%
2026-05-21T15:55:43.093596,1779368143.0935967,VALIDATION,,,,80.0,10,,,[ACCURACY] Validation: 80.0% (n=10)
2026-05-21T15:55:43.093596,1779368143.0935967,FL,,,,,,,"B1 pre-pack: min=-7.7727, max=4.5603, mean=0.0359","[FL] B1 pre-pack: min=-7.7727, max=4.5603, mean=0.0359"
2026-05-21T15:55:43.094733,1779368143.0947337,FL,,,,,,,Model sent (72 bytes),[FL] Model sent (72 bytes)
2026-05-21T15:55:43.095101,1779368143.095101,NEW_SAMPLE,,,,,30,horse,,[DATA] class=horse (n=30)
2026-05-21T15:55:43.262544,1779368143.2625444,BLE,,,,,,,Received global model (64 bytes),[BLE] Received global model (64 bytes)
2026-05-21T15:55:43.265698,1779368143.2656982,FL,,,,,,,Global model updated (Adam reset),[FL] Global model updated (Adam reset)
2026-05-21T15:55:43.265698,1779368143.2656982,FL,,,,,,,"B1 unpacked: min=-7.5591, max=4.9606, mean=0.0025","[FL] B1 unpacked: min=-7.5591, max=4.9606, mean=0.0025"
2026-05-21T15:55:45.096830,1779368145.096831,NEW_SAMPLE,,,,,30,dog,,[DATA] class=dog (n=30)
2026-05-21T15:55:47.094518,1779368147.094519,NEW_SAMPLE,,,,,30,cat,,[DATA] class=cat (n=30)
2026-05-21T15:55:49.101952,1779368149.1019523,NEW_SAMPLE,,,,,30,dog,,[DATA] class=dog (n=30)
2026-05-21T15:55:51.100208,1779368151.1002083,NEW_SAMPLE,,,,,30,cat,,[DATA] class=cat (n=30)
2026-05-21T15:55:53.099725,1779368153.0997257,NEW_SAMPLE,,,,,30,cat,,[DATA] class=cat (n=30)
2026-05-21T15:55:55.095663,1779368155.095663,NEW_SAMPLE,,,,,30,horse,,[DATA] class=horse (n=30)
2026-05-21T15:55:57.100398,1779368157.100398,NEW_SAMPLE,,,,,30,dog,,[DATA] class=dog (n=30)
2026-05-21T15:55:59.100316,1779368159.1003165,NEW_SAMPLE,,,,,30,horse,,[DATA] class=horse (n=30)
2026-05-21T15:56:00.839028,1779368160.8390286,FL,,,,,,,Local training (4-class cross-entropy),[FL] Local training (4-class cross-entropy)
2026-05-21T15:56:00.985948,1779368160.985949,TRAIN_EPOCH,0,0.6022,76.7,,,,,  Epoch  0  Loss=0.6022  Acc=76.7%
2026-05-21T15:56:01.135159,1779368161.1351597,TRAIN_EPOCH,1,0.5652,73.3,,,,,  Epoch  1  Loss=0.5652  Acc=73.3%
2026-05-21T15:56:01.283989,1779368161.2839892,TRAIN_EPOCH,2,0.5571,76.7,,,,,  Epoch  2  Loss=0.5571  Acc=76.7%
2026-05-21T15:56:01.431879,1779368161.4318793,TRAIN_EPOCH,3,0.5504,76.7,,,,,  Epoch  3  Loss=0.5504  Acc=76.7%
2026-05-21T15:56:01.580224,1779368161.5802248,TRAIN_EPOCH,4,0.545,76.7,,,,,  Epoch  4  Loss=0.5450  Acc=76.7%
2026-05-21T15:56:01.739542,1779368161.7395427,TRAIN_EPOCH,5,0.5417,73.3,,,,,  Epoch  5  Loss=0.5417  Acc=73.3%
2026-05-21T15:56:01.886031,1779368161.8860314,TRAIN_EPOCH,6,0.5384,73.3,,,,,  Epoch  6  Loss=0.5384  Acc=73.3%
2026-05-21T15:56:02.033576,1779368162.0335767,TRAIN_EPOCH,7,0.5358,73.3,,,,,  Epoch  7  Loss=0.5358  Acc=73.3%
2026-05-21T15:56:02.178845,1779368162.178845,TRAIN_EPOCH,8,0.5327,73.3,,,,,  Epoch  8  Loss=0.5327  Acc=73.3%
2026-05-21T15:56:02.336789,1779368162.336789,TRAIN_EPOCH,9,0.5313,73.3,,,,,  Epoch  9  Loss=0.5313  Acc=73.3%
2026-05-21T15:56:02.485790,1779368162.4857905,TRAIN_EPOCH,10,0.5288,73.3,,,,,  Epoch 10  Loss=0.5288  Acc=73.3%
2026-05-21T15:56:02.634576,1779368162.6345763,TRAIN_EPOCH,11,0.5278,73.3,,,,,  Epoch 11  Loss=0.5278  Acc=73.3%
2026-05-21T15:56:02.782133,1779368162.7821338,TRAIN_EPOCH,12,0.5252,73.3,,,,,  Epoch 12  Loss=0.5252  Acc=73.3%
2026-05-21T15:56:02.939991,1779368162.9399912,TRAIN_EPOCH,13,0.5247,73.3,,,,,  Epoch 13  Loss=0.5247  Acc=73.3%
2026-05-21T15:56:03.087893,1779368163.0878937,TRAIN_EPOCH,14,0.5224,73.3,,,,,  Epoch 14  Loss=0.5224  Acc=73.3%
2026-05-21T15:56:03.090173,1779368163.0901737,VALIDATION,,,,60.0,10,,,[ACCURACY] Validation: 60.0% (n=10)
2026-05-21T15:56:03.090505,1779368163.0905054,FL,,,,,,,"B1 pre-pack: min=-7.8478, max=4.3738, mean=0.0360","[FL] B1 pre-pack: min=-7.8478, max=4.3738, mean=0.0360"
2026-05-21T15:56:03.095190,1779368163.0951905,FL,,,,,,,Model sent (72 bytes),[FL] Model sent (72 bytes)
2026-05-21T15:56:03.095687,1779368163.0956872,NEW_SAMPLE,,,,,30,horse,,[DATA] class=horse (n=30)
2026-05-21T15:56:03.243326,1779368163.243326,BLE,,,,,,,Received global model (64 bytes),[BLE] Received global model (64 bytes)
2026-05-21T15:56:03.245577,1779368163.2455778,FL,,,,,,,Global model updated (Adam reset),[FL] Global model updated (Adam reset)
2026-05-21T15:56:03.248730,1779368163.248731,FL,,,,,,,"B1 unpacked: min=-7.7165, max=4.5669, mean=0.0246","[FL] B1 unpacked: min=-7.7165, max=4.5669, mean=0.0246"
2026-05-21T15:56:05.100345,1779368165.1003456,NEW_SAMPLE,,,,,30,dog,,[DATA] class=dog (n=30)
2026-05-21T15:56:07.097590,1779368167.0977662,NEW_SAMPLE,,,,,30,dog,,[DATA] class=dog (n=30)
2026-05-21T15:56:09.092276,1779368169.0922768,NEW_SAMPLE,,,,,30,other,,[DATA] class=other (n=30)
2026-05-21T15:56:11.096049,1779368171.0960493,NEW_SAMPLE,,,,,30,dog,,[DATA] class=dog (n=30)
2026-05-21T15:56:13.100137,1779368173.1001375,NEW_SAMPLE,,,,,30,other,,[DATA] class=other (n=30)
2026-05-21T15:56:15.102652,1779368175.1026528,NEW_SAMPLE,,,,,30,horse,,[DATA] class=horse (n=30)
2026-05-21T15:56:17.100668,1779368177.1006684,NEW_SAMPLE,,,,,30,horse,,[DATA] class=horse (n=30)
2026-05-21T15:56:19.098557,1779368179.0985575,NEW_SAMPLE,,,,,30,horse,,[DATA] class=horse (n=30)
2026-05-21T15:56:20.841152,1779368180.841153,FL,,,,,,,Local training (4-class cross-entropy),[FL] Local training (4-class cross-entropy)
2026-05-21T15:56:20.980113,1779368180.9801133,TRAIN_EPOCH,0,0.6272,76.7,,,,,  Epoch  0  Loss=0.6272  Acc=76.7%
2026-05-21T15:56:21.137293,1779368181.1372933,TRAIN_EPOCH,1,0.593,80.0,,,,,  Epoch  1  Loss=0.5930  Acc=80.0%
2026-05-21T15:56:21.287122,1779368181.2871227,TRAIN_EPOCH,2,0.5851,80.0,,,,,  Epoch  2  Loss=0.5851  Acc=80.0%
2026-05-21T15:56:21.435928,1779368181.4359283,TRAIN_EPOCH,3,0.5795,76.7,,,,,  Epoch  3  Loss=0.5795  Acc=76.7%
2026-05-21T15:56:21.582748,1779368181.582748,TRAIN_EPOCH,4,0.5748,76.7,,,,,  Epoch  4  Loss=0.5748  Acc=76.7%
2026-05-21T15:56:21.732029,1779368181.732029,TRAIN_EPOCH,5,0.5707,80.0,,,,,  Epoch  5  Loss=0.5707  Acc=80.0%
2026-05-21T15:56:21.889746,1779368181.8897464,TRAIN_EPOCH,6,0.5669,80.0,,,,,  Epoch  6  Loss=0.5669  Acc=80.0%
2026-05-21T15:56:22.039751,1779368182.0397518,TRAIN_EPOCH,7,0.5633,80.0,,,,,  Epoch  7  Loss=0.5633  Acc=80.0%
2026-05-21T15:56:22.189039,1779368182.189039,TRAIN_EPOCH,8,0.5597,80.0,,,,,  Epoch  8  Loss=0.5597  Acc=80.0%
2026-05-21T15:56:22.337216,1779368182.337216,TRAIN_EPOCH,9,0.5562,80.0,,,,,  Epoch  9  Loss=0.5562  Acc=80.0%
2026-05-21T15:56:22.484752,1779368182.4847527,TRAIN_EPOCH,10,0.5531,80.0,,,,,  Epoch 10  Loss=0.5531  Acc=80.0%
2026-05-21T15:56:22.633566,1779368182.6335664,TRAIN_EPOCH,11,0.5499,80.0,,,,,  Epoch 11  Loss=0.5499  Acc=80.0%
2026-05-21T15:56:22.781228,1779368182.7812285,TRAIN_EPOCH,12,0.5472,80.0,,,,,  Epoch 12  Loss=0.5472  Acc=80.0%
2026-05-21T15:56:22.939962,1779368182.9399621,TRAIN_EPOCH,13,0.5442,80.0,,,,,  Epoch 13  Loss=0.5442  Acc=80.0%
2026-05-21T15:56:23.088342,1779368183.0883427,TRAIN_EPOCH,14,0.5417,80.0,,,,,  Epoch 14  Loss=0.5417  Acc=80.0%
2026-05-21T15:56:23.090079,1779368183.090079,VALIDATION,,,,100.0,10,,,[ACCURACY] Validation: 100.0% (n=10)
2026-05-21T15:56:23.090417,1779368183.0904174,FL,,,,,,,"B1 pre-pack: min=-8.5568, max=4.7050, mean=0.0861","[FL] B1 pre-pack: min=-8.5568, max=4.7050, mean=0.0861"
2026-05-21T15:56:23.094908,1779368183.094908,FL,,,,,,,Model sent (72 bytes),[FL] Model sent (72 bytes)
2026-05-21T15:56:23.095435,1779368183.095435,NEW_SAMPLE,,,,,30,cat,,[DATA] class=cat (n=30)
2026-05-21T15:56:23.222121,1779368183.2221215,BLE,,,,,,,Received global model (64 bytes),[BLE] Received global model (64 bytes)
2026-05-21T15:56:23.225677,1779368183.2256775,FL,,,,,,,Global model updated (Adam reset),[FL] Global model updated (Adam reset)
2026-05-21T15:56:23.226176,1779368183.226177,FL,,,,,,,"B1 unpacked: min=-8.1890, max=4.4882, mean=0.0541","[FL] B1 unpacked: min=-8.1890, max=4.4882, mean=0.0541"
2026-05-21T15:56:25.098424,1779368185.0984244,NEW_SAMPLE,,,,,30,dog,,[DATA] class=dog (n=30)
2026-05-21T15:56:27.103477,1779368187.1034772,NEW_SAMPLE,,,,,30,horse,,[DATA] class=horse (n=30)
2026-05-21T15:56:29.099753,1779368189.0997534,NEW_SAMPLE,,,,,30,other,,[DATA] class=other (n=30)
2026-05-21T15:56:31.096430,1779368191.0964303,NEW_SAMPLE,,,,,30,cat,,[DATA] class=cat (n=30)
2026-05-21T15:56:33.093839,1779368193.0938394,NEW_SAMPLE,,,,,30,cat,,[DATA] class=cat (n=30)
2026-05-21T15:56:35.099510,1779368195.0995107,NEW_SAMPLE,,,,,30,other,,[DATA] class=other (n=30)
2026-05-21T15:56:37.096533,1779368197.096533,NEW_SAMPLE,,,,,30,horse,,[DATA] class=horse (n=30)
2026-05-21T15:56:39.100359,1779368199.1003592,NEW_SAMPLE,,,,,30,dog,,[DATA] class=dog (n=30)
2026-05-21T15:56:40.845562,1779368200.8455625,FL,,,,,,,Local training (4-class cross-entropy),[FL] Local training (4-class cross-entropy)
2026-05-21T15:56:40.981798,1779368200.9817986,TRAIN_EPOCH,0,0.661,80.0,,,,,  Epoch  0  Loss=0.6610  Acc=80.0%
2026-05-21T15:56:41.129795,1779368201.129795,TRAIN_EPOCH,1,0.6274,76.7,,,,,  Epoch  1  Loss=0.6274  Acc=76.7%
2026-05-21T15:56:41.287988,1779368201.2879884,TRAIN_EPOCH,2,0.6166,73.3,,,,,  Epoch  2  Loss=0.6166  Acc=73.3%
2026-05-21T15:56:41.436207,1779368201.4362075,TRAIN_EPOCH,3,0.6085,73.3,,,,,  Epoch  3  Loss=0.6085  Acc=73.3%
2026-05-21T15:56:41.584315,1779368201.584315,TRAIN_EPOCH,4,0.6024,76.7,,,,,  Epoch  4  Loss=0.6024  Acc=76.7%
2026-05-21T15:56:41.733100,1779368201.733101,TRAIN_EPOCH,5,0.597,76.7,,,,,  Epoch  5  Loss=0.5970  Acc=76.7%
2026-05-21T15:56:41.881564,1779368201.8815644,TRAIN_EPOCH,6,0.5922,76.7,,,,,  Epoch  6  Loss=0.5922  Acc=76.7%
2026-05-21T15:56:42.030177,1779368202.030177,TRAIN_EPOCH,7,0.5879,76.7,,,,,  Epoch  7  Loss=0.5879  Acc=76.7%
2026-05-21T15:56:42.187932,1779368202.1879323,TRAIN_EPOCH,8,0.5838,76.7,,,,,  Epoch  8  Loss=0.5838  Acc=76.7%
2026-05-21T15:56:42.333385,1779368202.333386,TRAIN_EPOCH,9,0.58,76.7,,,,,  Epoch  9  Loss=0.5800  Acc=76.7%
2026-05-21T15:56:42.480464,1779368202.4804647,TRAIN_EPOCH,10,0.5763,76.7,,,,,  Epoch 10  Loss=0.5763  Acc=76.7%
2026-05-21T15:56:42.639646,1779368202.6396465,TRAIN_EPOCH,11,0.5729,76.7,,,,,  Epoch 11  Loss=0.5729  Acc=76.7%
2026-05-21T15:56:42.788621,1779368202.7886214,TRAIN_EPOCH,12,0.5697,76.7,,,,,  Epoch 12  Loss=0.5697  Acc=76.7%
2026-05-21T15:56:42.936077,1779368202.9360774,TRAIN_EPOCH,13,0.5665,80.0,,,,,  Epoch 13  Loss=0.5665  Acc=80.0%
2026-05-21T15:56:43.094533,1779368203.094534,TRAIN_EPOCH,14,0.5635,80.0,,,,,  Epoch 14  Loss=0.5635  Acc=80.0%
2026-05-21T15:56:43.097732,1779368203.0977328,VALIDATION,,,,90.0,10,,,[ACCURACY] Validation: 90.0% (n=10)
2026-05-21T15:56:43.100227,1779368203.100227,FL,,,,,,,"B1 pre-pack: min=-8.3395, max=4.6807, mean=0.1147","[FL] B1 pre-pack: min=-8.3395, max=4.6807, mean=0.1147"
2026-05-21T15:56:43.101186,1779368203.1011863,FL,,,,,,,Model sent (72 bytes),[FL] Model sent (72 bytes)
2026-05-21T15:56:43.101186,1779368203.1011863,NEW_SAMPLE,,,,,30,other,,[DATA] class=other (n=30)
2026-05-21T15:56:43.269943,1779368203.2699437,BLE,,,,,,,Received global model (64 bytes),[BLE] Received global model (64 bytes)
2026-05-21T15:56:43.270943,1779368203.2709436,FL,,,,,,,Global model updated (Adam reset),[FL] Global model updated (Adam reset)
2026-05-21T15:56:43.270943,1779368203.2709436,FL,,,,,,,"B1 unpacked: min=-8.2677, max=4.5669, mean=0.0837","[FL] B1 unpacked: min=-8.2677, max=4.5669, mean=0.0837"
2026-05-21T15:56:45.095054,1779368205.0950544,NEW_SAMPLE,,,,,30,horse,,[DATA] class=horse (n=30)
2026-05-21T15:56:47.095407,1779368207.095408,NEW_SAMPLE,,,,,30,dog,,[DATA] class=dog (n=30)
2026-05-21T15:56:49.092069,1779368209.0920691,NEW_SAMPLE,,,,,30,horse,,[DATA] class=horse (n=30)
2026-05-21T15:56:51.101210,1779368211.1012106,NEW_SAMPLE,,,,,30,other,,[DATA] class=other (n=30)
2026-05-21T15:56:53.096124,1779368213.0961244,NEW_SAMPLE,,,,,30,other,,[DATA] class=other (n=30)
2026-05-21T15:56:55.102081,1779368215.102081,NEW_SAMPLE,,,,,30,other,,[DATA] class=other (n=30)
2026-05-21T15:56:57.101836,1779368217.1018362,NEW_SAMPLE,,,,,30,dog,,[DATA] class=dog (n=30)
2026-05-21T15:56:59.097306,1779368219.0973067,NEW_SAMPLE,,,,,30,cat,,[DATA] class=cat (n=30)
2026-05-21T15:57:00.844170,1779368220.8441706,FL,,,,,,,Local training (4-class cross-entropy),[FL] Local training (4-class cross-entropy)
2026-05-21T15:57:00.982403,1779368220.982403,TRAIN_EPOCH,0,0.6342,80.0,,,,,  Epoch  0  Loss=0.6342  Acc=80.0%
2026-05-21T15:57:01.131113,1779368221.1311135,TRAIN_EPOCH,1,0.5266,90.0,,,,,  Epoch  1  Loss=0.5266  Acc=90.0%
2026-05-21T15:57:01.279217,1779368221.2792175,TRAIN_EPOCH,2,0.492,93.3,,,,,  Epoch  2  Loss=0.4920  Acc=93.3%
2026-05-21T15:57:01.439395,1779368221.4393957,TRAIN_EPOCH,3,0.4736,93.3,,,,,  Epoch  3  Loss=0.4736  Acc=93.3%
2026-05-21T15:57:01.586802,1779368221.5868027,TRAIN_EPOCH,4,0.463,90.0,,,,,  Epoch  4  Loss=0.4630  Acc=90.0%
2026-05-21T15:57:01.733908,1779368221.7339082,TRAIN_EPOCH,5,0.4551,90.0,,,,,  Epoch  5  Loss=0.4551  Acc=90.0%
2026-05-21T15:57:01.882327,1779368221.8823278,TRAIN_EPOCH,6,0.4476,90.0,,,,,  Epoch  6  Loss=0.4476  Acc=90.0%
2026-05-21T15:57:02.030650,1779368222.0306506,TRAIN_EPOCH,7,0.4421,90.0,,,,,  Epoch  7  Loss=0.4421  Acc=90.0%
2026-05-21T15:57:02.189923,1779368222.1899238,TRAIN_EPOCH,8,0.4362,90.0,,,,,  Epoch  8  Loss=0.4362  Acc=90.0%
2026-05-21T15:57:02.338348,1779368222.3383484,TRAIN_EPOCH,9,0.4315,90.0,,,,,  Epoch  9  Loss=0.4315  Acc=90.0%
2026-05-21T15:57:02.485934,1779368222.485934,TRAIN_EPOCH,10,0.427,90.0,,,,,  Epoch 10  Loss=0.4270  Acc=90.0%
2026-05-21T15:57:02.633821,1779368222.6338212,TRAIN_EPOCH,11,0.423,90.0,,,,,  Epoch 11  Loss=0.4230  Acc=90.0%
2026-05-21T15:57:02.790273,1779368222.790273,TRAIN_EPOCH,12,0.4188,90.0,,,,,  Epoch 12  Loss=0.4188  Acc=90.0%
2026-05-21T15:57:02.940491,1779368222.9404912,TRAIN_EPOCH,13,0.415,90.0,,,,,  Epoch 13  Loss=0.4150  Acc=90.0%
2026-05-21T15:57:03.087443,1779368223.087443,TRAIN_EPOCH,14,0.4113,90.0,,,,,  Epoch 14  Loss=0.4113  Acc=90.0%
2026-05-21T15:57:03.090115,1779368223.0901155,VALIDATION,,,,100.0,10,,,[ACCURACY] Validation: 100.0% (n=10)
2026-05-21T15:57:03.090451,1779368223.090452,FL,,,,,,,"B1 pre-pack: min=-9.2490, max=4.7051, mean=0.0808","[FL] B1 pre-pack: min=-9.2490, max=4.7051, mean=0.0808"
2026-05-21T15:57:03.095016,1779368223.095016,FL,,,,,,,Model sent (72 bytes),[FL] Model sent (72 bytes)
2026-05-21T15:57:03.095501,1779368223.0955014,NEW_SAMPLE,,,,,30,cat,,[DATA] class=cat (n=30)
2026-05-21T15:57:03.241179,1779368223.241179,BLE,,,,,,,Received global model (64 bytes),[BLE] Received global model (64 bytes)
2026-05-21T15:57:03.246380,1779368223.2463808,FL,,,,,,,Global model updated (Adam reset),[FL] Global model updated (Adam reset)
2026-05-21T15:57:03.247483,1779368223.2474833,FL,,,,,,,"B1 unpacked: min=-8.7402, max=4.6457, mean=0.0886","[FL] B1 unpacked: min=-8.7402, max=4.6457, mean=0.0886"
2026-05-21T15:57:05.094912,1779368225.0949125,NEW_SAMPLE,,,,,30,dog,,[DATA] class=dog (n=30)
2026-05-21T15:57:07.093184,1779368227.093184,NEW_SAMPLE,,,,,30,other,,[DATA] class=other (n=30)
2026-05-21T15:57:09.099432,1779368229.0994322,NEW_SAMPLE,,,,,30,horse,,[DATA] class=horse (n=30)
2026-05-21T15:57:11.097538,1779368231.0975387,NEW_SAMPLE,,,,,30,horse,,[DATA] class=horse (n=30)
2026-05-21T15:57:13.093510,1779368233.0935106,NEW_SAMPLE,,,,,30,dog,,[DATA] class=dog (n=30)
2026-05-21T15:57:15.099177,1779368235.0991778,NEW_SAMPLE,,,,,30,dog,,[DATA] class=dog (n=30)
2026-05-21T15:57:17.095555,1779368237.095555,NEW_SAMPLE,,,,,30,horse,,[DATA] class=horse (n=30)
2026-05-21T15:57:19.099080,1779368239.0990808,NEW_SAMPLE,,,,,30,dog,,[DATA] class=dog (n=30)
2026-05-21T15:57:20.837428,1779368240.8374286,FL,,,,,,,Local training (4-class cross-entropy),[FL] Local training (4-class cross-entropy)
2026-05-21T15:57:20.984545,1779368240.9845457,TRAIN_EPOCH,0,0.6441,70.0,,,,,  Epoch  0  Loss=0.6441  Acc=70.0%
2026-05-21T15:57:21.133288,1779368241.1332884,TRAIN_EPOCH,1,0.5519,83.3,,,,,  Epoch  1  Loss=0.5519  Acc=83.3%
2026-05-21T15:57:21.282077,1779368241.282077,TRAIN_EPOCH,2,0.5333,83.3,,,,,  Epoch  2  Loss=0.5333  Acc=83.3%
2026-05-21T15:57:21.429950,1779368241.4299505,TRAIN_EPOCH,3,0.5155,83.3,,,,,  Epoch  3  Loss=0.5155  Acc=83.3%
2026-05-21T15:57:21.589737,1779368241.5897377,TRAIN_EPOCH,4,0.502,83.3,,,,,  Epoch  4  Loss=0.5020  Acc=83.3%
2026-05-21T15:57:21.739727,1779368241.739727,TRAIN_EPOCH,5,0.4897,83.3,,,,,  Epoch  5  Loss=0.4897  Acc=83.3%
2026-05-21T15:57:21.888989,1779368241.888989,TRAIN_EPOCH,6,0.479,83.3,,,,,  Epoch  6  Loss=0.4790  Acc=83.3%
2026-05-21T15:57:22.040177,1779368242.0401778,TRAIN_EPOCH,7,0.4705,83.3,,,,,  Epoch  7  Loss=0.4705  Acc=83.3%
2026-05-21T15:57:22.189130,1779368242.1891305,TRAIN_EPOCH,8,0.4627,83.3,,,,,  Epoch  8  Loss=0.4627  Acc=83.3%
2026-05-21T15:57:22.336927,1779368242.3369274,TRAIN_EPOCH,9,0.4557,83.3,,,,,  Epoch  9  Loss=0.4557  Acc=83.3%
2026-05-21T15:57:22.485090,1779368242.4850903,TRAIN_EPOCH,10,0.4495,83.3,,,,,  Epoch 10  Loss=0.4495  Acc=83.3%
2026-05-21T15:57:22.633570,1779368242.63357,TRAIN_EPOCH,11,0.4437,86.7,,,,,  Epoch 11  Loss=0.4437  Acc=86.7%
2026-05-21T15:57:22.780493,1779368242.7804937,TRAIN_EPOCH,12,0.4384,86.7,,,,,  Epoch 12  Loss=0.4384  Acc=86.7%
2026-05-21T15:57:22.938346,1779368242.9383469,TRAIN_EPOCH,13,0.4335,83.3,,,,,  Epoch 13  Loss=0.4335  Acc=83.3%
2026-05-21T15:57:23.085691,1779368243.085692,TRAIN_EPOCH,14,0.4289,83.3,,,,,  Epoch 14  Loss=0.4289  Acc=83.3%
2026-05-21T15:57:23.089957,1779368243.0899575,VALIDATION,,,,90.0,10,,,[ACCURACY] Validation: 90.0% (n=10)
2026-05-21T15:57:23.092955,1779368243.0929558,FL,,,,,,,"B1 pre-pack: min=-10.3362, max=5.3811, mean=0.0774","[FL] B1 pre-pack: min=-10.3362, max=5.3811, mean=0.0774"
2026-05-21T15:57:23.094955,1779368243.0949552,FL,,,,,,,Model sent (72 bytes),[FL] Model sent (72 bytes)
2026-05-21T15:57:23.096979,1779368243.0969799,NEW_SAMPLE,,,,,30,horse,,[DATA] class=horse (n=30)
2026-05-21T15:57:23.223841,1779368243.2238414,BLE,,,,,,,Received global model (64 bytes),[BLE] Received global model (64 bytes)
2026-05-21T15:57:23.228383,1779368243.2283838,FL,,,,,,,Global model updated (Adam reset),[FL] Global model updated (Adam reset)
2026-05-21T15:57:23.230412,1779368243.2304122,FL,,,,,,,"B1 unpacked: min=-9.3701, max=4.9606, mean=0.0861","[FL] B1 unpacked: min=-9.3701, max=4.9606, mean=0.0861"
2026-05-21T15:57:25.094660,1779368245.09466,NEW_SAMPLE,,,,,30,cat,,[DATA] class=cat (n=30)
2026-05-21T15:57:27.102152,1779368247.1021519,NEW_SAMPLE,,,,,30,cat,,[DATA] class=cat (n=30)
2026-05-21T15:57:29.100943,1779368249.1009436,NEW_SAMPLE,,,,,30,horse,,[DATA] class=horse (n=30)
2026-05-21T15:57:31.101253,1779368251.101254,NEW_SAMPLE,,,,,30,cat,,[DATA] class=cat (n=30)
2026-05-21T15:57:33.103273,1779368253.1032732,NEW_SAMPLE,,,,,30,cat,,[DATA] class=cat (n=30)
2026-05-21T15:57:35.101287,1779368255.1012871,NEW_SAMPLE,,,,,30,other,,[DATA] class=other (n=30)
2026-05-21T15:57:37.093182,1779368257.0931823,NEW_SAMPLE,,,,,30,other,,[DATA] class=other (n=30)
2026-05-21T15:57:39.099587,1779368259.0995874,NEW_SAMPLE,,,,,30,other,,[DATA] class=other (n=30)
2026-05-21T15:57:40.845546,1779368260.8455467,FL,,,,,,,Local training (4-class cross-entropy),[FL] Local training (4-class cross-entropy)
2026-05-21T15:57:40.983754,1779368260.983754,TRAIN_EPOCH,0,0.4978,80.0,,,,,  Epoch  0  Loss=0.4978  Acc=80.0%
2026-05-21T15:57:41.131797,1779368261.1317973,TRAIN_EPOCH,1,0.4923,80.0,,,,,  Epoch  1  Loss=0.4923  Acc=80.0%
2026-05-21T15:57:41.278934,1779368261.278934,TRAIN_EPOCH,2,0.4411,83.3,,,,,  Epoch  2  Loss=0.4411  Acc=83.3%
2026-05-21T15:57:41.435565,1779368261.4355657,TRAIN_EPOCH,3,0.4407,86.7,,,,,  Epoch  3  Loss=0.4407  Acc=86.7%
2026-05-21T15:57:41.582515,1779368261.582515,TRAIN_EPOCH,4,0.4292,86.7,,,,,  Epoch  4  Loss=0.4292  Acc=86.7%
2026-05-21T15:57:41.730642,1779368261.7306428,TRAIN_EPOCH,5,0.4259,86.7,,,,,  Epoch  5  Loss=0.4259  Acc=86.7%
2026-05-21T15:57:41.879839,1779368261.8798394,TRAIN_EPOCH,6,0.4175,86.7,,,,,  Epoch  6  Loss=0.4175  Acc=86.7%
2026-05-21T15:57:42.039127,1779368262.039127,TRAIN_EPOCH,7,0.4129,86.7,,,,,  Epoch  7  Loss=0.4129  Acc=86.7%
2026-05-21T15:57:42.187144,1779368262.1871448,TRAIN_EPOCH,8,0.408,86.7,,,,,  Epoch  8  Loss=0.4080  Acc=86.7%
2026-05-21T15:57:42.335608,1779368262.3356087,TRAIN_EPOCH,9,0.4039,86.7,,,,,  Epoch  9  Loss=0.4039  Acc=86.7%
2026-05-21T15:57:42.487233,1779368262.4872336,TRAIN_EPOCH,10,0.4001,86.7,,,,,  Epoch 10  Loss=0.4001  Acc=86.7%
2026-05-21T15:57:42.630179,1779368262.6301796,TRAIN_EPOCH,11,0.3967,86.7,,,,,  Epoch 11  Loss=0.3967  Acc=86.7%
2026-05-21T15:57:42.788510,1779368262.7885098,TRAIN_EPOCH,12,0.3935,86.7,,,,,  Epoch 12  Loss=0.3935  Acc=86.7%
2026-05-21T15:57:42.936636,1779368262.9366367,TRAIN_EPOCH,13,0.3905,86.7,,,,,  Epoch 13  Loss=0.3905  Acc=86.7%
2026-05-21T15:57:43.093302,1779368263.0933025,TRAIN_EPOCH,14,0.3877,83.3,,,,,  Epoch 14  Loss=0.3877  Acc=83.3%
2026-05-21T15:57:43.094304,1779368263.0943046,VALIDATION,,,,90.0,10,,,[ACCURACY] Validation: 90.0% (n=10)
2026-05-21T15:57:43.094304,1779368263.0943046,FL,,,,,,,"B1 pre-pack: min=-10.5314, max=5.8573, mean=0.0896","[FL] B1 pre-pack: min=-10.5314, max=5.8573, mean=0.0896"
2026-05-21T15:57:43.095136,1779368263.0951362,FL,,,,,,,Model sent (72 bytes),[FL] Model sent (72 bytes)
2026-05-21T15:57:43.095136,1779368263.0951362,NEW_SAMPLE,,,,,30,cat,,[DATA] class=cat (n=30)
2026-05-21T15:57:43.262370,1779368263.2623703,BLE,,,,,,,Received global model (64 bytes),[BLE] Received global model (64 bytes)
2026-05-21T15:57:43.267754,1779368263.2677543,FL,,,,,,,Global model updated (Adam reset),[FL] Global model updated (Adam reset)
2026-05-21T15:57:43.267754,1779368263.2677543,FL,,,,,,,"B1 unpacked: min=-9.7638, max=5.3543, mean=0.0960","[FL] B1 unpacked: min=-9.7638, max=5.3543, mean=0.0960"
2026-05-21T15:57:45.098407,1779368265.098408,NEW_SAMPLE,,,,,30,dog,,[DATA] class=dog (n=30)
2026-05-21T15:57:47.100647,1779368267.100647,NEW_SAMPLE,,,,,30,cat,,[DATA] class=cat (n=30)
2026-05-21T15:57:49.102080,1779368269.1020806,NEW_SAMPLE,,,,,30,cat,,[DATA] class=cat (n=30)
2026-05-21T15:57:51.097782,1779368271.0977824,NEW_SAMPLE,,,,,30,other,,[DATA] class=other (n=30)
2026-05-21T15:57:53.098248,1779368273.098248,NEW_SAMPLE,,,,,30,dog,,[DATA] class=dog (n=30)
2026-05-21T15:57:55.098495,1779368275.0984955,NEW_SAMPLE,,,,,30,cat,,[DATA] class=cat (n=30)
2026-05-21T15:57:57.097280,1779368277.09728,NEW_SAMPLE,,,,,30,cat,,[DATA] class=cat (n=30)
2026-05-21T15:57:59.099099,1779368279.0990994,NEW_SAMPLE,,,,,30,dog,,[DATA] class=dog (n=30)
2026-05-21T15:58:00.836694,1779368280.8366942,FL,,,,,,,Local training (4-class cross-entropy),[FL] Local training (4-class cross-entropy)
2026-05-21T15:58:00.986323,1779368280.9863236,TRAIN_EPOCH,0,0.6959,76.7,,,,,  Epoch  0  Loss=0.6959  Acc=76.7%
2026-05-21T15:58:01.133963,1779368281.1339638,TRAIN_EPOCH,1,0.633,66.7,,,,,  Epoch  1  Loss=0.6330  Acc=66.7%
2026-05-21T15:58:01.282274,1779368281.2822742,TRAIN_EPOCH,2,0.6221,73.3,,,,,  Epoch  2  Loss=0.6221  Acc=73.3%
2026-05-21T15:58:01.430076,1779368281.4300768,TRAIN_EPOCH,3,0.6049,73.3,,,,,  Epoch  3  Loss=0.6049  Acc=73.3%
2026-05-21T15:58:01.578769,1779368281.57877,TRAIN_EPOCH,4,0.6001,73.3,,,,,  Epoch  4  Loss=0.6001  Acc=73.3%
2026-05-21T15:58:01.734858,1779368281.734858,TRAIN_EPOCH,5,0.5933,73.3,,,,,  Epoch  5  Loss=0.5933  Acc=73.3%
2026-05-21T15:58:01.884279,1779368281.8842797,TRAIN_EPOCH,6,0.5867,73.3,,,,,  Epoch  6  Loss=0.5867  Acc=73.3%
2026-05-21T15:58:02.031203,1779368282.0312037,TRAIN_EPOCH,7,0.5825,73.3,,,,,  Epoch  7  Loss=0.5825  Acc=73.3%
2026-05-21T15:58:02.180568,1779368282.180569,TRAIN_EPOCH,8,0.5784,73.3,,,,,  Epoch  8  Loss=0.5784  Acc=73.3%
2026-05-21T15:58:02.328815,1779368282.3288155,TRAIN_EPOCH,9,0.5752,73.3,,,,,  Epoch  9  Loss=0.5752  Acc=73.3%
2026-05-21T15:58:02.486179,1779368282.4861796,TRAIN_EPOCH,10,0.5727,73.3,,,,,  Epoch 10  Loss=0.5727  Acc=73.3%
2026-05-21T15:58:02.634234,1779368282.6342347,TRAIN_EPOCH,11,0.5707,73.3,,,,,  Epoch 11  Loss=0.5707  Acc=73.3%
2026-05-21T15:58:02.781276,1779368282.7812765,TRAIN_EPOCH,12,0.5691,73.3,,,,,  Epoch 12  Loss=0.5691  Acc=73.3%
2026-05-21T15:58:02.940371,1779368282.9403718,TRAIN_EPOCH,13,0.5678,73.3,,,,,  Epoch 13  Loss=0.5678  Acc=73.3%
2026-05-21T15:58:03.090266,1779368283.0902662,TRAIN_EPOCH,14,0.5668,73.3,,,,,  Epoch 14  Loss=0.5668  Acc=73.3%
2026-05-21T15:58:03.092584,1779368283.0925846,VALIDATION,,,,70.0,10,,,[ACCURACY] Validation: 70.0% (n=10)
2026-05-21T15:58:03.095550,1779368283.0955503,FL,,,,,,,"B1 pre-pack: min=-10.5534, max=6.5646, mean=0.1424","[FL] B1 pre-pack: min=-10.5534, max=6.5646, mean=0.1424"
2026-05-21T15:58:03.096547,1779368283.0965471,FL,,,,,,,Model sent (72 bytes),[FL] Model sent (72 bytes)
2026-05-21T15:58:03.097508,1779368283.0975087,NEW_SAMPLE,,,,,30,cat,,[DATA] class=cat (n=30)
2026-05-21T15:58:03.246582,1779368283.2465827,BLE,,,,,,,Received global model (64 bytes),[BLE] Received global model (64 bytes)
2026-05-21T15:58:03.248105,1779368283.2481058,FL,,,,,,,Global model updated (Adam reset),[FL] Global model updated (Adam reset)
2026-05-21T15:58:03.249487,1779368283.2494876,FL,,,,,,,"B1 unpacked: min=-9.9213, max=5.9843, mean=0.1255","[FL] B1 unpacked: min=-9.9213, max=5.9843, mean=0.1255"
2026-05-21T15:58:05.095044,1779368285.0950441,NEW_SAMPLE,,,,,30,horse,,[DATA] class=horse (n=30)
2026-05-21T15:58:07.101180,1779368287.1011803,NEW_SAMPLE,,,,,30,cat,,[DATA] class=cat (n=30)
2026-05-21T15:58:09.093998,1779368289.093999,NEW_SAMPLE,,,,,30,dog,,[DATA] class=dog (n=30)
2026-05-21T15:58:11.099513,1779368291.099513,NEW_SAMPLE,,,,,30,other,,[DATA] class=other (n=30)
2026-05-21T15:58:13.096120,1779368293.0961206,NEW_SAMPLE,,,,,30,cat,,[DATA] class=cat (n=30)
2026-05-21T15:58:15.100049,1779368295.10005,NEW_SAMPLE,,,,,30,cat,,[DATA] class=cat (n=30)
2026-05-21T15:58:17.093381,1779368297.0933812,NEW_SAMPLE,,,,,30,dog,,[DATA] class=dog (n=30)
2026-05-21T15:58:19.097194,1779368299.0971947,NEW_SAMPLE,,,,,30,cat,,[DATA] class=cat (n=30)
2026-05-21T15:58:20.844956,1779368300.8449562,FL,,,,,,,Local training (4-class cross-entropy),[FL] Local training (4-class cross-entropy)
2026-05-21T15:58:20.982910,1779368300.9829106,TRAIN_EPOCH,0,0.5428,80.0,,,,,  Epoch  0  Loss=0.5428  Acc=80.0%
2026-05-21T15:58:21.130480,1779368301.13048,TRAIN_EPOCH,1,0.4808,70.0,,,,,  Epoch  1  Loss=0.4808  Acc=70.0%
2026-05-21T15:58:21.279999,1779368301.2799995,TRAIN_EPOCH,2,0.4331,76.7,,,,,  Epoch  2  Loss=0.4331  Acc=76.7%
2026-05-21T15:58:21.439565,1779368301.439566,TRAIN_EPOCH,3,0.4103,76.7,,,,,  Epoch  3  Loss=0.4103  Acc=76.7%
2026-05-21T15:58:21.578760,1779368301.5787601,TRAIN_EPOCH,4,0.3953,80.0,,,,,  Epoch  4  Loss=0.3953  Acc=80.0%
2026-05-21T15:58:21.736767,1779368301.7367675,TRAIN_EPOCH,5,0.3843,83.3,,,,,  Epoch  5  Loss=0.3843  Acc=83.3%
2026-05-21T15:58:21.884357,1779368301.8843575,TRAIN_EPOCH,6,0.376,80.0,,,,,  Epoch  6  Loss=0.3760  Acc=80.0%
2026-05-21T15:58:22.034489,1779368302.0344896,TRAIN_EPOCH,7,0.3694,83.3,,,,,  Epoch  7  Loss=0.3694  Acc=83.3%
2026-05-21T15:58:22.180659,1779368302.1806593,TRAIN_EPOCH,8,0.3638,83.3,,,,,  Epoch  8  Loss=0.3638  Acc=83.3%
2026-05-21T15:58:22.339664,1779368302.3396645,TRAIN_EPOCH,9,0.359,83.3,,,,,  Epoch  9  Loss=0.3590  Acc=83.3%
2026-05-21T15:58:22.489364,1779368302.4893641,TRAIN_EPOCH,10,0.355,83.3,,,,,  Epoch 10  Loss=0.3550  Acc=83.3%
2026-05-21T15:58:22.638525,1779368302.6385257,TRAIN_EPOCH,11,0.3513,83.3,,,,,  Epoch 11  Loss=0.3513  Acc=83.3%
2026-05-21T15:58:22.788346,1779368302.7883468,TRAIN_EPOCH,12,0.348,83.3,,,,,  Epoch 12  Loss=0.3480  Acc=83.3%
2026-05-21T15:58:22.936439,1779368302.9364398,TRAIN_EPOCH,13,0.3447,86.7,,,,,  Epoch 13  Loss=0.3447  Acc=86.7%
2026-05-21T15:58:23.084893,1779368303.0848937,TRAIN_EPOCH,14,0.342,90.0,,,,,  Epoch 14  Loss=0.3420  Acc=90.0%
2026-05-21T15:58:23.090112,1779368303.0901124,VALIDATION,,,,80.0,10,,,[ACCURACY] Validation: 80.0% (n=10)
2026-05-21T15:58:23.090378,1779368303.0903785,FL,,,,,,,"B1 pre-pack: min=-10.5497, max=6.8538, mean=0.1418","[FL] B1 pre-pack: min=-10.5497, max=6.8538, mean=0.1418"
2026-05-21T15:58:23.094316,1779368303.0943165,FL,,,,,,,Model sent (72 bytes),[FL] Model sent (72 bytes)
2026-05-21T15:58:23.094316,1779368303.0943165,NEW_SAMPLE,,,,,30,cat,,[DATA] class=cat (n=30)
2026-05-21T15:58:23.230587,1779368303.2305875,BLE,,,,,,,Received global model (64 bytes),[BLE] Received global model (64 bytes)
2026-05-21T15:58:23.232946,1779368303.2329466,FL,,,,,,,Global model updated (Adam reset),[FL] Global model updated (Adam reset)
2026-05-21T15:58:23.235969,1779368303.235969,FL,,,,,,,"B1 unpacked: min=-10.0000, max=6.3780, mean=0.1403","[FL] B1 unpacked: min=-10.0000, max=6.3780, mean=0.1403"
2026-05-21T15:58:25.100919,1779368305.1009195,NEW_SAMPLE,,,,,30,cat,,[DATA] class=cat (n=30)
2026-05-21T15:58:27.095381,1779368307.0953813,NEW_SAMPLE,,,,,30,cat,,[DATA] class=cat (n=30)
2026-05-21T15:58:29.092911,1779368309.0929112,NEW_SAMPLE,,,,,30,dog,,[DATA] class=dog (n=30)
2026-05-21T15:58:31.101407,1779368311.1014075,NEW_SAMPLE,,,,,30,dog,,[DATA] class=dog (n=30)
2026-05-21T15:58:33.099973,1779368313.099974,NEW_SAMPLE,,,,,30,cat,,[DATA] class=cat (n=30)
2026-05-21T15:58:35.094057,1779368315.0940576,NEW_SAMPLE,,,,,30,horse,,[DATA] class=horse (n=30)
2026-05-21T15:58:37.099126,1779368317.0991268,NEW_SAMPLE,,,,,30,other,,[DATA] class=other (n=30)
2026-05-21T15:58:39.101427,1779368319.1014278,NEW_SAMPLE,,,,,30,other,,[DATA] class=other (n=30)
2026-05-21T15:58:40.845100,1779368320.8451009,FL,,,,,,,Local training (4-class cross-entropy),[FL] Local training (4-class cross-entropy)
2026-05-21T15:58:40.982076,1779368320.9820766,TRAIN_EPOCH,0,0.5894,73.3,,,,,  Epoch  0  Loss=0.5894  Acc=73.3%
2026-05-21T15:58:41.130978,1779368321.1309783,TRAIN_EPOCH,1,0.5274,80.0,,,,,  Epoch  1  Loss=0.5274  Acc=80.0%
2026-05-21T15:58:41.279430,1779368321.2794309,TRAIN_EPOCH,2,0.4797,80.0,,,,,  Epoch  2  Loss=0.4797  Acc=80.0%
2026-05-21T15:58:41.436472,1779368321.4364727,TRAIN_EPOCH,3,0.458,80.0,,,,,  Epoch  3  Loss=0.4580  Acc=80.0%
2026-05-21T15:58:41.585285,1779368321.5852854,TRAIN_EPOCH,4,0.4398,76.7,,,,,  Epoch  4  Loss=0.4398  Acc=76.7%
2026-05-21T15:58:41.733372,1779368321.733373,TRAIN_EPOCH,5,0.4239,80.0,,,,,  Epoch  5  Loss=0.4239  Acc=80.0%
2026-05-21T15:58:41.881861,1779368321.8818614,TRAIN_EPOCH,6,0.4104,80.0,,,,,  Epoch  6  Loss=0.4104  Acc=80.0%
2026-05-21T15:58:42.029713,1779368322.0297132,TRAIN_EPOCH,7,0.398,80.0,,,,,  Epoch  7  Loss=0.3980  Acc=80.0%
2026-05-21T15:58:42.181852,1779368322.1818523,TRAIN_EPOCH,8,0.3853,80.0,,,,,  Epoch  8  Loss=0.3853  Acc=80.0%
2026-05-21T15:58:42.332721,1779368322.3327215,TRAIN_EPOCH,9,0.3749,80.0,,,,,  Epoch  9  Loss=0.3749  Acc=80.0%
2026-05-21T15:58:42.480375,1779368322.4803753,TRAIN_EPOCH,10,0.3647,80.0,,,,,  Epoch 10  Loss=0.3647  Acc=80.0%
2026-05-21T15:58:42.630326,1779368322.630326,TRAIN_EPOCH,11,0.3556,83.3,,,,,  Epoch 11  Loss=0.3556  Acc=83.3%
2026-05-21T15:58:42.790210,1779368322.7902107,TRAIN_EPOCH,12,0.3472,83.3,,,,,  Epoch 12  Loss=0.3472  Acc=83.3%
2026-05-21T15:58:42.938696,1779368322.9386961,TRAIN_EPOCH,13,0.3399,83.3,,,,,  Epoch 13  Loss=0.3399  Acc=83.3%
2026-05-21T15:58:43.086556,1779368323.0865564,TRAIN_EPOCH,14,0.3325,83.3,,,,,  Epoch 14  Loss=0.3325  Acc=83.3%
2026-05-21T15:58:43.089137,1779368323.0891373,VALIDATION,,,,80.0,10,,,[ACCURACY] Validation: 80.0% (n=10)
2026-05-21T15:58:43.092418,1779368323.0924182,FL,,,,,,,"B1 pre-pack: min=-9.3858, max=5.4455, mean=0.1540","[FL] B1 pre-pack: min=-9.3858, max=5.4455, mean=0.1540"
2026-05-21T15:58:43.094554,1779368323.0945547,FL,,,,,,,Model sent (72 bytes),[FL] Model sent (72 bytes)
2026-05-21T15:58:43.096583,1779368323.0965836,NEW_SAMPLE,,,,,30,cat,,[DATA] class=cat (n=30)
2026-05-21T15:58:43.329201,1779368323.3292012,BLE,,,,,,,Received global model (64 bytes),[BLE] Received global model (64 bytes)
2026-05-21T15:58:43.330192,1779368323.3301923,FL,,,,,,,Global model updated (Adam reset),[FL] Global model updated (Adam reset)
2026-05-21T15:58:43.330192,1779368323.3301923,FL,,,,,,,"B1 unpacked: min=-9.6850, max=5.9055, mean=0.1501","[FL] B1 unpacked: min=-9.6850, max=5.9055, mean=0.1501"
2026-05-21T15:58:45.097581,1779368325.0975814,NEW_SAMPLE,,,,,30,cat,,[DATA] class=cat (n=30)
2026-05-21T15:58:47.096022,1779368327.0960221,NEW_SAMPLE,,,,,30,cat,,[DATA] class=cat (n=30)
2026-05-21T15:58:49.099247,1779368329.099248,NEW_SAMPLE,,,,,30,horse,,[DATA] class=horse (n=30)
2026-05-21T15:58:51.098690,1779368331.0986903,NEW_SAMPLE,,,,,30,other,,[DATA] class=other (n=30)
2026-05-21T15:58:53.101710,1779368333.1017108,NEW_SAMPLE,,,,,30,other,,[DATA] class=other (n=30)
2026-05-21T15:58:55.098142,1779368335.0981421,NEW_SAMPLE,,,,,30,horse,,[DATA] class=horse (n=30)
2026-05-21T15:58:57.092228,1779368337.0922282,NEW_SAMPLE,,,,,30,other,,[DATA] class=other (n=30)
2026-05-21T15:58:59.093869,1779368339.0938697,NEW_SAMPLE,,,,,30,other,,[DATA] class=other (n=30)
2026-05-21T15:59:00.841559,1779368340.841559,FL,,,,,,,Local training (4-class cross-entropy),[FL] Local training (4-class cross-entropy)
2026-05-21T15:59:00.980805,1779368340.9808056,TRAIN_EPOCH,0,0.9605,63.3,,,,,  Epoch  0  Loss=0.9605  Acc=63.3%
2026-05-21T15:59:01.130176,1779368341.130176,TRAIN_EPOCH,1,0.6298,76.7,,,,,  Epoch  1  Loss=0.6298  Acc=76.7%
2026-05-21T15:59:01.288197,1779368341.288198,TRAIN_EPOCH,2,0.6932,73.3,,,,,  Epoch  2  Loss=0.6932  Acc=73.3%
2026-05-21T15:59:01.436262,1779368341.436262,TRAIN_EPOCH,3,0.6512,73.3,,,,,  Epoch  3  Loss=0.6512  Acc=73.3%
2026-05-21T15:59:01.584109,1779368341.584109,TRAIN_EPOCH,4,0.6323,76.7,,,,,  Epoch  4  Loss=0.6323  Acc=76.7%
2026-05-21T15:59:01.732764,1779368341.7327645,TRAIN_EPOCH,5,0.6163,80.0,,,,,  Epoch  5  Loss=0.6163  Acc=80.0%
2026-05-21T15:59:01.882535,1779368341.8825352,TRAIN_EPOCH,6,0.6019,80.0,,,,,  Epoch  6  Loss=0.6019  Acc=80.0%
2026-05-21T15:59:02.031107,1779368342.0311072,TRAIN_EPOCH,7,0.5894,80.0,,,,,  Epoch  7  Loss=0.5894  Acc=80.0%
2026-05-21T15:59:02.181172,1779368342.1811724,TRAIN_EPOCH,8,0.5782,80.0,,,,,  Epoch  8  Loss=0.5782  Acc=80.0%
2026-05-21T15:59:02.330243,1779368342.3302436,TRAIN_EPOCH,9,0.5713,80.0,,,,,  Epoch  9  Loss=0.5713  Acc=80.0%
2026-05-21T15:59:02.487789,1779368342.4877896,TRAIN_EPOCH,10,0.5577,83.3,,,,,  Epoch 10  Loss=0.5577  Acc=83.3%
2026-05-21T15:59:02.634187,1779368342.6341875,TRAIN_EPOCH,11,0.554,83.3,,,,,  Epoch 11  Loss=0.5540  Acc=83.3%
2026-05-21T15:59:02.781659,1779368342.7816594,TRAIN_EPOCH,12,0.5454,83.3,,,,,  Epoch 12  Loss=0.5454  Acc=83.3%
2026-05-21T15:59:02.940372,1779368342.940372,TRAIN_EPOCH,13,0.5423,86.7,,,,,  Epoch 13  Loss=0.5423  Acc=86.7%
2026-05-21T15:59:03.090428,1779368343.0904288,TRAIN_EPOCH,14,0.5355,86.7,,,,,  Epoch 14  Loss=0.5355  Acc=86.7%
2026-05-21T15:59:03.092391,1779368343.0923913,VALIDATION,,,,90.0,10,,,[ACCURACY] Validation: 90.0% (n=10)
2026-05-21T15:59:03.095413,1779368343.0954134,FL,,,,,,,"B1 pre-pack: min=-8.9618, max=5.1239, mean=0.2246","[FL] B1 pre-pack: min=-8.9618, max=5.1239, mean=0.2246"
2026-05-21T15:59:03.097381,1779368343.097381,FL,,,,,,,Model sent (72 bytes),[FL] Model sent (72 bytes)
2026-05-21T15:59:03.097381,1779368343.097381,NEW_SAMPLE,,,,,30,other,,[DATA] class=other (n=30)
2026-05-21T15:59:03.244527,1779368343.2445276,BLE,,,,,,,Received global model (64 bytes),[BLE] Received global model (64 bytes)
2026-05-21T15:59:03.249229,1779368343.2492297,FL,,,,,,,Global model updated (Adam reset),[FL] Global model updated (Adam reset)
2026-05-21T15:59:03.249626,1779368343.2496266,FL,,,,,,,"B1 unpacked: min=-9.2913, max=5.5118, mean=0.1870","[FL] B1 unpacked: min=-9.2913, max=5.5118, mean=0.1870"
2026-05-21T15:59:05.099390,1779368345.0993907,NEW_SAMPLE,,,,,30,dog,,[DATA] class=dog (n=30)
2026-05-21T15:59:07.100455,1779368347.1004555,NEW_SAMPLE,,,,,30,dog,,[DATA] class=dog (n=30)
2026-05-21T15:59:09.099253,1779368349.0992534,NEW_SAMPLE,,,,,30,horse,,[DATA] class=horse (n=30)
2026-05-21T15:59:11.095655,1779368351.095655,NEW_SAMPLE,,,,,30,horse,,[DATA] class=horse (n=30)
2026-05-21T15:59:13.099217,1779368353.0992177,NEW_SAMPLE,,,,,30,other,,[DATA] class=other (n=30)
2026-05-21T15:59:15.103326,1779368355.1033258,NEW_SAMPLE,,,,,30,other,,[DATA] class=other (n=30)
2026-05-21T15:59:17.100589,1779368357.1005893,NEW_SAMPLE,,,,,30,other,,[DATA] class=other (n=30)
2026-05-21T15:59:19.094509,1779368359.0945094,NEW_SAMPLE,,,,,30,cat,,[DATA] class=cat (n=30)
2026-05-21T15:59:20.839999,1779368360.8399992,FL,,,,,,,Local training (4-class cross-entropy),[FL] Local training (4-class cross-entropy)
2026-05-21T15:59:20.989293,1779368360.9892933,TRAIN_EPOCH,0,0.7678,66.7,,,,,  Epoch  0  Loss=0.7678  Acc=66.7%
2026-05-21T15:59:21.137419,1779368361.1374197,TRAIN_EPOCH,1,0.5572,80.0,,,,,  Epoch  1  Loss=0.5572  Acc=80.0%
2026-05-21T15:59:21.285186,1779368361.2851868,TRAIN_EPOCH,2,0.5657,83.3,,,,,  Epoch  2  Loss=0.5657  Acc=83.3%
2026-05-21T15:59:21.433279,1779368361.433279,TRAIN_EPOCH,3,0.5334,86.7,,,,,  Epoch  3  Loss=0.5334  Acc=86.7%
2026-05-21T15:59:21.581270,1779368361.5812705,TRAIN_EPOCH,4,0.5228,86.7,,,,,  Epoch  4  Loss=0.5228  Acc=86.7%
2026-05-21T15:59:21.730466,1779368361.7304668,TRAIN_EPOCH,5,0.5106,86.7,,,,,  Epoch  5  Loss=0.5106  Acc=86.7%
2026-05-21T15:59:21.878644,1779368361.8786442,TRAIN_EPOCH,6,0.5008,86.7,,,,,  Epoch  6  Loss=0.5008  Acc=86.7%
2026-05-21T15:59:22.035484,1779368362.035484,TRAIN_EPOCH,7,0.4927,86.7,,,,,  Epoch  7  Loss=0.4927  Acc=86.7%
2026-05-21T15:59:22.183653,1779368362.183653,TRAIN_EPOCH,8,0.4856,86.7,,,,,  Epoch  8  Loss=0.4856  Acc=86.7%
2026-05-21T15:59:22.330932,1779368362.330933,TRAIN_EPOCH,9,0.4789,86.7,,,,,  Epoch  9  Loss=0.4789  Acc=86.7%
2026-05-21T15:59:22.489445,1779368362.4894452,TRAIN_EPOCH,10,0.4731,86.7,,,,,  Epoch 10  Loss=0.4731  Acc=86.7%
2026-05-21T15:59:22.637685,1779368362.637686,TRAIN_EPOCH,11,0.4669,86.7,,,,,  Epoch 11  Loss=0.4669  Acc=86.7%
2026-05-21T15:59:22.786526,1779368362.786526,TRAIN_EPOCH,12,0.4551,86.7,,,,,  Epoch 12  Loss=0.4551  Acc=86.7%
2026-05-21T15:59:22.934512,1779368362.9345121,TRAIN_EPOCH,13,0.4433,86.7,,,,,  Epoch 13  Loss=0.4433  Acc=86.7%
2026-05-21T15:59:23.093019,1779368363.0930192,TRAIN_EPOCH,14,0.4374,86.7,,,,,  Epoch 14  Loss=0.4374  Acc=86.7%
2026-05-21T15:59:23.096006,1779368363.0960064,VALIDATION,,,,90.0,10,,,[ACCURACY] Validation: 90.0% (n=10)
2026-05-21T15:59:23.098613,1779368363.0986135,FL,,,,,,,"B1 pre-pack: min=-7.0578, max=5.3278, mean=0.2347","[FL] B1 pre-pack: min=-7.0578, max=5.3278, mean=0.2347"
2026-05-21T15:59:23.099394,1779368363.0993943,FL,,,,,,,Model sent (72 bytes),[FL] Model sent (72 bytes)
2026-05-21T15:59:23.099394,1779368363.0993943,NEW_SAMPLE,,,,,30,cat,,[DATA] class=cat (n=30)
2026-05-21T15:59:23.226711,1779368363.2267113,BLE,,,,,,,Received global model (64 bytes),[BLE] Received global model (64 bytes)
2026-05-21T15:59:23.229858,1779368363.2298584,FL,,,,,,,Global model updated (Adam reset),[FL] Global model updated (Adam reset)
2026-05-21T15:59:23.230587,1779368363.2305877,FL,,,,,,,"B1 unpacked: min=-8.1890, max=5.0394, mean=0.2092","[FL] B1 unpacked: min=-8.1890, max=5.0394, mean=0.2092"
2026-05-21T15:59:25.101555,1779368365.1015558,NEW_SAMPLE,,,,,30,dog,,[DATA] class=dog (n=30)
2026-05-21T15:59:27.095298,1779368367.0952985,NEW_SAMPLE,,,,,30,cat,,[DATA] class=cat (n=30)
2026-05-21T15:59:29.102262,1779368369.1022627,NEW_SAMPLE,,,,,30,horse,,[DATA] class=horse (n=30)
2026-05-21T15:59:31.099126,1779368371.0991268,NEW_SAMPLE,,,,,30,horse,,[DATA] class=horse (n=30)
2026-05-21T15:59:33.097496,1779368373.0974965,NEW_SAMPLE,,,,,30,horse,,[DATA] class=horse (n=30)
2026-05-21T15:59:35.099048,1779368375.099048,NEW_SAMPLE,,,,,30,horse,,[DATA] class=horse (n=30)
2026-05-21T15:59:37.098716,1779368377.0987163,NEW_SAMPLE,,,,,30,dog,,[DATA] class=dog (n=30)
2026-05-21T15:59:39.093073,1779368379.0930731,NEW_SAMPLE,,,,,30,horse,,[DATA] class=horse (n=30)
2026-05-21T15:59:40.842019,1779368380.8420196,FL,,,,,,,Local training (4-class cross-entropy),[FL] Local training (4-class cross-entropy)
2026-05-21T15:59:40.978100,1779368380.9781005,TRAIN_EPOCH,0,0.9437,70.0,,,,,  Epoch  0  Loss=0.9437  Acc=70.0%
2026-05-21T15:59:41.137011,1779368381.1370113,TRAIN_EPOCH,1,0.7606,76.7,,,,,  Epoch  1  Loss=0.7606  Acc=76.7%
2026-05-21T15:59:41.285223,1779368381.2852237,TRAIN_EPOCH,2,0.7156,76.7,,,,,  Epoch  2  Loss=0.7156  Acc=76.7%
2026-05-21T15:59:41.432554,1779368381.4325545,TRAIN_EPOCH,3,0.6661,76.7,,,,,  Epoch  3  Loss=0.6661  Acc=76.7%
2026-05-21T15:59:41.580701,1779368381.5807016,TRAIN_EPOCH,4,0.6213,80.0,,,,,  Epoch  4  Loss=0.6213  Acc=80.0%
2026-05-21T15:59:41.739803,1779368381.7398033,TRAIN_EPOCH,5,0.5822,76.7,,,,,  Epoch  5  Loss=0.5822  Acc=76.7%
2026-05-21T15:59:41.889324,1779368381.889325,TRAIN_EPOCH,6,0.55,76.7,,,,,  Epoch  6  Loss=0.5500  Acc=76.7%
2026-05-21T15:59:42.037284,1779368382.0372841,TRAIN_EPOCH,7,0.5221,76.7,,,,,  Epoch  7  Loss=0.5221  Acc=76.7%
2026-05-21T15:59:42.186000,1779368382.1860006,TRAIN_EPOCH,8,0.5002,76.7,,,,,  Epoch  8  Loss=0.5002  Acc=76.7%
2026-05-21T15:59:42.333939,1779368382.3339396,TRAIN_EPOCH,9,0.4808,76.7,,,,,  Epoch  9  Loss=0.4808  Acc=76.7%
2026-05-21T15:59:42.481672,1779368382.481672,TRAIN_EPOCH,10,0.4644,76.7,,,,,  Epoch 10  Loss=0.4644  Acc=76.7%
2026-05-21T15:59:42.639143,1779368382.6391437,TRAIN_EPOCH,11,0.45,80.0,,,,,  Epoch 11  Loss=0.4500  Acc=80.0%
2026-05-21T15:59:42.787000,1779368382.7870007,TRAIN_EPOCH,12,0.4374,80.0,,,,,  Epoch 12  Loss=0.4374  Acc=80.0%
2026-05-21T15:59:42.934954,1779368382.9349544,TRAIN_EPOCH,13,0.4261,86.7,,,,,  Epoch 13  Loss=0.4261  Acc=86.7%
2026-05-21T15:59:43.093658,1779368383.0936587,TRAIN_EPOCH,14,0.4158,86.7,,,,,  Epoch 14  Loss=0.4158  Acc=86.7%
2026-05-21T15:59:43.096647,1779368383.0966475,VALIDATION,,,,80.0,10,,,[ACCURACY] Validation: 80.0% (n=10)
2026-05-21T15:59:43.099184,1779368383.099184,FL,,,,,,,"B1 pre-pack: min=-7.0947, max=7.2347, mean=0.2038","[FL] B1 pre-pack: min=-7.0947, max=7.2347, mean=0.2038"
2026-05-21T15:59:43.100218,1779368383.100218,FL,,,,,,,Model sent (72 bytes),[FL] Model sent (72 bytes)
2026-05-21T15:59:43.101175,1779368383.1011758,NEW_SAMPLE,,,,,30,cat,,[DATA] class=cat (n=30)
2026-05-21T15:59:43.270483,1779368383.270484,BLE,,,,,,,Received global model (64 bytes),[BLE] Received global model (64 bytes)
2026-05-21T15:59:43.271501,1779368383.2715018,FL,,,,,,,Global model updated (Adam reset),[FL] Global model updated (Adam reset)
2026-05-21T15:59:43.273433,1779368383.273434,FL,,,,,,,"B1 unpacked: min=-7.6378, max=6.1417, mean=0.2116","[FL] B1 unpacked: min=-7.6378, max=6.1417, mean=0.2116"
2026-05-21T15:59:45.099274,1779368385.099274,NEW_SAMPLE,,,,,30,cat,,[DATA] class=cat (n=30)
2026-05-21T15:59:47.099050,1779368387.0990505,NEW_SAMPLE,,,,,30,horse,,[DATA] class=horse (n=30)
2026-05-21T15:59:49.100027,1779368389.1000278,NEW_SAMPLE,,,,,30,other,,[DATA] class=other (n=30)
2026-05-21T15:59:51.095386,1779368391.0953863,NEW_SAMPLE,,,,,30,cat,,[DATA] class=cat (n=30)
2026-05-21T15:59:53.093628,1779368393.0936284,NEW_SAMPLE,,,,,30,dog,,[DATA] class=dog (n=30)
2026-05-21T15:59:55.102803,1779368395.1028035,NEW_SAMPLE,,,,,30,horse,,[DATA] class=horse (n=30)
2026-05-21T15:59:57.101847,1779368397.1018476,NEW_SAMPLE,,,,,30,horse,,[DATA] class=horse (n=30)
2026-05-21T15:59:59.095802,1779368399.095802,NEW_SAMPLE,,,,,30,other,,[DATA] class=other (n=30)
2026-05-21T16:00:00.837160,1779368400.8371603,FL,,,,,,,Local training (4-class cross-entropy),[FL] Local training (4-class cross-entropy)
2026-05-21T16:00:00.985497,1779368400.985497,TRAIN_EPOCH,0,0.6782,70.0,,,,,  Epoch  0  Loss=0.6782  Acc=70.0%
2026-05-21T16:00:01.135293,1779368401.1352935,TRAIN_EPOCH,1,0.5882,73.3,,,,,  Epoch  1  Loss=0.5882  Acc=73.3%
2026-05-21T16:00:01.282853,1779368401.2828536,TRAIN_EPOCH,2,0.5291,86.7,,,,,  Epoch  2  Loss=0.5291  Acc=86.7%
2026-05-21T16:00:01.432008,1779368401.432009,TRAIN_EPOCH,3,0.5163,90.0,,,,,  Epoch  3  Loss=0.5163  Acc=90.0%
2026-05-21T16:00:01.579972,1779368401.5799723,TRAIN_EPOCH,4,0.5013,90.0,,,,,  Epoch  4  Loss=0.5013  Acc=90.0%
2026-05-21T16:00:01.738567,1779368401.7385676,TRAIN_EPOCH,5,0.488,90.0,,,,,  Epoch  5  Loss=0.4880  Acc=90.0%
2026-05-21T16:00:01.887590,1779368401.8875906,TRAIN_EPOCH,6,0.4783,90.0,,,,,  Epoch  6  Loss=0.4783  Acc=90.0%
2026-05-21T16:00:02.034320,1779368402.0343204,TRAIN_EPOCH,7,0.4673,90.0,,,,,  Epoch  7  Loss=0.4673  Acc=90.0%
2026-05-21T16:00:02.184628,1779368402.1846285,TRAIN_EPOCH,8,0.4586,90.0,,,,,  Epoch  8  Loss=0.4586  Acc=90.0%
2026-05-21T16:00:02.331987,1779368402.331987,TRAIN_EPOCH,9,0.4532,90.0,,,,,  Epoch  9  Loss=0.4532  Acc=90.0%
2026-05-21T16:00:02.480757,1779368402.480757,TRAIN_EPOCH,10,0.4447,90.0,,,,,  Epoch 10  Loss=0.4447  Acc=90.0%
2026-05-21T16:00:02.639231,1779368402.6392314,TRAIN_EPOCH,11,0.4381,90.0,,,,,  Epoch 11  Loss=0.4381  Acc=90.0%
2026-05-21T16:00:02.786529,1779368402.7865295,TRAIN_EPOCH,12,0.4326,90.0,,,,,  Epoch 12  Loss=0.4326  Acc=90.0%
2026-05-21T16:00:02.934560,1779368402.9345608,TRAIN_EPOCH,13,0.4297,90.0,,,,,  Epoch 13  Loss=0.4297  Acc=90.0%
2026-05-21T16:00:03.092829,1779368403.0928295,TRAIN_EPOCH,14,0.423,90.0,,,,,  Epoch 14  Loss=0.4230  Acc=90.0%
2026-05-21T16:00:03.093826,1779368403.0938268,VALIDATION,,,,80.0,10,,,[ACCURACY] Validation: 80.0% (n=10)
2026-05-21T16:00:03.094824,1779368403.094824,FL,,,,,,,"B1 pre-pack: min=-7.7559, max=7.2987, mean=0.2250","[FL] B1 pre-pack: min=-7.7559, max=7.2987, mean=0.2250"
2026-05-21T16:00:03.094824,1779368403.094824,FL,,,,,,,Model sent (72 bytes),[FL] Model sent (72 bytes)
2026-05-21T16:00:03.094824,1779368403.094824,NEW_SAMPLE,,,,,30,other,,[DATA] class=other (n=30)
2026-05-21T16:00:03.253943,1779368403.2539432,BLE,,,,,,,Received global model (64 bytes),[BLE] Received global model (64 bytes)
2026-05-21T16:00:03.255927,1779368403.255927,FL,,,,,,,Global model updated (Adam reset),[FL] Global model updated (Adam reset)
2026-05-21T16:00:03.257892,1779368403.2578924,FL,,,,,,,"B1 unpacked: min=-7.7165, max=6.7717, mean=0.2190","[FL] B1 unpacked: min=-7.7165, max=6.7717, mean=0.2190"
2026-05-21T16:00:05.099112,1779368405.099112,NEW_SAMPLE,,,,,30,other,,[DATA] class=other (n=30)
2026-05-21T16:00:07.096155,1779368407.0961552,NEW_SAMPLE,,,,,30,horse,,[DATA] class=horse (n=30)
2026-05-21T16:00:09.096246,1779368409.096246,NEW_SAMPLE,,,,,30,dog,,[DATA] class=dog (n=30)
2026-05-21T16:00:11.102846,1779368411.1028469,NEW_SAMPLE,,,,,30,other,,[DATA] class=other (n=30)
2026-05-21T16:00:13.100729,1779368413.1007297,NEW_SAMPLE,,,,,30,other,,[DATA] class=other (n=30)
2026-05-21T16:00:15.099847,1779368415.0998473,NEW_SAMPLE,,,,,30,other,,[DATA] class=other (n=30)
2026-05-21T16:00:17.102098,1779368417.1020985,NEW_SAMPLE,,,,,30,cat,,[DATA] class=cat (n=30)
2026-05-21T16:00:19.099763,1779368419.0997632,NEW_SAMPLE,,,,,30,dog,,[DATA] class=dog (n=30)
2026-05-21T16:00:20.846177,1779368420.8461776,FL,,,,,,,Local training (4-class cross-entropy),[FL] Local training (4-class cross-entropy)
2026-05-21T16:00:20.982939,1779368420.98294,TRAIN_EPOCH,0,0.7049,70.0,,,,,  Epoch  0  Loss=0.7049  Acc=70.0%
2026-05-21T16:00:21.131205,1779368421.1312056,TRAIN_EPOCH,1,0.5879,76.7,,,,,  Epoch  1  Loss=0.5879  Acc=76.7%
2026-05-21T16:00:21.279186,1779368421.279187,TRAIN_EPOCH,2,0.5575,76.7,,,,,  Epoch  2  Loss=0.5575  Acc=76.7%
2026-05-21T16:00:21.429480,1779368421.4294806,TRAIN_EPOCH,3,0.5465,80.0,,,,,  Epoch  3  Loss=0.5465  Acc=80.0%
2026-05-21T16:00:21.588236,1779368421.5882366,TRAIN_EPOCH,4,0.539,83.3,,,,,  Epoch  4  Loss=0.5390  Acc=83.3%
2026-05-21T16:00:21.735604,1779368421.7356045,TRAIN_EPOCH,5,0.5334,83.3,,,,,  Epoch  5  Loss=0.5334  Acc=83.3%
2026-05-21T16:00:21.884126,1779368421.8841262,TRAIN_EPOCH,6,0.528,83.3,,,,,  Epoch  6  Loss=0.5280  Acc=83.3%
2026-05-21T16:00:22.032316,1779368422.0323164,TRAIN_EPOCH,7,0.5226,86.7,,,,,  Epoch  7  Loss=0.5226  Acc=86.7%
2026-05-21T16:00:22.179079,1779368422.1790798,TRAIN_EPOCH,8,0.5174,86.7,,,,,  Epoch  8  Loss=0.5174  Acc=86.7%
2026-05-21T16:00:22.336582,1779368422.3365827,TRAIN_EPOCH,9,0.5122,86.7,,,,,  Epoch  9  Loss=0.5122  Acc=86.7%
2026-05-21T16:00:22.484936,1779368422.484937,TRAIN_EPOCH,10,0.5068,90.0,,,,,  Epoch 10  Loss=0.5068  Acc=90.0%
2026-05-21T16:00:22.631327,1779368422.6313272,TRAIN_EPOCH,11,0.4987,93.3,,,,,  Epoch 11  Loss=0.4987  Acc=93.3%
2026-05-21T16:00:22.790445,1779368422.7904453,TRAIN_EPOCH,12,0.4869,93.3,,,,,  Epoch 12  Loss=0.4869  Acc=93.3%
2026-05-21T16:00:22.939274,1779368422.939274,TRAIN_EPOCH,13,0.4783,93.3,,,,,  Epoch 13  Loss=0.4783  Acc=93.3%
2026-05-21T16:00:23.087118,1779368423.0871181,TRAIN_EPOCH,14,0.4705,93.3,,,,,  Epoch 14  Loss=0.4705  Acc=93.3%
2026-05-21T16:00:23.089912,1779368423.0899127,VALIDATION,,,,100.0,10,,,[ACCURACY] Validation: 100.0% (n=10)
2026-05-21T16:00:23.090425,1779368423.090425,FL,,,,,,,"B1 pre-pack: min=-9.1831, max=6.9317, mean=0.2776","[FL] B1 pre-pack: min=-9.1831, max=6.9317, mean=0.2776"
2026-05-21T16:00:23.093452,1779368423.0934527,FL,,,,,,,Model sent (72 bytes),[FL] Model sent (72 bytes)
2026-05-21T16:00:23.094573,1779368423.094573,NEW_SAMPLE,,,,,30,cat,,[DATA] class=cat (n=30)
2026-05-21T16:00:23.294894,1779368423.2948942,BLE,,,,,,,Received global model (64 bytes),[BLE] Received global model (64 bytes)
2026-05-21T16:00:23.297888,1779368423.2978885,FL,,,,,,,Global model updated (Adam reset),[FL] Global model updated (Adam reset)
2026-05-21T16:00:23.298860,1779368423.2988603,FL,,,,,,,"B1 unpacked: min=-8.4252, max=6.8504, mean=0.2510","[FL] B1 unpacked: min=-8.4252, max=6.8504, mean=0.2510"
2026-05-21T16:00:25.098402,1779368425.0984025,NEW_SAMPLE,,,,,30,cat,,[DATA] class=cat (n=30)
2026-05-21T16:00:27.094606,1779368427.0946069,NEW_SAMPLE,,,,,30,dog,,[DATA] class=dog (n=30)
2026-05-21T16:00:29.093197,1779368429.0931973,NEW_SAMPLE,,,,,30,cat,,[DATA] class=cat (n=30)
2026-05-21T16:00:31.101081,1779368431.1010816,NEW_SAMPLE,,,,,30,dog,,[DATA] class=dog (n=30)
2026-05-21T16:00:33.096502,1779368433.0965023,NEW_SAMPLE,,,,,30,cat,,[DATA] class=cat (n=30)
2026-05-21T16:00:35.097056,1779368435.0970566,NEW_SAMPLE,,,,,30,horse,,[DATA] class=horse (n=30)
2026-05-21T16:00:37.099533,1779368437.0995333,NEW_SAMPLE,,,,,30,dog,,[DATA] class=dog (n=30)
2026-05-21T16:00:39.101458,1779368439.1014585,NEW_SAMPLE,,,,,30,other,,[DATA] class=other (n=30)
2026-05-21T16:00:40.846549,1779368440.846549,FL,,,,,,,Local training (4-class cross-entropy),[FL] Local training (4-class cross-entropy)
2026-05-21T16:00:40.983527,1779368440.9835274,TRAIN_EPOCH,0,0.8846,66.7,,,,,  Epoch  0  Loss=0.8846  Acc=66.7%
2026-05-21T16:00:41.130736,1779368441.1307366,TRAIN_EPOCH,1,0.8262,73.3,,,,,  Epoch  1  Loss=0.8262  Acc=73.3%
2026-05-21T16:00:41.279267,1779368441.2792675,TRAIN_EPOCH,2,0.8067,73.3,,,,,  Epoch  2  Loss=0.8067  Acc=73.3%
2026-05-21T16:00:41.437358,1779368441.4373586,TRAIN_EPOCH,3,0.7921,76.7,,,,,  Epoch  3  Loss=0.7921  Acc=76.7%
2026-05-21T16:00:41.586878,1779368441.5868783,TRAIN_EPOCH,4,0.7742,76.7,,,,,  Epoch  4  Loss=0.7742  Acc=76.7%
2026-05-21T16:00:41.735704,1779368441.7357044,TRAIN_EPOCH,5,0.763,76.7,,,,,  Epoch  5  Loss=0.7630  Acc=76.7%
2026-05-21T16:00:41.883267,1779368441.8832679,TRAIN_EPOCH,6,0.7532,76.7,,,,,  Epoch  6  Loss=0.7532  Acc=76.7%
2026-05-21T16:00:42.031033,1779368442.031033,TRAIN_EPOCH,7,0.7446,76.7,,,,,  Epoch  7  Loss=0.7446  Acc=76.7%
2026-05-21T16:00:42.178683,1779368442.178683,TRAIN_EPOCH,8,0.7372,76.7,,,,,  Epoch  8  Loss=0.7372  Acc=76.7%
2026-05-21T16:00:42.338400,1779368442.3384008,TRAIN_EPOCH,9,0.73,76.7,,,,,  Epoch  9  Loss=0.7300  Acc=76.7%
2026-05-21T16:00:42.486057,1779368442.4860578,TRAIN_EPOCH,10,0.7232,76.7,,,,,  Epoch 10  Loss=0.7232  Acc=76.7%
2026-05-21T16:00:42.635313,1779368442.6353128,TRAIN_EPOCH,11,0.7174,76.7,,,,,  Epoch 11  Loss=0.7174  Acc=76.7%
2026-05-21T16:00:42.783858,1779368442.7838585,TRAIN_EPOCH,12,0.7118,76.7,,,,,  Epoch 12  Loss=0.7118  Acc=76.7%
2026-05-21T16:00:42.933728,1779368442.9337285,TRAIN_EPOCH,13,0.7062,73.3,,,,,  Epoch 13  Loss=0.7062  Acc=73.3%
2026-05-21T16:00:43.093187,1779368443.0931878,TRAIN_EPOCH,14,0.7015,73.3,,,,,  Epoch 14  Loss=0.7015  Acc=73.3%
2026-05-21T16:00:43.095184,1779368443.0951848,VALIDATION,,,,60.0,10,,,[ACCURACY] Validation: 60.0% (n=10)
2026-05-21T16:00:43.098377,1779368443.0983775,FL,,,,,,,"B1 pre-pack: min=-9.3741, max=6.2666, mean=0.2938","[FL] B1 pre-pack: min=-9.3741, max=6.2666, mean=0.2938"
2026-05-21T16:00:43.099824,1779368443.0998242,FL,,,,,,,Model sent (72 bytes),[FL] Model sent (72 bytes)
2026-05-21T16:00:43.100822,1779368443.1008224,NEW_SAMPLE,,,,,30,dog,,[DATA] class=dog (n=30)
2026-05-21T16:00:43.273225,1779368443.2732258,BLE,,,,,,,Received global model (64 bytes),[BLE] Received global model (64 bytes)
2026-05-21T16:00:43.275179,1779368443.2751796,FL,,,,,,,Global model updated (Adam reset),[FL] Global model updated (Adam reset)
2026-05-21T16:00:43.278173,1779368443.2781737,FL,,,,,,,"B1 unpacked: min=-8.8976, max=6.5354, mean=0.2657","[FL] B1 unpacked: min=-8.8976, max=6.5354, mean=0.2657"
2026-05-21T16:00:45.100509,1779368445.100509,NEW_SAMPLE,,,,,30,horse,,[DATA] class=horse (n=30)
2026-05-21T16:00:47.097434,1779368447.097435,NEW_SAMPLE,,,,,30,other,,[DATA] class=other (n=30)
2026-05-21T16:00:49.102104,1779368449.1021044,NEW_SAMPLE,,,,,30,horse,,[DATA] class=horse (n=30)
2026-05-21T16:00:51.096701,1779368451.0967014,NEW_SAMPLE,,,,,30,cat,,[DATA] class=cat (n=30)
2026-05-21T16:00:53.103015,1779368453.1030154,NEW_SAMPLE,,,,,30,cat,,[DATA] class=cat (n=30)
2026-05-21T16:00:55.100757,1779368455.1007576,NEW_SAMPLE,,,,,30,other,,[DATA] class=other (n=30)
2026-05-21T16:00:57.094519,1779368457.0945196,NEW_SAMPLE,,,,,30,horse,,[DATA] class=horse (n=30)
2026-05-21T16:00:59.100645,1779368459.100645,NEW_SAMPLE,,,,,30,other,,[DATA] class=other (n=30)
2026-05-21T16:01:00.848204,1779368460.8482044,FL,,,,,,,Local training (4-class cross-entropy),[FL] Local training (4-class cross-entropy)
2026-05-21T16:01:00.986358,1779368460.986358,TRAIN_EPOCH,0,0.7596,73.3,,,,,  Epoch  0  Loss=0.7596  Acc=73.3%
2026-05-21T16:01:01.133650,1779368461.1336498,TRAIN_EPOCH,1,0.6739,73.3,,,,,  Epoch  1  Loss=0.6739  Acc=73.3%
2026-05-21T16:01:01.283312,1779368461.283312,TRAIN_EPOCH,2,0.6501,73.3,,,,,  Epoch  2  Loss=0.6501  Acc=73.3%
2026-05-21T16:01:01.432264,1779368461.4322646,TRAIN_EPOCH,3,0.6264,73.3,,,,,  Epoch  3  Loss=0.6264  Acc=73.3%
2026-05-21T16:01:01.579586,1779368461.5795863,TRAIN_EPOCH,4,0.6067,73.3,,,,,  Epoch  4  Loss=0.6067  Acc=73.3%
2026-05-21T16:01:01.737544,1779368461.7375448,TRAIN_EPOCH,5,0.5889,76.7,,,,,  Epoch  5  Loss=0.5889  Acc=76.7%
2026-05-21T16:01:01.883711,1779368461.8837118,TRAIN_EPOCH,6,0.5731,73.3,,,,,  Epoch  6  Loss=0.5731  Acc=73.3%
2026-05-21T16:01:02.031934,1779368462.0319347,TRAIN_EPOCH,7,0.5594,73.3,,,,,  Epoch  7  Loss=0.5594  Acc=73.3%
2026-05-21T16:01:02.182138,1779368462.1821384,TRAIN_EPOCH,8,0.5479,73.3,,,,,  Epoch  8  Loss=0.5479  Acc=73.3%
2026-05-21T16:01:02.329891,1779368462.329892,TRAIN_EPOCH,9,0.5381,73.3,,,,,  Epoch  9  Loss=0.5381  Acc=73.3%
2026-05-21T16:01:02.487715,1779368462.4877155,TRAIN_EPOCH,10,0.5295,73.3,,,,,  Epoch 10  Loss=0.5295  Acc=73.3%
2026-05-21T16:01:02.635633,1779368462.6356335,TRAIN_EPOCH,11,0.522,73.3,,,,,  Epoch 11  Loss=0.5220  Acc=73.3%
2026-05-21T16:01:02.782149,1779368462.7821493,TRAIN_EPOCH,12,0.5152,73.3,,,,,  Epoch 12  Loss=0.5152  Acc=73.3%
2026-05-21T16:01:02.941250,1779368462.94125,TRAIN_EPOCH,13,0.509,73.3,,,,,  Epoch 13  Loss=0.5090  Acc=73.3%
2026-05-21T16:01:03.088782,1779368463.0887825,TRAIN_EPOCH,14,0.5033,73.3,,,,,  Epoch 14  Loss=0.5033  Acc=73.3%
2026-05-21T16:01:03.088782,1779368463.0887825,VALIDATION,,,,90.0,10,,,[ACCURACY] Validation: 90.0% (n=10)
2026-05-21T16:01:03.089921,1779368463.0899212,FL,,,,,,,"B1 pre-pack: min=-9.5914, max=6.5234, mean=0.2155","[FL] B1 pre-pack: min=-9.5914, max=6.5234, mean=0.2155"
2026-05-21T16:01:03.094603,1779368463.0946033,FL,,,,,,,Model sent (72 bytes),[FL] Model sent (72 bytes)
2026-05-21T16:01:03.094603,1779368463.0946033,NEW_SAMPLE,,,,,30,horse,,[DATA] class=horse (n=30)
2026-05-21T16:01:03.254642,1779368463.2546422,BLE,,,,,,,Received global model (64 bytes),[BLE] Received global model (64 bytes)
2026-05-21T16:01:03.257582,1779368463.257583,FL,,,,,,,Global model updated (Adam reset),[FL] Global model updated (Adam reset)
2026-05-21T16:01:03.259979,1779368463.2599795,FL,,,,,,,"B1 unpacked: min=-9.2913, max=6.4567, mean=0.2387","[FL] B1 unpacked: min=-9.2913, max=6.4567, mean=0.2387"
2026-05-21T16:01:05.098533,1779368465.0985332,NEW_SAMPLE,,,,,30,horse,,[DATA] class=horse (n=30)
2026-05-21T16:01:07.095704,1779368467.0957043,NEW_SAMPLE,,,,,30,horse,,[DATA] class=horse (n=30)
2026-05-21T16:01:09.092826,1779368469.0928266,NEW_SAMPLE,,,,,30,cat,,[DATA] class=cat (n=30)
2026-05-21T16:01:11.097381,1779368471.0973818,NEW_SAMPLE,,,,,30,other,,[DATA] class=other (n=30)
2026-05-21T16:01:13.099447,1779368473.0994477,NEW_SAMPLE,,,,,30,dog,,[DATA] class=dog (n=30)
2026-05-21T16:01:15.092362,1779368475.092363,NEW_SAMPLE,,,,,30,horse,,[DATA] class=horse (n=30)
2026-05-21T16:01:17.099491,1779368477.0994916,NEW_SAMPLE,,,,,30,other,,[DATA] class=other (n=30)
2026-05-21T16:01:19.095579,1779368479.0955796,NEW_SAMPLE,,,,,30,other,,[DATA] class=other (n=30)
2026-05-21T16:01:20.838321,1779368480.838321,FL,,,,,,,Local training (4-class cross-entropy),[FL] Local training (4-class cross-entropy)
2026-05-21T16:01:20.985387,1779368480.9853873,TRAIN_EPOCH,0,0.6434,73.3,,,,,  Epoch  0  Loss=0.6434  Acc=73.3%
2026-05-21T16:01:21.133844,1779368481.1338441,TRAIN_EPOCH,1,0.5994,76.7,,,,,  Epoch  1  Loss=0.5994  Acc=76.7%
2026-05-21T16:01:21.280856,1779368481.2808566,TRAIN_EPOCH,2,0.5835,80.0,,,,,  Epoch  2  Loss=0.5835  Acc=80.0%
2026-05-21T16:01:21.430533,1779368481.430534,TRAIN_EPOCH,3,0.5732,83.3,,,,,  Epoch  3  Loss=0.5732  Acc=83.3%
2026-05-21T16:01:21.580027,1779368481.5800278,TRAIN_EPOCH,4,0.5637,83.3,,,,,  Epoch  4  Loss=0.5637  Acc=83.3%
2026-05-21T16:01:21.729951,1779368481.7299514,TRAIN_EPOCH,5,0.5556,83.3,,,,,  Epoch  5  Loss=0.5556  Acc=83.3%
2026-05-21T16:01:21.878522,1779368481.8785226,TRAIN_EPOCH,6,0.5485,83.3,,,,,  Epoch  6  Loss=0.5485  Acc=83.3%
2026-05-21T16:01:22.035524,1779368482.0355241,TRAIN_EPOCH,7,0.5423,80.0,,,,,  Epoch  7  Loss=0.5423  Acc=80.0%
2026-05-21T16:01:22.183826,1779368482.1838262,TRAIN_EPOCH,8,0.5371,80.0,,,,,  Epoch  8  Loss=0.5371  Acc=80.0%
2026-05-21T16:01:22.333611,1779368482.3336117,TRAIN_EPOCH,9,0.5342,80.0,,,,,  Epoch  9  Loss=0.5342  Acc=80.0%
2026-05-21T16:01:22.480568,1779368482.4805686,TRAIN_EPOCH,10,0.5307,80.0,,,,,  Epoch 10  Loss=0.5307  Acc=80.0%
2026-05-21T16:01:22.630709,1779368482.6307096,TRAIN_EPOCH,11,0.5265,80.0,,,,,  Epoch 11  Loss=0.5265  Acc=80.0%
2026-05-21T16:01:22.787759,1779368482.7877595,TRAIN_EPOCH,12,0.5223,80.0,,,,,  Epoch 12  Loss=0.5223  Acc=80.0%
2026-05-21T16:01:22.935439,1779368482.9354393,TRAIN_EPOCH,13,0.5184,80.0,,,,,  Epoch 13  Loss=0.5184  Acc=80.0%
2026-05-21T16:01:23.085684,1779368483.085685,TRAIN_EPOCH,14,0.5151,80.0,,,,,  Epoch 14  Loss=0.5151  Acc=80.0%
2026-05-21T16:01:23.089504,1779368483.0895045,VALIDATION,,,,80.0,10,,,[ACCURACY] Validation: 80.0% (n=10)
2026-05-21T16:01:23.092301,1779368483.0923014,FL,,,,,,,"B1 pre-pack: min=-9.5610, max=6.7022, mean=0.2295","[FL] B1 pre-pack: min=-9.5610, max=6.7022, mean=0.2295"
2026-05-21T16:01:23.094260,1779368483.0942605,FL,,,,,,,Model sent (72 bytes),[FL] Model sent (72 bytes)
2026-05-21T16:01:23.096259,1779368483.0962598,NEW_SAMPLE,,,,,30,cat,,[DATA] class=cat (n=30)
2026-05-21T16:01:23.235343,1779368483.2353432,BLE,,,,,,,Received global model (64 bytes),[BLE] Received global model (64 bytes)
2026-05-21T16:01:23.236328,1779368483.2363286,FL,,,,,,,Global model updated (Adam reset),[FL] Global model updated (Adam reset)
2026-05-21T16:01:23.238740,1779368483.2387407,FL,,,,,,,"B1 unpacked: min=-9.3701, max=6.3780, mean=0.2387","[FL] B1 unpacked: min=-9.3701, max=6.3780, mean=0.2387"
2026-05-21T16:01:25.100559,1779368485.100559,NEW_SAMPLE,,,,,30,other,,[DATA] class=other (n=30)
2026-05-21T16:01:27.095435,1779368487.095435,NEW_SAMPLE,,,,,30,other,,[DATA] class=other (n=30)
2026-05-21T16:01:29.096149,1779368489.0961497,NEW_SAMPLE,,,,,30,cat,,[DATA] class=cat (n=30)
2026-05-21T16:01:31.093127,1779368491.0931277,NEW_SAMPLE,,,,,30,dog,,[DATA] class=dog (n=30)
2026-05-21T16:01:33.100647,1779368493.1006474,NEW_SAMPLE,,,,,30,dog,,[DATA] class=dog (n=30)
2026-05-21T16:01:35.099137,1779368495.0991375,NEW_SAMPLE,,,,,30,dog,,[DATA] class=dog (n=30)
2026-05-21T16:01:37.095060,1779368497.09506,NEW_SAMPLE,,,,,30,dog,,[DATA] class=dog (n=30)
2026-05-21T16:01:39.099166,1779368499.0991662,NEW_SAMPLE,,,,,30,horse,,[DATA] class=horse (n=30)
2026-05-21T16:01:40.845529,1779368500.8455293,FL,,,,,,,Local training (4-class cross-entropy),[FL] Local training (4-class cross-entropy)
2026-05-21T16:01:40.981927,1779368500.9819276,TRAIN_EPOCH,0,0.4778,76.7,,,,,  Epoch  0  Loss=0.4778  Acc=76.7%
2026-05-21T16:01:41.130275,1779368501.1302755,TRAIN_EPOCH,1,0.4558,83.3,,,,,  Epoch  1  Loss=0.4558  Acc=83.3%
2026-05-21T16:01:41.280004,1779368501.280005,TRAIN_EPOCH,2,0.4457,83.3,,,,,  Epoch  2  Loss=0.4457  Acc=83.3%
2026-05-21T16:01:41.438668,1779368501.4386687,TRAIN_EPOCH,3,0.4377,83.3,,,,,  Epoch  3  Loss=0.4377  Acc=83.3%
2026-05-21T16:01:41.584931,1779368501.5849316,TRAIN_EPOCH,4,0.437,83.3,,,,,  Epoch  4  Loss=0.4370  Acc=83.3%
2026-05-21T16:01:41.733871,1779368501.7338715,TRAIN_EPOCH,5,0.4289,83.3,,,,,  Epoch  5  Loss=0.4289  Acc=83.3%
2026-05-21T16:01:41.882418,1779368501.8824186,TRAIN_EPOCH,6,0.4292,83.3,,,,,  Epoch  6  Loss=0.4292  Acc=83.3%
2026-05-21T16:01:42.028298,1779368502.028298,TRAIN_EPOCH,7,0.4214,83.3,,,,,  Epoch  7  Loss=0.4214  Acc=83.3%
2026-05-21T16:01:42.187692,1779368502.1876924,TRAIN_EPOCH,8,0.4222,83.3,,,,,  Epoch  8  Loss=0.4222  Acc=83.3%
2026-05-21T16:01:42.336173,1779368502.336173,TRAIN_EPOCH,9,0.4149,83.3,,,,,  Epoch  9  Loss=0.4149  Acc=83.3%
2026-05-21T16:01:42.484053,1779368502.4840536,TRAIN_EPOCH,10,0.4162,83.3,,,,,  Epoch 10  Loss=0.4162  Acc=83.3%
2026-05-21T16:01:42.632070,1779368502.6320703,TRAIN_EPOCH,11,0.4087,83.3,,,,,  Epoch 11  Loss=0.4087  Acc=83.3%
2026-05-21T16:01:42.790093,1779368502.790093,TRAIN_EPOCH,12,0.41,83.3,,,,,  Epoch 12  Loss=0.4100  Acc=83.3%
2026-05-21T16:01:42.936976,1779368502.936976,TRAIN_EPOCH,13,0.4027,83.3,,,,,  Epoch 13  Loss=0.4027  Acc=83.3%
2026-05-21T16:01:43.093558,1779368503.0935583,TRAIN_EPOCH,14,0.4043,83.3,,,,,  Epoch 14  Loss=0.4043  Acc=83.3%
2026-05-21T16:01:43.094578,1779368503.0945783,VALIDATION,,,,90.0,10,,,[ACCURACY] Validation: 90.0% (n=10)
2026-05-21T16:01:43.095557,1779368503.0955572,FL,,,,,,,"B1 pre-pack: min=-9.8215, max=7.0821, mean=0.2345","[FL] B1 pre-pack: min=-9.8215, max=7.0821, mean=0.2345"
2026-05-21T16:01:43.096566,1779368503.0965667,FL,,,,,,,Model sent (72 bytes),[FL] Model sent (72 bytes)
2026-05-21T16:01:43.096566,1779368503.0965667,NEW_SAMPLE,,,,,30,cat,,[DATA] class=cat (n=30)
2026-05-21T16:01:43.276225,1779368503.2762256,BLE,,,,,,,Received global model (64 bytes),[BLE] Received global model (64 bytes)
2026-05-21T16:01:43.277224,1779368503.2772238,FL,,,,,,,Global model updated (Adam reset),[FL] Global model updated (Adam reset)
2026-05-21T16:01:43.277224,1779368503.2772238,FL,,,,,,,"B1 unpacked: min=-9.6063, max=6.6929, mean=0.2362","[FL] B1 unpacked: min=-9.6063, max=6.6929, mean=0.2362"
2026-05-21T16:01:45.094034,1779368505.0940342,NEW_SAMPLE,,,,,30,other,,[DATA] class=other (n=30)
2026-05-21T16:01:47.098108,1779368507.098109,NEW_SAMPLE,,,,,30,horse,,[DATA] class=horse (n=30)
2026-05-21T16:01:49.095816,1779368509.0958161,NEW_SAMPLE,,,,,30,horse,,[DATA] class=horse (n=30)
2026-05-21T16:01:51.100303,1779368511.1003034,NEW_SAMPLE,,,,,30,cat,,[DATA] class=cat (n=30)
2026-05-21T16:01:53.095627,1779368513.095627,NEW_SAMPLE,,,,,30,other,,[DATA] class=other (n=30)
2026-05-21T16:01:55.100291,1779368515.1002917,NEW_SAMPLE,,,,,30,cat,,[DATA] class=cat (n=30)
2026-05-21T16:01:57.095731,1779368517.0957313,NEW_SAMPLE,,,,,30,horse,,[DATA] class=horse (n=30)
2026-05-21T16:01:59.093264,1779368519.0932646,NEW_SAMPLE,,,,,30,horse,,[DATA] class=horse (n=30)
2026-05-21T16:02:00.844117,1779368520.8441176,FL,,,,,,,Local training (4-class cross-entropy),[FL] Local training (4-class cross-entropy)
2026-05-21T16:02:00.982284,1779368520.9822848,TRAIN_EPOCH,0,0.6061,70.0,,,,,  Epoch  0  Loss=0.6061  Acc=70.0%
2026-05-21T16:02:01.130373,1779368521.130373,TRAIN_EPOCH,1,0.5502,70.0,,,,,  Epoch  1  Loss=0.5502  Acc=70.0%
2026-05-21T16:02:01.279892,1779368521.2798927,TRAIN_EPOCH,2,0.535,70.0,,,,,  Epoch  2  Loss=0.5350  Acc=70.0%
2026-05-21T16:02:01.437975,1779368521.4379754,TRAIN_EPOCH,3,0.5258,70.0,,,,,  Epoch  3  Loss=0.5258  Acc=70.0%
2026-05-21T16:02:01.586262,1779368521.5862622,TRAIN_EPOCH,4,0.5154,70.0,,,,,  Epoch  4  Loss=0.5154  Acc=70.0%
2026-05-21T16:02:01.735406,1779368521.7354064,TRAIN_EPOCH,5,0.5092,70.0,,,,,  Epoch  5  Loss=0.5092  Acc=70.0%
2026-05-21T16:02:01.882426,1779368521.8824267,TRAIN_EPOCH,6,0.5038,70.0,,,,,  Epoch  6  Loss=0.5038  Acc=70.0%
2026-05-21T16:02:02.030397,1779368522.030397,TRAIN_EPOCH,7,0.4988,73.3,,,,,  Epoch  7  Loss=0.4988  Acc=73.3%
2026-05-21T16:02:02.179971,1779368522.1799717,TRAIN_EPOCH,8,0.4942,73.3,,,,,  Epoch  8  Loss=0.4942  Acc=73.3%
2026-05-21T16:02:02.337732,1779368522.3377326,TRAIN_EPOCH,9,0.4908,73.3,,,,,  Epoch  9  Loss=0.4908  Acc=73.3%
2026-05-21T16:02:02.484395,1779368522.4843957,TRAIN_EPOCH,10,0.4872,73.3,,,,,  Epoch 10  Loss=0.4872  Acc=73.3%
2026-05-21T16:02:02.631413,1779368522.631414,TRAIN_EPOCH,11,0.4841,73.3,,,,,  Epoch 11  Loss=0.4841  Acc=73.3%
2026-05-21T16:02:02.789904,1779368522.7899039,TRAIN_EPOCH,12,0.4811,73.3,,,,,  Epoch 12  Loss=0.4811  Acc=73.3%
2026-05-21T16:02:02.940799,1779368522.940799,TRAIN_EPOCH,13,0.4783,73.3,,,,,  Epoch 13  Loss=0.4783  Acc=73.3%
2026-05-21T16:02:03.088949,1779368523.088949,TRAIN_EPOCH,14,0.4757,76.7,,,,,  Epoch 14  Loss=0.4757  Acc=76.7%
2026-05-21T16:02:03.091981,1779368523.0919812,VALIDATION,,,,60.0,10,,,[ACCURACY] Validation: 60.0% (n=10)
2026-05-21T16:02:03.094971,1779368523.094971,FL,,,,,,,"B1 pre-pack: min=-9.8329, max=6.8257, mean=0.1963","[FL] B1 pre-pack: min=-9.8329, max=6.8257, mean=0.1963"
2026-05-21T16:02:03.095932,1779368523.0959325,FL,,,,,,,Model sent (72 bytes),[FL] Model sent (72 bytes)
2026-05-21T16:02:03.096936,1779368523.096937,NEW_SAMPLE,,,,,30,cat,,[DATA] class=cat (n=30)
2026-05-21T16:02:03.254668,1779368523.254668,BLE,,,,,,,Received global model (64 bytes),[BLE] Received global model (64 bytes)
2026-05-21T16:02:03.256616,1779368523.256616,FL,,,,,,,Global model updated (Adam reset),[FL] Global model updated (Adam reset)
2026-05-21T16:02:03.259201,1779368523.2592013,FL,,,,,,,"B1 unpacked: min=-9.7638, max=6.7717, mean=0.2092","[FL] B1 unpacked: min=-9.7638, max=6.7717, mean=0.2092"
2026-05-21T16:02:05.100553,1779368525.1005535,NEW_SAMPLE,,,,,30,cat,,[DATA] class=cat (n=30)
2026-05-21T16:02:07.100173,1779368527.1001737,NEW_SAMPLE,,,,,30,horse,,[DATA] class=horse (n=30)
2026-05-21T16:02:09.098138,1779368529.0983076,NEW_SAMPLE,,,,,30,dog,,[DATA] class=dog (n=30)
2026-05-21T16:02:11.097239,1779368531.0972393,NEW_SAMPLE,,,,,30,other,,[DATA] class=other (n=30)
2026-05-21T16:02:13.096136,1779368533.0961363,NEW_SAMPLE,,,,,30,other,,[DATA] class=other (n=30)
2026-05-21T16:02:15.097060,1779368535.097061,NEW_SAMPLE,,,,,30,horse,,[DATA] class=horse (n=30)
2026-05-21T16:02:17.101955,1779368537.1019552,NEW_SAMPLE,,,,,30,other,,[DATA] class=other (n=30)
2026-05-21T16:02:19.098636,1779368539.0986369,NEW_SAMPLE,,,,,30,cat,,[DATA] class=cat (n=30)
2026-05-21T16:02:20.841965,1779368540.8419652,FL,,,,,,,Local training (4-class cross-entropy),[FL] Local training (4-class cross-entropy)
2026-05-21T16:02:20.979469,1779368540.979469,TRAIN_EPOCH,0,0.8656,66.7,,,,,  Epoch  0  Loss=0.8656  Acc=66.7%
2026-05-21T16:02:21.136597,1779368541.1365972,TRAIN_EPOCH,1,0.7721,73.3,,,,,  Epoch  1  Loss=0.7721  Acc=73.3%
2026-05-21T16:02:21.284247,1779368541.2842479,TRAIN_EPOCH,2,0.7401,70.0,,,,,  Epoch  2  Loss=0.7401  Acc=70.0%
2026-05-21T16:02:21.430585,1779368541.4305854,TRAIN_EPOCH,3,0.7192,70.0,,,,,  Epoch  3  Loss=0.7192  Acc=70.0%
2026-05-21T16:02:21.579251,1779368541.5792513,TRAIN_EPOCH,4,0.7002,70.0,,,,,  Epoch  4  Loss=0.7002  Acc=70.0%
2026-05-21T16:02:21.739553,1779368541.7395537,TRAIN_EPOCH,5,0.6834,70.0,,,,,  Epoch  5  Loss=0.6834  Acc=70.0%
2026-05-21T16:02:21.879482,1779368541.8794825,TRAIN_EPOCH,6,0.6684,70.0,,,,,  Epoch  6  Loss=0.6684  Acc=70.0%
2026-05-21T16:02:22.037391,1779368542.0373917,TRAIN_EPOCH,7,0.6547,70.0,,,,,  Epoch  7  Loss=0.6547  Acc=70.0%
2026-05-21T16:02:22.184941,1779368542.184941,TRAIN_EPOCH,8,0.6417,70.0,,,,,  Epoch  8  Loss=0.6417  Acc=70.0%
2026-05-21T16:02:22.332078,1779368542.332078,TRAIN_EPOCH,9,0.6305,70.0,,,,,  Epoch  9  Loss=0.6305  Acc=70.0%
2026-05-21T16:02:22.488717,1779368542.488717,TRAIN_EPOCH,10,0.6202,70.0,,,,,  Epoch 10  Loss=0.6202  Acc=70.0%
2026-05-21T16:02:22.634427,1779368542.6344273,TRAIN_EPOCH,11,0.6111,70.0,,,,,  Epoch 11  Loss=0.6111  Acc=70.0%
2026-05-21T16:02:22.782089,1779368542.7820895,TRAIN_EPOCH,12,0.6037,70.0,,,,,  Epoch 12  Loss=0.6037  Acc=70.0%
2026-05-21T16:02:22.931893,1779368542.9318936,TRAIN_EPOCH,13,0.597,70.0,,,,,  Epoch 13  Loss=0.5970  Acc=70.0%
2026-05-21T16:02:23.091264,1779368543.091265,TRAIN_EPOCH,14,0.5919,70.0,,,,,  Epoch 14  Loss=0.5919  Acc=70.0%
2026-05-21T16:02:23.091264,1779368543.0922964,VALIDATION,,,,70.0,10,,,[ACCURACY] Validation: 70.0% (n=10)
2026-05-21T16:02:23.092470,1779368543.0924702,FL,,,,,,,"B1 pre-pack: min=-10.0346, max=6.6032, mean=0.3178","[FL] B1 pre-pack: min=-10.0346, max=6.6032, mean=0.3178"
2026-05-21T16:02:23.094422,1779368543.0944226,FL,,,,,,,Model sent (72 bytes),[FL] Model sent (72 bytes)
2026-05-21T16:02:23.094923,1779368543.0949235,NEW_SAMPLE,,,,,30,horse,,[DATA] class=horse (n=30)
2026-05-21T16:02:23.232244,1779368543.232244,BLE,,,,,,,Received global model (64 bytes),[BLE] Received global model (64 bytes)
2026-05-21T16:02:23.235234,1779368543.2352347,FL,,,,,,,Global model updated (Adam reset),[FL] Global model updated (Adam reset)
2026-05-21T16:02:23.236257,1779368543.2362576,FL,,,,,,,"B1 unpacked: min=-9.8425, max=6.6929, mean=0.2707","[FL] B1 unpacked: min=-9.8425, max=6.6929, mean=0.2707"
2026-05-21T16:02:25.099557,1779368545.0995572,NEW_SAMPLE,,,,,30,horse,,[DATA] class=horse (n=30)
2026-05-21T16:02:27.093081,1779368547.0930817,NEW_SAMPLE,,,,,30,horse,,[DATA] class=horse (n=30)
2026-05-21T16:02:29.101644,1779368549.1016443,NEW_SAMPLE,,,,,30,dog,,[DATA] class=dog (n=30)
2026-05-21T16:02:31.094780,1779368551.0947807,NEW_SAMPLE,,,,,30,cat,,[DATA] class=cat (n=30)
2026-05-21T16:02:33.100464,1779368553.1004648,NEW_SAMPLE,,,,,30,other,,[DATA] class=other (n=30)
2026-05-21T16:02:35.101658,1779368555.1016586,NEW_SAMPLE,,,,,30,other,,[DATA] class=other (n=30)
2026-05-21T16:02:37.098276,1779368557.0984511,NEW_SAMPLE,,,,,30,cat,,[DATA] class=cat (n=30)
2026-05-21T16:02:39.100227,1779368559.1002274,NEW_SAMPLE,,,,,30,cat,,[DATA] class=cat (n=30)
2026-05-21T16:02:40.839857,1779368560.8398573,FL,,,,,,,Local training (4-class cross-entropy),[FL] Local training (4-class cross-entropy)
2026-05-21T16:02:40.988329,1779368560.9883294,TRAIN_EPOCH,0,0.7625,66.7,,,,,  Epoch  0  Loss=0.7625  Acc=66.7%
2026-05-21T16:02:41.136520,1779368561.1365209,TRAIN_EPOCH,1,0.5978,76.7,,,,,  Epoch  1  Loss=0.5978  Acc=76.7%
2026-05-21T16:02:41.285668,1779368561.2856686,TRAIN_EPOCH,2,0.5734,73.3,,,,,  Epoch  2  Loss=0.5734  Acc=73.3%
2026-05-21T16:02:41.433805,1779368561.4338052,TRAIN_EPOCH,3,0.5479,73.3,,,,,  Epoch  3  Loss=0.5479  Acc=73.3%
2026-05-21T16:02:41.581781,1779368561.5817811,TRAIN_EPOCH,4,0.5311,76.7,,,,,  Epoch  4  Loss=0.5311  Acc=76.7%
2026-05-21T16:02:41.739468,1779368561.7394683,TRAIN_EPOCH,5,0.517,76.7,,,,,  Epoch  5  Loss=0.5170  Acc=76.7%
2026-05-21T16:02:41.886838,1779368561.8868387,TRAIN_EPOCH,6,0.5097,80.0,,,,,  Epoch  6  Loss=0.5097  Acc=80.0%
2026-05-21T16:02:42.033404,1779368562.033404,TRAIN_EPOCH,7,0.5011,80.0,,,,,  Epoch  7  Loss=0.5011  Acc=80.0%
2026-05-21T16:02:42.180230,1779368562.1802304,TRAIN_EPOCH,8,0.4951,83.3,,,,,  Epoch  8  Loss=0.4951  Acc=83.3%
2026-05-21T16:02:42.338100,1779368562.3381002,TRAIN_EPOCH,9,0.4914,83.3,,,,,  Epoch  9  Loss=0.4914  Acc=83.3%
2026-05-21T16:02:42.485264,1779368562.4852645,TRAIN_EPOCH,10,0.4864,86.7,,,,,  Epoch 10  Loss=0.4864  Acc=86.7%
2026-05-21T16:02:42.633064,1779368562.633064,TRAIN_EPOCH,11,0.4835,86.7,,,,,  Epoch 11  Loss=0.4835  Acc=86.7%
2026-05-21T16:02:42.790288,1779368562.7902884,TRAIN_EPOCH,12,0.4832,86.7,,,,,  Epoch 12  Loss=0.4832  Acc=86.7%
2026-05-21T16:02:42.940575,1779368562.9405758,TRAIN_EPOCH,13,0.4753,86.7,,,,,  Epoch 13  Loss=0.4753  Acc=86.7%
2026-05-21T16:02:43.089441,1779368563.0894413,TRAIN_EPOCH,14,0.4715,86.7,,,,,  Epoch 14  Loss=0.4715  Acc=86.7%
2026-05-21T16:02:43.091773,1779368563.091774,VALIDATION,,,,90.0,10,,,[ACCURACY] Validation: 90.0% (n=10)
2026-05-21T16:02:43.094808,1779368563.0948086,FL,,,,,,,"B1 pre-pack: min=-9.5328, max=6.4859, mean=0.3295","[FL] B1 pre-pack: min=-9.5328, max=6.4859, mean=0.3295"
2026-05-21T16:02:43.095804,1779368563.0958047,FL,,,,,,,Model sent (72 bytes),[FL] Model sent (72 bytes)
2026-05-21T16:02:43.096767,1779368563.096767,NEW_SAMPLE,,,,,30,other,,[DATA] class=other (n=30)
2026-05-21T16:02:43.274723,1779368563.2747238,BLE,,,,,,,Received global model (64 bytes),[BLE] Received global model (64 bytes)
2026-05-21T16:02:43.275760,1779368563.2757607,FL,,,,,,,Global model updated (Adam reset),[FL] Global model updated (Adam reset)
2026-05-21T16:02:43.275984,1779368563.2759838,FL,,,,,,,"B1 unpacked: min=-9.6850, max=6.6142, mean=0.2953","[FL] B1 unpacked: min=-9.6850, max=6.6142, mean=0.2953"
2026-05-21T16:02:45.099138,1779368565.0991387,NEW_SAMPLE,,,,,30,horse,,[DATA] class=horse (n=30)
2026-05-21T16:02:47.102097,1779368567.1020977,NEW_SAMPLE,,,,,30,cat,,[DATA] class=cat (n=30)
2026-05-21T16:02:49.098428,1779368569.0984282,NEW_SAMPLE,,,,,30,horse,,[DATA] class=horse (n=30)
2026-05-21T16:02:51.099994,1779368571.0999944,NEW_SAMPLE,,,,,30,dog,,[DATA] class=dog (n=30)
2026-05-21T16:02:53.096249,1779368573.0962498,NEW_SAMPLE,,,,,30,cat,,[DATA] class=cat (n=30)
2026-05-21T16:02:55.100834,1779368575.1008341,NEW_SAMPLE,,,,,30,cat,,[DATA] class=cat (n=30)
2026-05-21T16:02:57.101741,1779368577.1017413,NEW_SAMPLE,,,,,30,horse,,[DATA] class=horse (n=30)
2026-05-21T16:02:59.098709,1779368579.098709,NEW_SAMPLE,,,,,30,other,,[DATA] class=other (n=30)
2026-05-21T16:03:00.844464,1779368580.8444645,FL,,,,,,,Local training (4-class cross-entropy),[FL] Local training (4-class cross-entropy)
2026-05-21T16:03:00.982807,1779368580.9828074,TRAIN_EPOCH,0,0.6633,66.7,,,,,  Epoch  0  Loss=0.6633  Acc=66.7%
2026-05-21T16:03:01.131695,1779368581.1316953,TRAIN_EPOCH,1,0.5722,70.0,,,,,  Epoch  1  Loss=0.5722  Acc=70.0%
2026-05-21T16:03:01.279296,1779368581.2792964,TRAIN_EPOCH,2,0.5446,73.3,,,,,  Epoch  2  Loss=0.5446  Acc=73.3%
2026-05-21T16:03:01.438461,1779368581.4384608,TRAIN_EPOCH,3,0.5229,76.7,,,,,  Epoch  3  Loss=0.5229  Acc=76.7%
2026-05-21T16:03:01.584320,1779368581.5843205,TRAIN_EPOCH,4,0.5116,73.3,,,,,  Epoch  4  Loss=0.5116  Acc=73.3%
2026-05-21T16:03:01.730671,1779368581.7306716,TRAIN_EPOCH,5,0.5068,73.3,,,,,  Epoch  5  Loss=0.5068  Acc=73.3%
2026-05-21T16:03:01.878398,1779368581.8783987,TRAIN_EPOCH,6,0.504,76.7,,,,,  Epoch  6  Loss=0.5040  Acc=76.7%
2026-05-21T16:03:02.037292,1779368582.0372925,TRAIN_EPOCH,7,0.5021,76.7,,,,,  Epoch  7  Loss=0.5021  Acc=76.7%
2026-05-21T16:03:02.184730,1779368582.1847308,TRAIN_EPOCH,8,0.5003,76.7,,,,,  Epoch  8  Loss=0.5003  Acc=76.7%
2026-05-21T16:03:02.329971,1779368582.3299718,TRAIN_EPOCH,9,0.4974,76.7,,,,,  Epoch  9  Loss=0.4974  Acc=76.7%
2026-05-21T16:03:02.488130,1779368582.48813,TRAIN_EPOCH,10,0.4966,76.7,,,,,  Epoch 10  Loss=0.4966  Acc=76.7%
2026-05-21T16:03:02.635899,1779368582.6358993,TRAIN_EPOCH,11,0.4936,76.7,,,,,  Epoch 11  Loss=0.4936  Acc=76.7%
2026-05-21T16:03:02.784178,1779368582.784179,TRAIN_EPOCH,12,0.4917,76.7,,,,,  Epoch 12  Loss=0.4917  Acc=76.7%
2026-05-21T16:03:02.933512,1779368582.933512,TRAIN_EPOCH,13,0.4898,76.7,,,,,  Epoch 13  Loss=0.4898  Acc=76.7%
2026-05-21T16:03:03.092567,1779368583.0925672,TRAIN_EPOCH,14,0.4882,76.7,,,,,  Epoch 14  Loss=0.4882  Acc=76.7%
2026-05-21T16:03:03.093181,1779368583.093181,VALIDATION,,,,80.0,10,,,[ACCURACY] Validation: 80.0% (n=10)
2026-05-21T16:03:03.094214,1779368583.094214,FL,,,,,,,"B1 pre-pack: min=-9.4573, max=6.0418, mean=0.3586","[FL] B1 pre-pack: min=-9.4573, max=6.0418, mean=0.3586"
2026-05-21T16:03:03.094214,1779368583.094214,FL,,,,,,,Model sent (72 bytes),[FL] Model sent (72 bytes)
2026-05-21T16:03:03.094214,1779368583.094214,NEW_SAMPLE,,,,,30,dog,,[DATA] class=dog (n=30)
2026-05-21T16:03:03.252499,1779368583.252499,BLE,,,,,,,Received global model (64 bytes),[BLE] Received global model (64 bytes)
2026-05-21T16:03:03.255487,1779368583.2554877,FL,,,,,,,Global model updated (Adam reset),[FL] Global model updated (Adam reset)
2026-05-21T16:03:03.257480,1779368583.2574806,FL,,,,,,,"B1 unpacked: min=-9.6063, max=6.2992, mean=0.3371","[FL] B1 unpacked: min=-9.6063, max=6.2992, mean=0.3371"
2026-05-21T16:03:05.096880,1779368585.0968802,NEW_SAMPLE,,,,,30,dog,,[DATA] class=dog (n=30)
2026-05-21T16:03:07.100372,1779368587.1003726,NEW_SAMPLE,,,,,30,other,,[DATA] class=other (n=30)
2026-05-21T16:03:09.097620,1779368589.0976205,NEW_SAMPLE,,,,,30,cat,,[DATA] class=cat (n=30)
2026-05-21T16:03:11.101375,1779368591.1013756,NEW_SAMPLE,,,,,30,cat,,[DATA] class=cat (n=30)
2026-05-21T16:03:13.098364,1779368593.098364,NEW_SAMPLE,,,,,30,other,,[DATA] class=other (n=30)
2026-05-21T16:03:15.093714,1779368595.0937147,NEW_SAMPLE,,,,,30,other,,[DATA] class=other (n=30)
2026-05-21T16:03:17.100606,1779368597.1006064,NEW_SAMPLE,,,,,30,other,,[DATA] class=other (n=30)
2026-05-21T16:03:19.099403,1779368599.0994034,NEW_SAMPLE,,,,,30,dog,,[DATA] class=dog (n=30)
2026-05-21T16:03:20.844234,1779368600.8442345,FL,,,,,,,Local training (4-class cross-entropy),[FL] Local training (4-class cross-entropy)
2026-05-21T16:03:20.981689,1779368600.9816897,TRAIN_EPOCH,0,0.5577,73.3,,,,,  Epoch  0  Loss=0.5577  Acc=73.3%
2026-05-21T16:03:21.129919,1779368601.1299198,TRAIN_EPOCH,1,0.5012,73.3,,,,,  Epoch  1  Loss=0.5012  Acc=73.3%
2026-05-21T16:03:21.289219,1779368601.2892196,TRAIN_EPOCH,2,0.4689,80.0,,,,,  Epoch  2  Loss=0.4689  Acc=80.0%
2026-05-21T16:03:21.436249,1779368601.4362495,TRAIN_EPOCH,3,0.4619,83.3,,,,,  Epoch  3  Loss=0.4619  Acc=83.3%
2026-05-21T16:03:21.583754,1779368601.5837548,TRAIN_EPOCH,4,0.4533,86.7,,,,,  Epoch  4  Loss=0.4533  Acc=86.7%
2026-05-21T16:03:21.730086,1779368601.730086,TRAIN_EPOCH,5,0.4456,86.7,,,,,  Epoch  5  Loss=0.4456  Acc=86.7%
2026-05-21T16:03:21.888276,1779368601.8882763,TRAIN_EPOCH,6,0.438,86.7,,,,,  Epoch  6  Loss=0.4380  Acc=86.7%
2026-05-21T16:03:22.036364,1779368602.0363648,TRAIN_EPOCH,7,0.4309,86.7,,,,,  Epoch  7  Loss=0.4309  Acc=86.7%
2026-05-21T16:03:22.187871,1779368602.1878717,TRAIN_EPOCH,8,0.4239,86.7,,,,,  Epoch  8  Loss=0.4239  Acc=86.7%
2026-05-21T16:03:22.336276,1779368602.3362763,TRAIN_EPOCH,9,0.4173,86.7,,,,,  Epoch  9  Loss=0.4173  Acc=86.7%
2026-05-21T16:03:22.484450,1779368602.4844506,TRAIN_EPOCH,10,0.4103,86.7,,,,,  Epoch 10  Loss=0.4103  Acc=86.7%
2026-05-21T16:03:22.632629,1779368602.6326292,TRAIN_EPOCH,11,0.4035,86.7,,,,,  Epoch 11  Loss=0.4035  Acc=86.7%
2026-05-21T16:03:22.782724,1779368602.7827244,TRAIN_EPOCH,12,0.3975,86.7,,,,,  Epoch 12  Loss=0.3975  Acc=86.7%
2026-05-21T16:03:22.940130,1779368602.9401307,TRAIN_EPOCH,13,0.3921,86.7,,,,,  Epoch 13  Loss=0.3921  Acc=86.7%
2026-05-21T16:03:23.089749,1779368603.0897493,TRAIN_EPOCH,14,0.3873,86.7,,,,,  Epoch 14  Loss=0.3873  Acc=86.7%
2026-05-21T16:03:23.091755,1779368603.0917556,VALIDATION,,,,90.0,10,,,[ACCURACY] Validation: 90.0% (n=10)
2026-05-21T16:03:23.094747,1779368603.094747,FL,,,,,,,"B1 pre-pack: min=-10.3086, max=7.1238, mean=0.2931","[FL] B1 pre-pack: min=-10.3086, max=7.1238, mean=0.2931"
2026-05-21T16:03:23.095652,1779368603.095652,FL,,,,,,,Model sent (72 bytes),[FL] Model sent (72 bytes)
2026-05-21T16:03:23.096655,1779368603.0966551,NEW_SAMPLE,,,,,30,cat,,[DATA] class=cat (n=30)
2026-05-21T16:03:23.235708,1779368603.235709,BLE,,,,,,,Received global model (64 bytes),[BLE] Received global model (64 bytes)
2026-05-21T16:03:23.238161,1779368603.2381616,FL,,,,,,,Global model updated (Adam reset),[FL] Global model updated (Adam reset)
2026-05-21T16:03:23.241151,1779368603.2411513,FL,,,,,,,"B1 unpacked: min=-9.8425, max=6.6929, mean=0.3100","[FL] B1 unpacked: min=-9.8425, max=6.6929, mean=0.3100"
2026-05-21T16:03:25.099997,1779368605.099998,NEW_SAMPLE,,,,,30,dog,,[DATA] class=dog (n=30)
2026-05-21T16:03:27.097891,1779368607.0978918,NEW_SAMPLE,,,,,30,cat,,[DATA] class=cat (n=30)
2026-05-21T16:03:29.095682,1779368609.0956826,NEW_SAMPLE,,,,,30,other,,[DATA] class=other (n=30)
2026-05-21T16:03:31.092839,1779368611.0928392,NEW_SAMPLE,,,,,30,dog,,[DATA] class=dog (n=30)
2026-05-21T16:03:33.098828,1779368613.098828,NEW_SAMPLE,,,,,30,other,,[DATA] class=other (n=30)
2026-05-21T16:03:35.098830,1779368615.0988307,NEW_SAMPLE,,,,,30,cat,,[DATA] class=cat (n=30)
2026-05-21T16:03:37.095561,1779368617.0955615,NEW_SAMPLE,,,,,30,dog,,[DATA] class=dog (n=30)
2026-05-21T16:03:39.101199,1779368619.1011992,NEW_SAMPLE,,,,,30,dog,,[DATA] class=dog (n=30)
2026-05-21T16:03:40.839510,1779368620.8395107,FL,,,,,,,Local training (4-class cross-entropy),[FL] Local training (4-class cross-entropy)
2026-05-21T16:03:40.977652,1779368620.9776525,TRAIN_EPOCH,0,0.4742,76.7,,,,,  Epoch  0  Loss=0.4742  Acc=76.7%
2026-05-21T16:03:41.136084,1779368621.1360846,TRAIN_EPOCH,1,0.3813,86.7,,,,,  Epoch  1  Loss=0.3813  Acc=86.7%
2026-05-21T16:03:41.283775,1779368621.283775,TRAIN_EPOCH,2,0.3641,80.0,,,,,  Epoch  2  Loss=0.3641  Acc=80.0%
2026-05-21T16:03:41.432063,1779368621.432064,TRAIN_EPOCH,3,0.3535,80.0,,,,,  Epoch  3  Loss=0.3535  Acc=80.0%
2026-05-21T16:03:41.579299,1779368621.5793,TRAIN_EPOCH,4,0.3443,80.0,,,,,  Epoch  4  Loss=0.3443  Acc=80.0%
2026-05-21T16:03:41.736130,1779368621.7361307,TRAIN_EPOCH,5,0.3358,80.0,,,,,  Epoch  5  Loss=0.3358  Acc=80.0%
2026-05-21T16:03:41.884380,1779368621.8843808,TRAIN_EPOCH,6,0.3283,80.0,,,,,  Epoch  6  Loss=0.3283  Acc=80.0%
2026-05-21T16:03:42.033797,1779368622.0337973,TRAIN_EPOCH,7,0.3209,80.0,,,,,  Epoch  7  Loss=0.3209  Acc=80.0%
2026-05-21T16:03:42.183774,1779368622.1837742,TRAIN_EPOCH,8,0.3143,83.3,,,,,  Epoch  8  Loss=0.3143  Acc=83.3%
2026-05-21T16:03:42.331178,1779368622.331178,TRAIN_EPOCH,9,0.3084,83.3,,,,,  Epoch  9  Loss=0.3084  Acc=83.3%
2026-05-21T16:03:42.487837,1779368622.4878378,TRAIN_EPOCH,10,0.303,83.3,,,,,  Epoch 10  Loss=0.3030  Acc=83.3%
2026-05-21T16:03:42.634315,1779368622.6343157,TRAIN_EPOCH,11,0.2973,83.3,,,,,  Epoch 11  Loss=0.2973  Acc=83.3%
2026-05-21T16:03:42.783026,1779368622.7830262,TRAIN_EPOCH,12,0.2933,83.3,,,,,  Epoch 12  Loss=0.2933  Acc=83.3%
2026-05-21T16:03:42.932786,1779368622.9327862,TRAIN_EPOCH,13,0.2889,83.3,,,,,  Epoch 13  Loss=0.2889  Acc=83.3%
2026-05-21T16:03:43.091462,1779368623.0914626,TRAIN_EPOCH,14,0.286,83.3,,,,,  Epoch 14  Loss=0.2860  Acc=83.3%
2026-05-21T16:03:43.092184,1779368623.0921845,VALIDATION,,,,100.0,10,,,[ACCURACY] Validation: 100.0% (n=10)
2026-05-21T16:03:43.093218,1779368623.0932188,FL,,,,,,,"B1 pre-pack: min=-10.6028, max=7.5156, mean=0.2229","[FL] B1 pre-pack: min=-10.6028, max=7.5156, mean=0.2229"
2026-05-21T16:03:43.103797,1779368623.103797,FL,,,,,,,Model sent (72 bytes),[FL] Model sent (72 bytes)
2026-05-21T16:03:43.104348,1779368623.1043487,NEW_SAMPLE,,,,,30,other,,[DATA] class=other (n=30)
2026-05-21T16:03:43.209691,1779368623.2096913,BLE,,,,,,,Received global model (64 bytes),[BLE] Received global model (64 bytes)
2026-05-21T16:03:43.214567,1779368623.2145677,FL,,,,,,,Global model updated (Adam reset),[FL] Global model updated (Adam reset)
2026-05-21T16:03:43.215505,1779368623.215505,FL,,,,,,,"B1 unpacked: min=-9.9213, max=7.0866, mean=0.2805","[FL] B1 unpacked: min=-9.9213, max=7.0866, mean=0.2805"
2026-05-21T16:03:45.098209,1779368625.0982094,NEW_SAMPLE,,,,,30,cat,,[DATA] class=cat (n=30)
2026-05-21T16:03:47.094813,1779368627.094813,NEW_SAMPLE,,,,,30,other,,[DATA] class=other (n=30)
2026-05-21T16:03:49.095252,1779368629.0952525,NEW_SAMPLE,,,,,30,cat,,[DATA] class=cat (n=30)
2026-05-21T16:03:51.097725,1779368631.0977252,NEW_SAMPLE,,,,,30,dog,,[DATA] class=dog (n=30)
2026-05-21T16:03:53.100050,1779368633.1000504,NEW_SAMPLE,,,,,30,other,,[DATA] class=other (n=30)
2026-05-21T16:03:55.101038,1779368635.1010387,NEW_SAMPLE,,,,,30,other,,[DATA] class=other (n=30)
2026-05-21T16:03:57.094060,1779368637.0940602,NEW_SAMPLE,,,,,30,horse,,[DATA] class=horse (n=30)
2026-05-21T16:03:59.092952,1779368639.0929523,NEW_SAMPLE,,,,,30,cat,,[DATA] class=cat (n=30)
2026-05-21T16:04:00.840792,1779368640.8407927,FL,,,,,,,Local training (4-class cross-entropy),[FL] Local training (4-class cross-entropy)
2026-05-21T16:04:00.978773,1779368640.978774,TRAIN_EPOCH,0,0.376,83.3,,,,,  Epoch  0  Loss=0.3760  Acc=83.3%
2026-05-21T16:04:01.137206,1779368641.1372068,TRAIN_EPOCH,1,0.3278,86.7,,,,,  Epoch  1  Loss=0.3278  Acc=86.7%
2026-05-21T16:04:01.285604,1779368641.285604,TRAIN_EPOCH,2,0.3066,90.0,,,,,  Epoch  2  Loss=0.3066  Acc=90.0%
2026-05-21T16:04:01.434987,1779368641.4349875,TRAIN_EPOCH,3,0.2966,90.0,,,,,  Epoch  3  Loss=0.2966  Acc=90.0%
2026-05-21T16:04:01.583908,1779368641.583908,TRAIN_EPOCH,4,0.2893,90.0,,,,,  Epoch  4  Loss=0.2893  Acc=90.0%
2026-05-21T16:04:01.733026,1779368641.7330265,TRAIN_EPOCH,5,0.2838,90.0,,,,,  Epoch  5  Loss=0.2838  Acc=90.0%
2026-05-21T16:04:01.880326,1779368641.8803265,TRAIN_EPOCH,6,0.2792,90.0,,,,,  Epoch  6  Loss=0.2792  Acc=90.0%
2026-05-21T16:04:02.039964,1779368642.0399647,TRAIN_EPOCH,7,0.2751,90.0,,,,,  Epoch  7  Loss=0.2751  Acc=90.0%
2026-05-21T16:04:02.189158,1779368642.1891582,TRAIN_EPOCH,8,0.2714,90.0,,,,,  Epoch  8  Loss=0.2714  Acc=90.0%
2026-05-21T16:04:02.336674,1779368642.3366742,TRAIN_EPOCH,9,0.268,90.0,,,,,  Epoch  9  Loss=0.2680  Acc=90.0%
2026-05-21T16:04:02.483271,1779368642.4832718,TRAIN_EPOCH,10,0.2648,90.0,,,,,  Epoch 10  Loss=0.2648  Acc=90.0%
2026-05-21T16:04:02.632489,1779368642.632489,TRAIN_EPOCH,11,0.2619,90.0,,,,,  Epoch 11  Loss=0.2619  Acc=90.0%
2026-05-21T16:04:02.782890,1779368642.7828903,TRAIN_EPOCH,12,0.2592,90.0,,,,,  Epoch 12  Loss=0.2592  Acc=90.0%
2026-05-21T16:04:02.940537,1779368642.940537,TRAIN_EPOCH,13,0.2567,90.0,,,,,  Epoch 13  Loss=0.2567  Acc=90.0%
2026-05-21T16:04:03.088192,1779368643.0881925,TRAIN_EPOCH,14,0.2542,90.0,,,,,  Epoch 14  Loss=0.2542  Acc=90.0%
2026-05-21T16:04:03.089199,1779368643.089199,VALIDATION,,,,100.0,10,,,[ACCURACY] Validation: 100.0% (n=10)
2026-05-21T16:04:03.090229,1779368643.0902295,FL,,,,,,,"B1 pre-pack: min=-10.9578, max=8.7353, mean=0.3084","[FL] B1 pre-pack: min=-10.9578, max=8.7353, mean=0.3084"
2026-05-21T16:04:03.102113,1779368643.102113,FL,,,,,,,Model sent (72 bytes),[FL] Model sent (72 bytes)
2026-05-21T16:04:03.102113,1779368643.102113,NEW_SAMPLE,,,,,30,cat,,[DATA] class=cat (n=30)
2026-05-21T16:04:03.260000,1779368643.2600007,BLE,,,,,,,Received global model (64 bytes),[BLE] Received global model (64 bytes)
2026-05-21T16:04:03.261035,1779368643.2610357,FL,,,,,,,Global model updated (Adam reset),[FL] Global model updated (Adam reset)
2026-05-21T16:04:03.261035,1779368643.2610357,FL,,,,,,,"B1 unpacked: min=-10.0000, max=7.9528, mean=0.3051","[FL] B1 unpacked: min=-10.0000, max=7.9528, mean=0.3051"
2026-05-21T16:04:05.094585,1779368645.094586,NEW_SAMPLE,,,,,30,cat,,[DATA] class=cat (n=30)
2026-05-21T16:04:07.096091,1779368647.0960908,NEW_SAMPLE,,,,,30,cat,,[DATA] class=cat (n=30)
2026-05-21T16:04:09.093770,1779368649.093771,NEW_SAMPLE,,,,,30,other,,[DATA] class=other (n=30)
2026-05-21T16:04:11.094828,1779368651.0948281,NEW_SAMPLE,,,,,30,horse,,[DATA] class=horse (n=30)
2026-05-21T16:04:13.102082,1779368653.102082,NEW_SAMPLE,,,,,30,cat,,[DATA] class=cat (n=30)
2026-05-21T16:04:15.093284,1779368655.0932846,NEW_SAMPLE,,,,,30,cat,,[DATA] class=cat (n=30)
2026-05-21T16:04:17.100594,1779368657.1005943,NEW_SAMPLE,,,,,30,other,,[DATA] class=other (n=30)
2026-05-21T16:04:19.093098,1779368659.093099,NEW_SAMPLE,,,,,30,dog,,[DATA] class=dog (n=30)
2026-05-21T16:04:20.838134,1779368660.8381343,FL,,,,,,,Local training (4-class cross-entropy),[FL] Local training (4-class cross-entropy)
2026-05-21T16:04:20.987207,1779368660.9872074,TRAIN_EPOCH,0,0.3698,93.3,,,,,  Epoch  0  Loss=0.3698  Acc=93.3%
2026-05-21T16:04:21.133939,1779368661.1339397,TRAIN_EPOCH,1,0.3439,93.3,,,,,  Epoch  1  Loss=0.3439  Acc=93.3%
2026-05-21T16:04:21.281207,1779368661.2812073,TRAIN_EPOCH,2,0.3364,93.3,,,,,  Epoch  2  Loss=0.3364  Acc=93.3%
2026-05-21T16:04:21.430363,1779368661.4303632,TRAIN_EPOCH,3,0.332,93.3,,,,,  Epoch  3  Loss=0.3320  Acc=93.3%
2026-05-21T16:04:21.579014,1779368661.579014,TRAIN_EPOCH,4,0.3281,93.3,,,,,  Epoch  4  Loss=0.3281  Acc=93.3%
2026-05-21T16:04:21.736913,1779368661.7369137,TRAIN_EPOCH,5,0.3245,93.3,,,,,  Epoch  5  Loss=0.3245  Acc=93.3%
2026-05-21T16:04:21.885077,1779368661.8850775,TRAIN_EPOCH,6,0.3212,93.3,,,,,  Epoch  6  Loss=0.3212  Acc=93.3%
2026-05-21T16:04:22.033293,1779368662.0332935,TRAIN_EPOCH,7,0.318,93.3,,,,,  Epoch  7  Loss=0.3180  Acc=93.3%
2026-05-21T16:04:22.182232,1779368662.1822321,TRAIN_EPOCH,8,0.3151,93.3,,,,,  Epoch  8  Loss=0.3151  Acc=93.3%
2026-05-21T16:04:22.329957,1779368662.3299577,TRAIN_EPOCH,9,0.3123,93.3,,,,,  Epoch  9  Loss=0.3123  Acc=93.3%
2026-05-21T16:04:22.482234,1779368662.482235,TRAIN_EPOCH,10,0.3097,93.3,,,,,  Epoch 10  Loss=0.3097  Acc=93.3%
2026-05-21T16:04:22.638872,1779368662.6388724,TRAIN_EPOCH,11,0.3074,93.3,,,,,  Epoch 11  Loss=0.3074  Acc=93.3%
2026-05-21T16:04:22.786095,1779368662.7860956,TRAIN_EPOCH,12,0.305,93.3,,,,,  Epoch 12  Loss=0.3050  Acc=93.3%
2026-05-21T16:04:22.933457,1779368662.9334574,TRAIN_EPOCH,13,0.3028,93.3,,,,,  Epoch 13  Loss=0.3028  Acc=93.3%
2026-05-21T16:04:23.093008,1779368663.0930088,TRAIN_EPOCH,14,0.3007,93.3,,,,,  Epoch 14  Loss=0.3007  Acc=93.3%
2026-05-21T16:04:23.095991,1779368663.0959911,VALIDATION,,,,90.0,10,,,[ACCURACY] Validation: 90.0% (n=10)
2026-05-21T16:04:23.098449,1779368663.0984497,FL,,,,,,,"B1 pre-pack: min=-10.2496, max=8.5407, mean=0.2875","[FL] B1 pre-pack: min=-10.2496, max=8.5407, mean=0.2875"
2026-05-21T16:04:23.099480,1779368663.0994806,FL,,,,,,,Model sent (72 bytes),[FL] Model sent (72 bytes)
2026-05-21T16:04:23.100483,1779368663.1004837,NEW_SAMPLE,,,,,30,cat,,[DATA] class=cat (n=30)
2026-05-21T16:04:23.299837,1779368663.2998376,BLE,,,,,,,Received global model (64 bytes),[BLE] Received global model (64 bytes)
2026-05-21T16:04:23.301056,1779368663.3010561,FL,,,,,,,Global model updated (Adam reset),[FL] Global model updated (Adam reset)
2026-05-21T16:04:23.303202,1779368663.3032029,FL,,,,,,,"B1 unpacked: min=-10.0787, max=8.1890, mean=0.2928","[FL] B1 unpacked: min=-10.0787, max=8.1890, mean=0.2928"
2026-05-21T16:04:25.096175,1779368665.096176,NEW_SAMPLE,,,,,30,cat,,[DATA] class=cat (n=30)
2026-05-21T16:04:27.092722,1779368667.092722,NEW_SAMPLE,,,,,30,dog,,[DATA] class=dog (n=30)
2026-05-21T16:04:29.099420,1779368669.0994203,NEW_SAMPLE,,,,,30,cat,,[DATA] class=cat (n=30)
2026-05-21T16:04:31.100617,1779368671.1006176,NEW_SAMPLE,,,,,30,horse,,[DATA] class=horse (n=30)
2026-05-21T16:04:33.098382,1779368673.098382,NEW_SAMPLE,,,,,30,other,,[DATA] class=other (n=30)
2026-05-21T16:04:35.093133,1779368675.093133,NEW_SAMPLE,,,,,30,horse,,[DATA] class=horse (n=30)
2026-05-21T16:04:37.097806,1779368677.0978067,NEW_SAMPLE,,,,,30,horse,,[DATA] class=horse (n=30)
2026-05-21T16:04:39.093340,1779368679.0933404,NEW_SAMPLE,,,,,30,dog,,[DATA] class=dog (n=30)
2026-05-21T16:04:40.841491,1779368680.8414915,FL,,,,,,,Local training (4-class cross-entropy),[FL] Local training (4-class cross-entropy)
2026-05-21T16:04:40.981203,1779368680.9812038,TRAIN_EPOCH,0,0.7725,83.3,,,,,  Epoch  0  Loss=0.7725  Acc=83.3%
2026-05-21T16:04:41.130347,1779368681.1303477,TRAIN_EPOCH,1,0.6903,83.3,,,,,  Epoch  1  Loss=0.6903  Acc=83.3%
2026-05-21T16:04:41.279383,1779368681.279383,TRAIN_EPOCH,2,0.6967,76.7,,,,,  Epoch  2  Loss=0.6967  Acc=76.7%
2026-05-21T16:04:41.439613,1779368681.4396136,TRAIN_EPOCH,3,0.6808,76.7,,,,,  Epoch  3  Loss=0.6808  Acc=76.7%
2026-05-21T16:04:41.587773,1779368681.5877738,TRAIN_EPOCH,4,0.6677,76.7,,,,,  Epoch  4  Loss=0.6677  Acc=76.7%
2026-05-21T16:04:41.734319,1779368681.7343194,TRAIN_EPOCH,5,0.6622,80.0,,,,,  Epoch  5  Loss=0.6622  Acc=80.0%
2026-05-21T16:04:41.881670,1779368681.88167,TRAIN_EPOCH,6,0.6524,80.0,,,,,  Epoch  6  Loss=0.6524  Acc=80.0%
2026-05-21T16:04:42.028079,1779368682.0280793,TRAIN_EPOCH,7,0.6432,80.0,,,,,  Epoch  7  Loss=0.6432  Acc=80.0%
2026-05-21T16:04:42.183678,1779368682.183678,TRAIN_EPOCH,8,0.6347,80.0,,,,,  Epoch  8  Loss=0.6347  Acc=80.0%
2026-05-21T16:04:42.330030,1779368682.3300307,TRAIN_EPOCH,9,0.6265,80.0,,,,,  Epoch  9  Loss=0.6265  Acc=80.0%
2026-05-21T16:04:42.487852,1779368682.487852,TRAIN_EPOCH,10,0.6187,80.0,,,,,  Epoch 10  Loss=0.6187  Acc=80.0%
2026-05-21T16:04:42.635764,1779368682.6357641,TRAIN_EPOCH,11,0.6113,80.0,,,,,  Epoch 11  Loss=0.6113  Acc=80.0%
2026-05-21T16:04:42.783247,1779368682.783248,TRAIN_EPOCH,12,0.6044,80.0,,,,,  Epoch 12  Loss=0.6044  Acc=80.0%
2026-05-21T16:04:42.940606,1779368682.9406068,TRAIN_EPOCH,13,0.5978,80.0,,,,,  Epoch 13  Loss=0.5978  Acc=80.0%
2026-05-21T16:04:43.088548,1779368683.088549,TRAIN_EPOCH,14,0.5916,80.0,,,,,  Epoch 14  Loss=0.5916  Acc=80.0%
2026-05-21T16:04:43.088548,1779368683.088549,VALIDATION,,,,80.0,10,,,[ACCURACY] Validation: 80.0% (n=10)
2026-05-21T16:04:43.089576,1779368683.0895767,FL,,,,,,,"B1 pre-pack: min=-10.0657, max=8.0994, mean=0.2895","[FL] B1 pre-pack: min=-10.0657, max=8.0994, mean=0.2895"
2026-05-21T16:04:43.095116,1779368683.0951169,FL,,,,,,,Model sent (72 bytes),[FL] Model sent (72 bytes)
2026-05-21T16:04:43.096787,1779368683.0967872,NEW_SAMPLE,,,,,30,other,,[DATA] class=other (n=30)
2026-05-21T16:04:43.213979,1779368683.21398,BLE,,,,,,,Received global model (64 bytes),[BLE] Received global model (64 bytes)
2026-05-21T16:04:43.215978,1779368683.2159789,FL,,,,,,,Global model updated (Adam reset),[FL] Global model updated (Adam reset)
2026-05-21T16:04:43.216976,1779368683.2169764,FL,,,,,,,"B1 unpacked: min=-10.0787, max=8.1890, mean=0.2904","[FL] B1 unpacked: min=-10.0787, max=8.1890, mean=0.2904"
2026-05-21T16:04:45.094861,1779368685.0948617,NEW_SAMPLE,,,,,30,cat,,[DATA] class=cat (n=30)
2026-05-21T16:04:47.101978,1779368687.101978,NEW_SAMPLE,,,,,30,cat,,[DATA] class=cat (n=30)
2026-05-21T16:04:49.093344,1779368689.0933444,NEW_SAMPLE,,,,,30,horse,,[DATA] class=horse (n=30)
2026-05-21T16:04:51.099426,1779368691.099426,NEW_SAMPLE,,,,,30,horse,,[DATA] class=horse (n=30)
2026-05-21T16:04:53.097146,1779368693.097146,NEW_SAMPLE,,,,,30,dog,,[DATA] class=dog (n=30)
2026-05-21T16:04:55.091490,1779368695.0914905,NEW_SAMPLE,,,,,30,cat,,[DATA] class=cat (n=30)
2026-05-21T16:04:57.097307,1779368697.0973077,NEW_SAMPLE,,,,,30,horse,,[DATA] class=horse (n=30)
2026-05-21T16:04:59.093673,1779368699.0936737,NEW_SAMPLE,,,,,30,dog,,[DATA] class=dog (n=30)
2026-05-21T16:05:00.843494,1779368700.843495,FL,,,,,,,Local training (4-class cross-entropy),[FL] Local training (4-class cross-entropy)
2026-05-21T16:05:00.980642,1779368700.980642,TRAIN_EPOCH,0,0.8928,73.3,,,,,  Epoch  0  Loss=0.8928  Acc=73.3%
2026-05-21T16:05:01.128991,1779368701.1289916,TRAIN_EPOCH,1,0.8076,66.7,,,,,  Epoch  1  Loss=0.8076  Acc=66.7%
2026-05-21T16:05:01.285862,1779368701.2858624,TRAIN_EPOCH,2,0.7698,66.7,,,,,  Epoch  2  Loss=0.7698  Acc=66.7%
2026-05-21T16:05:01.433495,1779368701.433495,TRAIN_EPOCH,3,0.7361,63.3,,,,,  Epoch  3  Loss=0.7361  Acc=63.3%
2026-05-21T16:05:01.581315,1779368701.5813158,TRAIN_EPOCH,4,0.7081,63.3,,,,,  Epoch  4  Loss=0.7081  Acc=63.3%
2026-05-21T16:05:01.729810,1779368701.7298107,TRAIN_EPOCH,5,0.6852,60.0,,,,,  Epoch  5  Loss=0.6852  Acc=60.0%
2026-05-21T16:05:01.887664,1779368701.887664,TRAIN_EPOCH,6,0.6667,60.0,,,,,  Epoch  6  Loss=0.6667  Acc=60.0%
2026-05-21T16:05:02.033658,1779368702.0336587,TRAIN_EPOCH,7,0.6517,60.0,,,,,  Epoch  7  Loss=0.6517  Acc=60.0%
2026-05-21T16:05:02.183183,1779368702.183184,TRAIN_EPOCH,8,0.641,60.0,,,,,  Epoch  8  Loss=0.6410  Acc=60.0%
2026-05-21T16:05:02.329888,1779368702.3298886,TRAIN_EPOCH,9,0.6321,60.0,,,,,  Epoch  9  Loss=0.6321  Acc=60.0%
2026-05-21T16:05:02.488536,1779368702.4885361,TRAIN_EPOCH,10,0.6234,60.0,,,,,  Epoch 10  Loss=0.6234  Acc=60.0%
2026-05-21T16:05:02.635508,1779368702.6355085,TRAIN_EPOCH,11,0.6167,60.0,,,,,  Epoch 11  Loss=0.6167  Acc=60.0%
2026-05-21T16:05:02.784575,1779368702.7845752,TRAIN_EPOCH,12,0.6127,60.0,,,,,  Epoch 12  Loss=0.6127  Acc=60.0%
2026-05-21T16:05:02.932877,1779368702.9328773,TRAIN_EPOCH,13,0.6077,60.0,,,,,  Epoch 13  Loss=0.6077  Acc=60.0%
2026-05-21T16:05:03.094605,1779368703.0946052,TRAIN_EPOCH,14,0.6031,60.0,,,,,  Epoch 14  Loss=0.6031  Acc=60.0%
2026-05-21T16:05:03.097093,1779368703.0970933,VALIDATION,,,,50.0,10,,,[ACCURACY] Validation: 50.0% (n=10)
2026-05-21T16:05:03.100727,1779368703.1007273,FL,,,,,,,"B1 pre-pack: min=-9.3317, max=8.0530, mean=0.2465","[FL] B1 pre-pack: min=-9.3317, max=8.0530, mean=0.2465"
2026-05-21T16:05:03.101694,1779368703.101695,FL,,,,,,,Model sent (72 bytes),[FL] Model sent (72 bytes)
2026-05-21T16:05:03.103689,1779368703.1036897,NEW_SAMPLE,,,,,30,other,,[DATA] class=other (n=30)
2026-05-21T16:05:03.261684,1779368703.2616847,BLE,,,,,,,Received global model (64 bytes),[BLE] Received global model (64 bytes)
2026-05-21T16:05:03.263843,1779368703.2638435,FL,,,,,,,Global model updated (Adam reset),[FL] Global model updated (Adam reset)
2026-05-21T16:05:03.266834,1779368703.2668343,FL,,,,,,,"B1 unpacked: min=-9.6850, max=8.1102, mean=0.2707","[FL] B1 unpacked: min=-9.6850, max=8.1102, mean=0.2707"
2026-05-21T16:05:05.094767,1779368705.0947678,NEW_SAMPLE,,,,,30,cat,,[DATA] class=cat (n=30)
2026-05-21T16:05:07.102611,1779368707.1026118,NEW_SAMPLE,,,,,30,cat,,[DATA] class=cat (n=30)
2026-05-21T16:05:09.092556,1779368709.0925567,NEW_SAMPLE,,,,,30,horse,,[DATA] class=horse (n=30)
2026-05-21T16:05:11.095659,1779368711.0956593,NEW_SAMPLE,,,,,30,horse,,[DATA] class=horse (n=30)
2026-05-21T16:05:13.098545,1779368713.0985453,NEW_SAMPLE,,,,,30,cat,,[DATA] class=cat (n=30)
2026-05-21T16:05:15.101257,1779368715.1012576,NEW_SAMPLE,,,,,30,horse,,[DATA] class=horse (n=30)
2026-05-21T16:05:17.096168,1779368717.0961688,NEW_SAMPLE,,,,,30,dog,,[DATA] class=dog (n=30)
2026-05-21T16:05:19.094015,1779368719.094015,NEW_SAMPLE,,,,,30,horse,,[DATA] class=horse (n=30)
2026-05-21T16:05:20.846282,1779368720.8462822,FL,,,,,,,Local training (4-class cross-entropy),[FL] Local training (4-class cross-entropy)
2026-05-21T16:05:20.982980,1779368720.98298,TRAIN_EPOCH,0,0.9123,63.3,,,,,  Epoch  0  Loss=0.9123  Acc=63.3%
2026-05-21T16:05:21.132169,1779368721.1321692,TRAIN_EPOCH,1,0.7556,60.0,,,,,  Epoch  1  Loss=0.7556  Acc=60.0%
2026-05-21T16:05:21.279749,1779368721.2797492,TRAIN_EPOCH,2,0.7148,60.0,,,,,  Epoch  2  Loss=0.7148  Acc=60.0%
2026-05-21T16:05:21.427570,1779368721.4275706,TRAIN_EPOCH,3,0.6997,53.3,,,,,  Epoch  3  Loss=0.6997  Acc=53.3%
2026-05-21T16:05:21.586100,1779368721.5861006,TRAIN_EPOCH,4,0.6807,56.7,,,,,  Epoch  4  Loss=0.6807  Acc=56.7%
2026-05-21T16:05:21.733826,1779368721.7338269,TRAIN_EPOCH,5,0.6789,53.3,,,,,  Epoch  5  Loss=0.6789  Acc=53.3%
2026-05-21T16:05:21.880783,1779368721.8807838,TRAIN_EPOCH,6,0.6625,56.7,,,,,  Epoch  6  Loss=0.6625  Acc=56.7%
2026-05-21T16:05:22.030262,1779368722.0302627,TRAIN_EPOCH,7,0.6625,53.3,,,,,  Epoch  7  Loss=0.6625  Acc=53.3%
2026-05-21T16:05:22.187985,1779368722.1879857,TRAIN_EPOCH,8,0.6491,53.3,,,,,  Epoch  8  Loss=0.6491  Acc=53.3%
2026-05-21T16:05:22.333949,1779368722.3339498,TRAIN_EPOCH,9,0.6501,50.0,,,,,  Epoch  9  Loss=0.6501  Acc=50.0%
2026-05-21T16:05:22.481092,1779368722.4810922,TRAIN_EPOCH,10,0.6391,53.3,,,,,  Epoch 10  Loss=0.6391  Acc=53.3%
2026-05-21T16:05:22.630389,1779368722.630389,TRAIN_EPOCH,11,0.6351,50.0,,,,,  Epoch 11  Loss=0.6351  Acc=50.0%
2026-05-21T16:05:22.788882,1779368722.788883,TRAIN_EPOCH,12,0.6383,50.0,,,,,  Epoch 12  Loss=0.6383  Acc=50.0%
2026-05-21T16:05:22.937337,1779368722.9373379,TRAIN_EPOCH,13,0.6275,53.3,,,,,  Epoch 13  Loss=0.6275  Acc=53.3%
2026-05-21T16:05:23.086900,1779368723.0869007,TRAIN_EPOCH,14,0.6245,53.3,,,,,  Epoch 14  Loss=0.6245  Acc=53.3%
2026-05-21T16:05:23.089468,1779368723.089468,VALIDATION,,,,40.0,10,,,[ACCURACY] Validation: 40.0% (n=10)
2026-05-21T16:05:23.092473,1779368723.0924735,FL,,,,,,,"B1 pre-pack: min=-10.3633, max=8.8840, mean=0.2444","[FL] B1 pre-pack: min=-10.3633, max=8.8840, mean=0.2444"
2026-05-21T16:05:23.093488,1779368723.0934887,FL,,,,,,,Model sent (72 bytes),[FL] Model sent (72 bytes)
2026-05-21T16:05:23.094487,1779368723.094488,NEW_SAMPLE,,,,,30,dog,,[DATA] class=dog (n=30)
2026-05-21T16:05:23.241416,1779368723.2414162,BLE,,,,,,,Received global model (64 bytes),[BLE] Received global model (64 bytes)
2026-05-21T16:05:23.243828,1779368723.244818,FL,,,,,,,Global model updated (Adam reset),[FL] Global model updated (Adam reset)
2026-05-21T16:05:23.246822,1779368723.2468226,FL,,,,,,,"B1 unpacked: min=-9.9213, max=8.5039, mean=0.2657","[FL] B1 unpacked: min=-9.9213, max=8.5039, mean=0.2657"
2026-05-21T16:05:25.098751,1779368725.0987515,NEW_SAMPLE,,,,,30,horse,,[DATA] class=horse (n=30)
2026-05-21T16:05:27.101861,1779368727.1018612,NEW_SAMPLE,,,,,30,dog,,[DATA] class=dog (n=30)
2026-05-21T16:05:29.096310,1779368729.0963104,NEW_SAMPLE,,,,,30,cat,,[DATA] class=cat (n=30)
2026-05-21T16:05:31.101146,1779368731.1011467,NEW_SAMPLE,,,,,30,other,,[DATA] class=other (n=30)
2026-05-21T16:05:33.094457,1779368733.0944574,NEW_SAMPLE,,,,,30,horse,,[DATA] class=horse (n=30)
2026-05-21T16:05:35.093881,1779368735.0938811,NEW_SAMPLE,,,,,30,dog,,[DATA] class=dog (n=30)
2026-05-21T16:05:37.096351,1779368737.096352,NEW_SAMPLE,,,,,30,dog,,[DATA] class=dog (n=30)
2026-05-21T16:05:39.096914,1779368739.0969143,NEW_SAMPLE,,,,,30,dog,,[DATA] class=dog (n=30)
2026-05-21T16:05:40.839307,1779368740.8393075,FL,,,,,,,Local training (4-class cross-entropy),[FL] Local training (4-class cross-entropy)
2026-05-21T16:05:40.987058,1779368740.9870586,TRAIN_EPOCH,0,1.0547,46.7,,,,,  Epoch  0  Loss=1.0547  Acc=46.7%
2026-05-21T16:05:41.137000,1779368741.1369998,TRAIN_EPOCH,1,0.9674,56.7,,,,,  Epoch  1  Loss=0.9674  Acc=56.7%
2026-05-21T16:05:41.285517,1779368741.285517,TRAIN_EPOCH,2,0.9508,56.7,,,,,  Epoch  2  Loss=0.9508  Acc=56.7%
2026-05-21T16:05:41.433680,1779368741.43368,TRAIN_EPOCH,3,0.9334,56.7,,,,,  Epoch  3  Loss=0.9334  Acc=56.7%
2026-05-21T16:05:41.582436,1779368741.5824363,TRAIN_EPOCH,4,0.9116,53.3,,,,,  Epoch  4  Loss=0.9116  Acc=53.3%
2026-05-21T16:05:41.730099,1779368741.7300992,TRAIN_EPOCH,5,0.8928,53.3,,,,,  Epoch  5  Loss=0.8928  Acc=53.3%
2026-05-21T16:05:41.889960,1779368741.8899603,TRAIN_EPOCH,6,0.8757,53.3,,,,,  Epoch  6  Loss=0.8757  Acc=53.3%
2026-05-21T16:05:42.037443,1779368742.0374436,TRAIN_EPOCH,7,0.8589,53.3,,,,,  Epoch  7  Loss=0.8589  Acc=53.3%
2026-05-21T16:05:42.184836,1779368742.1848366,TRAIN_EPOCH,8,0.8427,53.3,,,,,  Epoch  8  Loss=0.8427  Acc=53.3%
2026-05-21T16:05:42.332383,1779368742.3323832,TRAIN_EPOCH,9,0.8272,53.3,,,,,  Epoch  9  Loss=0.8272  Acc=53.3%
2026-05-21T16:05:42.481152,1779368742.4811525,TRAIN_EPOCH,10,0.8123,53.3,,,,,  Epoch 10  Loss=0.8123  Acc=53.3%
2026-05-21T16:05:42.629987,1779368742.629987,TRAIN_EPOCH,11,0.7981,53.3,,,,,  Epoch 11  Loss=0.7981  Acc=53.3%
2026-05-21T16:05:42.788211,1779368742.7882118,TRAIN_EPOCH,12,0.7845,53.3,,,,,  Epoch 12  Loss=0.7845  Acc=53.3%
2026-05-21T16:05:42.935370,1779368742.9353707,TRAIN_EPOCH,13,0.7716,53.3,,,,,  Epoch 13  Loss=0.7716  Acc=53.3%
2026-05-21T16:05:43.094251,1779368743.0942516,TRAIN_EPOCH,14,0.7593,53.3,,,,,  Epoch 14  Loss=0.7593  Acc=53.3%
2026-05-21T16:05:43.097257,1779368743.0972571,VALIDATION,,,,60.0,10,,,[ACCURACY] Validation: 60.0% (n=10)
2026-05-21T16:05:43.099877,1779368743.099877,FL,,,,,,,"B1 pre-pack: min=-10.5479, max=9.3914, mean=0.2072","[FL] B1 pre-pack: min=-10.5479, max=9.3914, mean=0.2072"
2026-05-21T16:05:43.100888,1779368743.100888,FL,,,,,,,Model sent (72 bytes),[FL] Model sent (72 bytes)
2026-05-21T16:05:43.101823,1779368743.101824,NEW_SAMPLE,,,,,30,other,,[DATA] class=other (n=30)
2026-05-21T16:05:43.219077,1779368743.2190776,BLE,,,,,,,Received global model (64 bytes),[BLE] Received global model (64 bytes)
2026-05-21T16:05:43.219453,1779368743.219454,FL,,,,,,,Global model updated (Adam reset),[FL] Global model updated (Adam reset)
2026-05-21T16:05:43.220485,1779368743.2204854,FL,,,,,,,"B1 unpacked: min=-10.0000, max=8.8976, mean=0.2362","[FL] B1 unpacked: min=-10.0000, max=8.8976, mean=0.2362"
2026-05-21T16:05:45.101841,1779368745.1018412,NEW_SAMPLE,,,,,30,cat,,[DATA] class=cat (n=30)
2026-05-21T16:05:47.101867,1779368747.1018677,NEW_SAMPLE,,,,,30,cat,,[DATA] class=cat (n=30)
2026-05-21T16:05:49.096458,1779368749.0964584,NEW_SAMPLE,,,,,30,cat,,[DATA] class=cat (n=30)
2026-05-21T16:05:51.097420,1779368751.0974202,NEW_SAMPLE,,,,,30,dog,,[DATA] class=dog (n=30)
2026-05-21T16:05:53.092051,1779368753.0920515,NEW_SAMPLE,,,,,30,cat,,[DATA] class=cat (n=30)
2026-05-21T16:05:55.099908,1779368755.0999086,NEW_SAMPLE,,,,,30,horse,,[DATA] class=horse (n=30)
2026-05-21T16:05:57.101988,1779368757.1019886,NEW_SAMPLE,,,,,30,other,,[DATA] class=other (n=30)
2026-05-21T16:05:59.099750,1779368759.099751,NEW_SAMPLE,,,,,30,cat,,[DATA] class=cat (n=30)
2026-05-21T16:06:00.844405,1779368760.844405,FL,,,,,,,Local training (4-class cross-entropy),[FL] Local training (4-class cross-entropy)
2026-05-21T16:06:00.982251,1779368760.9822512,TRAIN_EPOCH,0,0.9748,46.7,,,,,  Epoch  0  Loss=0.9748  Acc=46.7%
2026-05-21T16:06:01.130267,1779368761.1302674,TRAIN_EPOCH,1,0.9041,56.7,,,,,  Epoch  1  Loss=0.9041  Acc=56.7%
2026-05-21T16:06:01.279229,1779368761.2792296,TRAIN_EPOCH,2,0.9043,60.0,,,,,  Epoch  2  Loss=0.9043  Acc=60.0%
2026-05-21T16:06:01.435789,1779368761.4357898,TRAIN_EPOCH,3,0.895,60.0,,,,,  Epoch  3  Loss=0.8950  Acc=60.0%
2026-05-21T16:06:01.583905,1779368761.583905,TRAIN_EPOCH,4,0.8846,63.3,,,,,  Epoch  4  Loss=0.8846  Acc=63.3%
2026-05-21T16:06:01.732078,1779368761.7320786,TRAIN_EPOCH,5,0.8732,63.3,,,,,  Epoch  5  Loss=0.8732  Acc=63.3%
2026-05-21T16:06:01.879329,1779368761.8793292,TRAIN_EPOCH,6,0.8618,63.3,,,,,  Epoch  6  Loss=0.8618  Acc=63.3%
2026-05-21T16:06:02.037794,1779368762.0377946,TRAIN_EPOCH,7,0.8502,63.3,,,,,  Epoch  7  Loss=0.8502  Acc=63.3%
2026-05-21T16:06:02.188835,1779368762.1888356,TRAIN_EPOCH,8,0.8381,63.3,,,,,  Epoch  8  Loss=0.8381  Acc=63.3%
2026-05-21T16:06:02.335336,1779368762.3353362,TRAIN_EPOCH,9,0.8265,63.3,,,,,  Epoch  9  Loss=0.8265  Acc=63.3%
2026-05-21T16:06:02.481538,1779368762.4815388,TRAIN_EPOCH,10,0.8153,63.3,,,,,  Epoch 10  Loss=0.8153  Acc=63.3%
2026-05-21T16:06:02.629798,1779368762.629798,TRAIN_EPOCH,11,0.8044,63.3,,,,,  Epoch 11  Loss=0.8044  Acc=63.3%
2026-05-21T16:06:02.788562,1779368762.788562,TRAIN_EPOCH,12,0.7939,63.3,,,,,  Epoch 12  Loss=0.7939  Acc=63.3%
2026-05-21T16:06:02.934664,1779368762.9346647,TRAIN_EPOCH,13,0.7836,63.3,,,,,  Epoch 13  Loss=0.7836  Acc=63.3%
2026-05-21T16:06:03.093916,1779368763.093916,TRAIN_EPOCH,14,0.7737,63.3,,,,,  Epoch 14  Loss=0.7737  Acc=63.3%
2026-05-21T16:06:03.096407,1779368763.096408,VALIDATION,,,,80.0,10,,,[ACCURACY] Validation: 80.0% (n=10)
2026-05-21T16:06:03.098985,1779368763.0989852,FL,,,,,,,"B1 pre-pack: min=-10.6521, max=9.5562, mean=0.2847","[FL] B1 pre-pack: min=-10.6521, max=9.5562, mean=0.2847"
2026-05-21T16:06:03.100950,1779368763.1009507,FL,,,,,,,Model sent (72 bytes),[FL] Model sent (72 bytes)
2026-05-21T16:06:03.101945,1779368763.1019459,NEW_SAMPLE,,,,,30,cat,,[DATA] class=cat (n=30)
2026-05-21T16:06:03.314280,1779368763.3142807,BLE,,,,,,,Received global model (64 bytes),[BLE] Received global model (64 bytes)
2026-05-21T16:06:03.318082,1779368763.3180828,FL,,,,,,,Global model updated (Adam reset),[FL] Global model updated (Adam reset)
2026-05-21T16:06:03.318082,1779368763.3180828,FL,,,,,,,"B1 unpacked: min=-10.0000, max=9.2126, mean=0.2756","[FL] B1 unpacked: min=-10.0000, max=9.2126, mean=0.2756"
2026-05-21T16:06:05.094508,1779368765.094509,NEW_SAMPLE,,,,,30,dog,,[DATA] class=dog (n=30)
2026-05-21T16:06:07.101563,1779368767.1015635,NEW_SAMPLE,,,,,30,dog,,[DATA] class=dog (n=30)
2026-05-21T16:06:09.098920,1779368769.0989208,NEW_SAMPLE,,,,,30,dog,,[DATA] class=dog (n=30)
2026-05-21T16:06:11.093828,1779368771.0938284,NEW_SAMPLE,,,,,30,cat,,[DATA] class=cat (n=30)
2026-05-21T16:06:13.099243,1779368773.0992432,NEW_SAMPLE,,,,,30,cat,,[DATA] class=cat (n=30)
2026-05-21T16:06:15.093042,1779368775.093042,NEW_SAMPLE,,,,,30,horse,,[DATA] class=horse (n=30)
2026-05-21T16:06:17.095731,1779368777.0957315,NEW_SAMPLE,,,,,30,horse,,[DATA] class=horse (n=30)
2026-05-21T16:06:19.094008,1779368779.094009,NEW_SAMPLE,,,,,30,horse,,[DATA] class=horse (n=30)
2026-05-21T16:06:20.838023,1779368780.8380232,FL,,,,,,,Local training (4-class cross-entropy),[FL] Local training (4-class cross-entropy)
2026-05-21T16:06:20.986249,1779368780.9862492,TRAIN_EPOCH,0,0.9039,63.3,,,,,  Epoch  0  Loss=0.9039  Acc=63.3%
2026-05-21T16:06:21.134630,1779368781.1346307,TRAIN_EPOCH,1,0.7961,63.3,,,,,  Epoch  1  Loss=0.7961  Acc=63.3%
2026-05-21T16:06:21.282894,1779368781.2828948,TRAIN_EPOCH,2,0.7886,63.3,,,,,  Epoch  2  Loss=0.7886  Acc=63.3%
2026-05-21T16:06:21.429796,1779368781.429797,TRAIN_EPOCH,3,0.7768,66.7,,,,,  Epoch  3  Loss=0.7768  Acc=66.7%
2026-05-21T16:06:21.579257,1779368781.579258,TRAIN_EPOCH,4,0.7677,66.7,,,,,  Epoch  4  Loss=0.7677  Acc=66.7%
2026-05-21T16:06:21.739535,1779368781.7395356,TRAIN_EPOCH,5,0.7595,63.3,,,,,  Epoch  5  Loss=0.7595  Acc=63.3%
2026-05-21T16:06:21.888240,1779368781.88824,TRAIN_EPOCH,6,0.7521,66.7,,,,,  Epoch  6  Loss=0.7521  Acc=66.7%
2026-05-21T16:06:22.035813,1779368782.0358133,TRAIN_EPOCH,7,0.7459,66.7,,,,,  Epoch  7  Loss=0.7459  Acc=66.7%
2026-05-21T16:06:22.186621,1779368782.1866217,TRAIN_EPOCH,8,0.7387,70.0,,,,,  Epoch  8  Loss=0.7387  Acc=70.0%
2026-05-21T16:06:22.335293,1779368782.3352935,TRAIN_EPOCH,9,0.7332,66.7,,,,,  Epoch  9  Loss=0.7332  Acc=66.7%
2026-05-21T16:06:22.484008,1779368782.4840088,TRAIN_EPOCH,10,0.7282,66.7,,,,,  Epoch 10  Loss=0.7282  Acc=66.7%
2026-05-21T16:06:22.632646,1779368782.6326466,TRAIN_EPOCH,11,0.7239,66.7,,,,,  Epoch 11  Loss=0.7239  Acc=66.7%
2026-05-21T16:06:22.780755,1779368782.7807555,TRAIN_EPOCH,12,0.719,66.7,,,,,  Epoch 12  Loss=0.7190  Acc=66.7%
2026-05-21T16:06:22.939234,1779368782.9392345,TRAIN_EPOCH,13,0.7148,66.7,,,,,  Epoch 13  Loss=0.7148  Acc=66.7%
2026-05-21T16:06:23.086834,1779368783.0868342,TRAIN_EPOCH,14,0.7109,66.7,,,,,  Epoch 14  Loss=0.7109  Acc=66.7%
2026-05-21T16:06:23.089086,1779368783.0890868,VALIDATION,,,,70.0,10,,,[ACCURACY] Validation: 70.0% (n=10)
2026-05-21T16:06:23.090400,1779368783.0904005,FL,,,,,,,"B1 pre-pack: min=-10.3814, max=9.4689, mean=0.3208","[FL] B1 pre-pack: min=-10.3814, max=9.4689, mean=0.3208"
2026-05-21T16:06:23.094192,1779368783.094193,FL,,,,,,,Model sent (72 bytes),[FL] Model sent (72 bytes)
2026-05-21T16:06:23.094942,1779368783.094943,NEW_SAMPLE,,,,,30,cat,,[DATA] class=cat (n=30)
2026-05-21T16:06:23.243093,1779368783.243093,BLE,,,,,,,Received global model (64 bytes),[BLE] Received global model (64 bytes)
2026-05-21T16:06:23.245406,1779368783.2454062,FL,,,,,,,Global model updated (Adam reset),[FL] Global model updated (Adam reset)
2026-05-21T16:06:23.248982,1779368783.248982,FL,,,,,,,"B1 unpacked: min=-10.0787, max=9.3701, mean=0.2904","[FL] B1 unpacked: min=-10.0787, max=9.3701, mean=0.2904"
2026-05-21T16:06:25.099837,1779368785.0998368,NEW_SAMPLE,,,,,30,horse,,[DATA] class=horse (n=30)
2026-05-21T16:06:27.096604,1779368787.0966039,NEW_SAMPLE,,,,,30,dog,,[DATA] class=dog (n=30)
2026-05-21T16:06:29.095556,1779368789.095556,NEW_SAMPLE,,,,,30,dog,,[DATA] class=dog (n=30)
2026-05-21T16:06:31.099637,1779368791.0996373,NEW_SAMPLE,,,,,30,dog,,[DATA] class=dog (n=30)
2026-05-21T16:06:33.098274,1779368793.098274,NEW_SAMPLE,,,,,30,cat,,[DATA] class=cat (n=30)
2026-05-21T16:06:35.095821,1779368795.0958219,NEW_SAMPLE,,,,,30,horse,,[DATA] class=horse (n=30)
2026-05-21T16:06:37.100621,1779368797.1006212,NEW_SAMPLE,,,,,30,other,,[DATA] class=other (n=30)
2026-05-21T16:06:39.094597,1779368799.094597,NEW_SAMPLE,,,,,30,cat,,[DATA] class=cat (n=30)
2026-05-21T16:06:40.847946,1779368800.8479464,FL,,,,,,,Local training (4-class cross-entropy),[FL] Local training (4-class cross-entropy)
2026-05-21T16:06:40.987100,1779368800.9871006,TRAIN_EPOCH,0,0.6521,70.0,,,,,  Epoch  0  Loss=0.6521  Acc=70.0%
2026-05-21T16:06:41.134519,1779368801.1345198,TRAIN_EPOCH,1,0.5797,70.0,,,,,  Epoch  1  Loss=0.5797  Acc=70.0%
2026-05-21T16:06:41.283949,1779368801.2839491,TRAIN_EPOCH,2,0.584,70.0,,,,,  Epoch  2  Loss=0.5840  Acc=70.0%
2026-05-21T16:06:41.433674,1779368801.4336746,TRAIN_EPOCH,3,0.5788,70.0,,,,,  Epoch  3  Loss=0.5788  Acc=70.0%
2026-05-21T16:06:41.581267,1779368801.5812674,TRAIN_EPOCH,4,0.5762,70.0,,,,,  Epoch  4  Loss=0.5762  Acc=70.0%
2026-05-21T16:06:41.730355,1779368801.730356,TRAIN_EPOCH,5,0.5737,70.0,,,,,  Epoch  5  Loss=0.5737  Acc=70.0%
2026-05-21T16:06:41.888601,1779368801.8886015,TRAIN_EPOCH,6,0.5715,70.0,,,,,  Epoch  6  Loss=0.5715  Acc=70.0%
2026-05-21T16:06:42.038517,1779368802.038517,TRAIN_EPOCH,7,0.5695,70.0,,,,,  Epoch  7  Loss=0.5695  Acc=70.0%
2026-05-21T16:06:42.188488,1779368802.1884882,TRAIN_EPOCH,8,0.5663,70.0,,,,,  Epoch  8  Loss=0.5663  Acc=70.0%
2026-05-21T16:06:42.336143,1779368802.3361437,TRAIN_EPOCH,9,0.5646,70.0,,,,,  Epoch  9  Loss=0.5646  Acc=70.0%
2026-05-21T16:06:42.482654,1779368802.4826548,TRAIN_EPOCH,10,0.5607,70.0,,,,,  Epoch 10  Loss=0.5607  Acc=70.0%
2026-05-21T16:06:42.631313,1779368802.6313133,TRAIN_EPOCH,11,0.5571,70.0,,,,,  Epoch 11  Loss=0.5571  Acc=70.0%
2026-05-21T16:06:42.780580,1779368802.7805803,TRAIN_EPOCH,12,0.5538,70.0,,,,,  Epoch 12  Loss=0.5538  Acc=70.0%
2026-05-21T16:06:42.940806,1779368802.9408069,TRAIN_EPOCH,13,0.5509,70.0,,,,,  Epoch 13  Loss=0.5509  Acc=70.0%
2026-05-21T16:06:43.089023,1779368803.0890236,TRAIN_EPOCH,14,0.5464,70.0,,,,,  Epoch 14  Loss=0.5464  Acc=70.0%
2026-05-21T16:06:43.090750,1779368803.09075,VALIDATION,,,,60.0,10,,,[ACCURACY] Validation: 60.0% (n=10)
2026-05-21T16:06:43.093782,1779368803.093782,FL,,,,,,,"B1 pre-pack: min=-10.4845, max=9.5231, mean=0.3547","[FL] B1 pre-pack: min=-10.4845, max=9.5231, mean=0.3547"
2026-05-21T16:06:43.095729,1779368803.0957296,FL,,,,,,,Model sent (72 bytes),[FL] Model sent (72 bytes)
2026-05-21T16:06:43.095729,1779368803.0957296,NEW_SAMPLE,,,,,30,cat,,[DATA] class=cat (n=30)
2026-05-21T16:06:43.223398,1779368803.2233982,BLE,,,,,,,Received global model (64 bytes),[BLE] Received global model (64 bytes)
2026-05-21T16:06:43.225403,1779368803.2254033,FL,,,,,,,Global model updated (Adam reset),[FL] Global model updated (Adam reset)
2026-05-21T16:06:43.227972,1779368803.227972,FL,,,,,,,"B1 unpacked: min=-10.0787, max=9.4488, mean=0.3273","[FL] B1 unpacked: min=-10.0787, max=9.4488, mean=0.3273"
2026-05-21T16:06:45.099442,1779368805.0994427,NEW_SAMPLE,,,,,30,horse,,[DATA] class=horse (n=30)
2026-05-21T16:06:47.099755,1779368807.0997558,NEW_SAMPLE,,,,,30,dog,,[DATA] class=dog (n=30)
2026-05-21T16:06:49.095226,1779368809.095226,NEW_SAMPLE,,,,,30,cat,,[DATA] class=cat (n=30)
2026-05-21T16:06:51.095717,1779368811.0957174,NEW_SAMPLE,,,,,30,cat,,[DATA] class=cat (n=30)
2026-05-21T16:06:53.099395,1779368813.0993955,NEW_SAMPLE,,,,,30,horse,,[DATA] class=horse (n=30)
2026-05-21T16:06:55.093532,1779368815.0935318,NEW_SAMPLE,,,,,30,horse,,[DATA] class=horse (n=30)
2026-05-21T16:06:57.102640,1779368817.1026402,NEW_SAMPLE,,,,,30,horse,,[DATA] class=horse (n=30)
2026-05-21T16:06:59.101069,1779368819.101069,NEW_SAMPLE,,,,,30,horse,,[DATA] class=horse (n=30)
2026-05-21T16:07:00.838112,1779368820.8381126,FL,,,,,,,Local training (4-class cross-entropy),[FL] Local training (4-class cross-entropy)
2026-05-21T16:07:00.984927,1779368820.984927,TRAIN_EPOCH,0,0.6772,66.7,,,,,  Epoch  0  Loss=0.6772  Acc=66.7%
2026-05-21T16:07:01.133142,1779368821.1331425,TRAIN_EPOCH,1,0.5709,70.0,,,,,  Epoch  1  Loss=0.5709  Acc=70.0%
2026-05-21T16:07:01.281557,1779368821.2815573,TRAIN_EPOCH,2,0.5758,70.0,,,,,  Epoch  2  Loss=0.5758  Acc=70.0%
2026-05-21T16:07:01.430270,1779368821.4302707,TRAIN_EPOCH,3,0.5658,70.0,,,,,  Epoch  3  Loss=0.5658  Acc=70.0%
2026-05-21T16:07:01.579323,1779368821.5793235,TRAIN_EPOCH,4,0.559,70.0,,,,,  Epoch  4  Loss=0.5590  Acc=70.0%
2026-05-21T16:07:01.736934,1779368821.7369344,TRAIN_EPOCH,5,0.5519,70.0,,,,,  Epoch  5  Loss=0.5519  Acc=70.0%
2026-05-21T16:07:01.885019,1779368821.8850195,TRAIN_EPOCH,6,0.5447,70.0,,,,,  Epoch  6  Loss=0.5447  Acc=70.0%
2026-05-21T16:07:02.032784,1779368822.0327845,TRAIN_EPOCH,7,0.5398,73.3,,,,,  Epoch  7  Loss=0.5398  Acc=73.3%
2026-05-21T16:07:02.179896,1779368822.1798966,TRAIN_EPOCH,8,0.5321,76.7,,,,,  Epoch  8  Loss=0.5321  Acc=76.7%
2026-05-21T16:07:02.338407,1779368822.3384075,TRAIN_EPOCH,9,0.5275,76.7,,,,,  Epoch  9  Loss=0.5275  Acc=76.7%
2026-05-21T16:07:02.486881,1779368822.4868815,TRAIN_EPOCH,10,0.5224,76.7,,,,,  Epoch 10  Loss=0.5224  Acc=76.7%
2026-05-21T16:07:02.632741,1779368822.6327415,TRAIN_EPOCH,11,0.5173,80.0,,,,,  Epoch 11  Loss=0.5173  Acc=80.0%
2026-05-21T16:07:02.780661,1779368822.780661,TRAIN_EPOCH,12,0.5122,80.0,,,,,  Epoch 12  Loss=0.5122  Acc=80.0%
2026-05-21T16:07:02.940016,1779368822.9400163,TRAIN_EPOCH,13,0.5081,80.0,,,,,  Epoch 13  Loss=0.5081  Acc=80.0%
2026-05-21T16:07:03.087385,1779368823.087386,TRAIN_EPOCH,14,0.504,80.0,,,,,  Epoch 14  Loss=0.5040  Acc=80.0%
2026-05-21T16:07:03.089968,1779368823.0899682,VALIDATION,,,,90.0,10,,,[ACCURACY] Validation: 90.0% (n=10)
2026-05-21T16:07:03.092949,1779368823.09295,FL,,,,,,,"B1 pre-pack: min=-11.3588, max=11.0458, mean=0.3975","[FL] B1 pre-pack: min=-11.3588, max=11.0458, mean=0.3975"
2026-05-21T16:07:03.104517,1779368823.1045172,FL,,,,,,,Model sent (72 bytes),[FL] Model sent (72 bytes)
2026-05-21T16:07:03.106509,1779368823.10651,NEW_SAMPLE,,,,,30,other,,[DATA] class=other (n=30)
2026-05-21T16:07:03.255173,1779368823.2551732,BLE,,,,,,,Received global model (64 bytes),[BLE] Received global model (64 bytes)
2026-05-21T16:07:03.259820,1779368823.25982,FL,,,,,,,Global model updated (Adam reset),[FL] Global model updated (Adam reset)
2026-05-21T16:07:03.262854,1779368823.2628539,FL,,,,,,,"B1 unpacked: min=-10.0787, max=9.6850, mean=0.3642","[FL] B1 unpacked: min=-10.0787, max=9.6850, mean=0.3642"
2026-05-21T16:07:05.094566,1779368825.0945663,NEW_SAMPLE,,,,,30,cat,,[DATA] class=cat (n=30)
2026-05-21T16:07:07.091685,1779368827.091685,NEW_SAMPLE,,,,,30,dog,,[DATA] class=dog (n=30)
2026-05-21T16:07:09.098050,1779368829.09805,NEW_SAMPLE,,,,,30,cat,,[DATA] class=cat (n=30)
2026-05-21T16:07:11.092477,1779368831.0924773,NEW_SAMPLE,,,,,30,dog,,[DATA] class=dog (n=30)
2026-05-21T16:07:13.096751,1779368833.0967512,NEW_SAMPLE,,,,,30,other,,[DATA] class=other (n=30)
2026-05-21T16:07:15.093980,1779368835.09398,NEW_SAMPLE,,,,,30,other,,[DATA] class=other (n=30)
2026-05-21T16:07:17.100853,1779368837.1008537,NEW_SAMPLE,,,,,30,cat,,[DATA] class=cat (n=30)
2026-05-21T16:07:19.094650,1779368839.0946505,NEW_SAMPLE,,,,,30,dog,,[DATA] class=dog (n=30)
2026-05-21T16:07:20.845362,1779368840.845362,FL,,,,,,,Local training (4-class cross-entropy),[FL] Local training (4-class cross-entropy)
2026-05-21T16:07:20.980883,1779368840.9808836,TRAIN_EPOCH,0,0.6374,70.0,,,,,  Epoch  0  Loss=0.6374  Acc=70.0%
2026-05-21T16:07:21.128717,1779368841.128718,TRAIN_EPOCH,1,0.5818,73.3,,,,,  Epoch  1  Loss=0.5818  Acc=73.3%
2026-05-21T16:07:21.288562,1779368841.2885628,TRAIN_EPOCH,2,0.5618,76.7,,,,,  Epoch  2  Loss=0.5618  Acc=76.7%
2026-05-21T16:07:21.438072,1779368841.438073,TRAIN_EPOCH,3,0.5499,76.7,,,,,  Epoch  3  Loss=0.5499  Acc=76.7%
2026-05-21T16:07:21.585633,1779368841.5856333,TRAIN_EPOCH,4,0.5411,76.7,,,,,  Epoch  4  Loss=0.5411  Acc=76.7%
2026-05-21T16:07:21.734041,1779368841.734042,TRAIN_EPOCH,5,0.5335,76.7,,,,,  Epoch  5  Loss=0.5335  Acc=76.7%
2026-05-21T16:07:21.881452,1779368841.8814523,TRAIN_EPOCH,6,0.5272,76.7,,,,,  Epoch  6  Loss=0.5272  Acc=76.7%
2026-05-21T16:07:22.028126,1779368842.0281265,TRAIN_EPOCH,7,0.5213,76.7,,,,,  Epoch  7  Loss=0.5213  Acc=76.7%
2026-05-21T16:07:22.187129,1779368842.187129,TRAIN_EPOCH,8,0.5158,76.7,,,,,  Epoch  8  Loss=0.5158  Acc=76.7%
2026-05-21T16:07:22.336380,1779368842.3363807,TRAIN_EPOCH,9,0.5106,76.7,,,,,  Epoch  9  Loss=0.5106  Acc=76.7%
2026-05-21T16:07:22.483787,1779368842.483787,TRAIN_EPOCH,10,0.5056,76.7,,,,,  Epoch 10  Loss=0.5056  Acc=76.7%
2026-05-21T16:07:22.632953,1779368842.6329536,TRAIN_EPOCH,11,0.5009,76.7,,,,,  Epoch 11  Loss=0.5009  Acc=76.7%
2026-05-21T16:07:22.781784,1779368842.7817843,TRAIN_EPOCH,12,0.4964,73.3,,,,,  Epoch 12  Loss=0.4964  Acc=73.3%
2026-05-21T16:07:22.939699,1779368842.9397,TRAIN_EPOCH,13,0.492,73.3,,,,,  Epoch 13  Loss=0.4920  Acc=73.3%
2026-05-21T16:07:23.089709,1779368843.0897093,TRAIN_EPOCH,14,0.4878,73.3,,,,,  Epoch 14  Loss=0.4878  Acc=73.3%
2026-05-21T16:07:23.091743,1779368843.091743,VALIDATION,,,,80.0,10,,,[ACCURACY] Validation: 80.0% (n=10)
2026-05-21T16:07:23.094724,1779368843.0947247,FL,,,,,,,"B1 pre-pack: min=-11.8481, max=11.9539, mean=0.4113","[FL] B1 pre-pack: min=-11.8481, max=11.9539, mean=0.4113"
2026-05-21T16:07:23.096692,1779368843.0966926,FL,,,,,,,Model sent (72 bytes),[FL] Model sent (72 bytes)
2026-05-21T16:07:23.098691,1779368843.0986912,NEW_SAMPLE,,,,,30,other,,[DATA] class=other (n=30)
2026-05-21T16:07:23.235272,1779368843.2352722,BLE,,,,,,,Received global model (64 bytes),[BLE] Received global model (64 bytes)
2026-05-21T16:07:23.239744,1779368843.2397451,FL,,,,,,,Global model updated (Adam reset),[FL] Global model updated (Adam reset)
2026-05-21T16:07:23.241778,1779368843.2417786,FL,,,,,,,"B1 unpacked: min=-10.0787, max=9.8425, mean=0.3888","[FL] B1 unpacked: min=-10.0787, max=9.8425, mean=0.3888"
2026-05-21T16:07:25.102212,1779368845.1022122,NEW_SAMPLE,,,,,30,cat,,[DATA] class=cat (n=30)
2026-05-21T16:07:27.098910,1779368847.0989106,NEW_SAMPLE,,,,,30,cat,,[DATA] class=cat (n=30)
2026-05-21T16:07:29.093058,1779368849.0930588,NEW_SAMPLE,,,,,30,horse,,[DATA] class=horse (n=30)
2026-05-21T16:07:31.100378,1779368851.100378,NEW_SAMPLE,,,,,30,dog,,[DATA] class=dog (n=30)
2026-05-21T16:07:33.095571,1779368853.0955715,NEW_SAMPLE,,,,,30,cat,,[DATA] class=cat (n=30)
2026-05-21T16:07:35.098200,1779368855.0982006,NEW_SAMPLE,,,,,30,horse,,[DATA] class=horse (n=30)
2026-05-21T16:07:37.100400,1779368857.1004004,NEW_SAMPLE,,,,,30,cat,,[DATA] class=cat (n=30)
2026-05-21T16:07:39.096486,1779368859.0964866,NEW_SAMPLE,,,,,30,cat,,[DATA] class=cat (n=30)
2026-05-21T16:07:40.847298,1779368860.8472986,FL,,,,,,,Local training (4-class cross-entropy),[FL] Local training (4-class cross-entropy)
2026-05-21T16:07:40.985902,1779368860.985902,TRAIN_EPOCH,0,0.6059,66.7,,,,,  Epoch  0  Loss=0.6059  Acc=66.7%
2026-05-21T16:07:41.135797,1779368861.1357977,TRAIN_EPOCH,1,0.5453,70.0,,,,,  Epoch  1  Loss=0.5453  Acc=70.0%
2026-05-21T16:07:41.282424,1779368861.2824242,TRAIN_EPOCH,2,0.5352,70.0,,,,,  Epoch  2  Loss=0.5352  Acc=70.0%
2026-05-21T16:07:41.431421,1779368861.4314218,TRAIN_EPOCH,3,0.5248,73.3,,,,,  Epoch  3  Loss=0.5248  Acc=73.3%
2026-05-21T16:07:41.579196,1779368861.5791962,TRAIN_EPOCH,4,0.5173,76.7,,,,,  Epoch  4  Loss=0.5173  Acc=76.7%
2026-05-21T16:07:41.739143,1779368861.7391434,TRAIN_EPOCH,5,0.5094,76.7,,,,,  Epoch  5  Loss=0.5094  Acc=76.7%
2026-05-21T16:07:41.877932,1779368861.8779325,TRAIN_EPOCH,6,0.5031,76.7,,,,,  Epoch  6  Loss=0.5031  Acc=76.7%
2026-05-21T16:07:42.034050,1779368862.0340502,TRAIN_EPOCH,7,0.498,80.0,,,,,  Epoch  7  Loss=0.4980  Acc=80.0%
2026-05-21T16:07:42.183022,1779368862.1830227,TRAIN_EPOCH,8,0.4924,80.0,,,,,  Epoch  8  Loss=0.4924  Acc=80.0%
2026-05-21T16:07:42.331417,1779368862.3314176,TRAIN_EPOCH,9,0.4876,80.0,,,,,  Epoch  9  Loss=0.4876  Acc=80.0%
2026-05-21T16:07:42.489138,1779368862.489138,TRAIN_EPOCH,10,0.4832,80.0,,,,,  Epoch 10  Loss=0.4832  Acc=80.0%
2026-05-21T16:07:42.637794,1779368862.6377947,TRAIN_EPOCH,11,0.4792,80.0,,,,,  Epoch 11  Loss=0.4792  Acc=80.0%
2026-05-21T16:07:42.787015,1779368862.7870157,TRAIN_EPOCH,12,0.4754,80.0,,,,,  Epoch 12  Loss=0.4754  Acc=80.0%
2026-05-21T16:07:42.933945,1779368862.9339457,TRAIN_EPOCH,13,0.4721,80.0,,,,,  Epoch 13  Loss=0.4721  Acc=80.0%
2026-05-21T16:07:43.092384,1779368863.0923846,TRAIN_EPOCH,14,0.4679,80.0,,,,,  Epoch 14  Loss=0.4679  Acc=80.0%
2026-05-21T16:07:43.092384,1779368863.0923846,VALIDATION,,,,70.0,10,,,[ACCURACY] Validation: 70.0% (n=10)
2026-05-21T16:07:43.093385,1779368863.0933852,FL,,,,,,,"B1 pre-pack: min=-10.7873, max=10.8600, mean=0.3672","[FL] B1 pre-pack: min=-10.7873, max=10.8600, mean=0.3672"
2026-05-21T16:07:43.094382,1779368863.094382,FL,,,,,,,Model sent (72 bytes),[FL] Model sent (72 bytes)
2026-05-21T16:07:43.094382,1779368863.094382,NEW_SAMPLE,,,,,30,horse,,[DATA] class=horse (n=30)
2026-05-21T16:07:43.221394,1779368863.2213938,BLE,,,,,,,Received global model (64 bytes),[BLE] Received global model (64 bytes)
2026-05-21T16:07:43.222390,1779368863.2223902,FL,,,,,,,Global model updated (Adam reset),[FL] Global model updated (Adam reset)
2026-05-21T16:07:43.223387,1779368863.2233875,FL,,,,,,,"B1 unpacked: min=-10.0787, max=9.9213, mean=0.3765","[FL] B1 unpacked: min=-10.0787, max=9.9213, mean=0.3765"
2026-05-21T16:07:45.092342,1779368865.092342,NEW_SAMPLE,,,,,30,horse,,[DATA] class=horse (n=30)
2026-05-21T16:07:47.098095,1779368867.0980957,NEW_SAMPLE,,,,,30,cat,,[DATA] class=cat (n=30)
2026-05-21T16:07:49.093108,1779368869.093108,NEW_SAMPLE,,,,,30,cat,,[DATA] class=cat (n=30)
2026-05-21T16:07:51.100634,1779368871.1006346,NEW_SAMPLE,,,,,30,dog,,[DATA] class=dog (n=30)
2026-05-21T16:07:53.100784,1779368873.1007843,NEW_SAMPLE,,,,,30,cat,,[DATA] class=cat (n=30)
2026-05-21T16:07:55.095467,1779368875.095467,NEW_SAMPLE,,,,,30,horse,,[DATA] class=horse (n=30)
2026-05-21T16:07:57.092976,1779368877.0929766,NEW_SAMPLE,,,,,30,dog,,[DATA] class=dog (n=30)
2026-05-21T16:07:59.099931,1779368879.0999317,NEW_SAMPLE,,,,,30,other,,[DATA] class=other (n=30)
2026-05-21T16:08:00.840518,1779368880.8405182,FL,,,,,,,Local training (4-class cross-entropy),[FL] Local training (4-class cross-entropy)
2026-05-21T16:08:00.976976,1779368880.9769764,TRAIN_EPOCH,0,0.7093,70.0,,,,,  Epoch  0  Loss=0.7093  Acc=70.0%
2026-05-21T16:08:01.134365,1779368881.134365,TRAIN_EPOCH,1,0.6682,70.0,,,,,  Epoch  1  Loss=0.6682  Acc=70.0%
2026-05-21T16:08:01.281576,1779368881.2815764,TRAIN_EPOCH,2,0.6493,73.3,,,,,  Epoch  2  Loss=0.6493  Acc=73.3%
2026-05-21T16:08:01.430247,1779368881.4302478,TRAIN_EPOCH,3,0.6349,73.3,,,,,  Epoch  3  Loss=0.6349  Acc=73.3%
2026-05-21T16:08:01.577982,1779368881.5779824,TRAIN_EPOCH,4,0.6214,73.3,,,,,  Epoch  4  Loss=0.6214  Acc=73.3%
2026-05-21T16:08:01.738054,1779368881.7380545,TRAIN_EPOCH,5,0.6083,73.3,,,,,  Epoch  5  Loss=0.6083  Acc=73.3%
2026-05-21T16:08:01.886550,1779368881.88655,TRAIN_EPOCH,6,0.5967,73.3,,,,,  Epoch  6  Loss=0.5967  Acc=73.3%
2026-05-21T16:08:02.032787,1779368882.0327876,TRAIN_EPOCH,7,0.586,83.3,,,,,  Epoch  7  Loss=0.5860  Acc=83.3%
2026-05-21T16:08:02.180826,1779368882.1808267,TRAIN_EPOCH,8,0.5758,83.3,,,,,  Epoch  8  Loss=0.5758  Acc=83.3%
2026-05-21T16:08:02.329355,1779368882.3293557,TRAIN_EPOCH,9,0.5667,83.3,,,,,  Epoch  9  Loss=0.5667  Acc=83.3%
2026-05-21T16:08:02.486551,1779368882.4865513,TRAIN_EPOCH,10,0.5575,83.3,,,,,  Epoch 10  Loss=0.5575  Acc=83.3%
2026-05-21T16:08:02.634347,1779368882.6343477,TRAIN_EPOCH,11,0.549,83.3,,,,,  Epoch 11  Loss=0.5490  Acc=83.3%
2026-05-21T16:08:02.782503,1779368882.7825038,TRAIN_EPOCH,12,0.541,83.3,,,,,  Epoch 12  Loss=0.5410  Acc=83.3%
2026-05-21T16:08:02.930956,1779368882.9309566,TRAIN_EPOCH,13,0.5335,83.3,,,,,  Epoch 13  Loss=0.5335  Acc=83.3%
2026-05-21T16:08:03.089859,1779368883.089859,TRAIN_EPOCH,14,0.5264,83.3,,,,,  Epoch 14  Loss=0.5264  Acc=83.3%
2026-05-21T16:08:03.091823,1779368883.0918238,VALIDATION,,,,90.0,10,,,[ACCURACY] Validation: 90.0% (n=10)
2026-05-21T16:08:03.094859,1779368883.0948598,FL,,,,,,,"B1 pre-pack: min=-10.7054, max=10.6470, mean=0.3337","[FL] B1 pre-pack: min=-10.7054, max=10.6470, mean=0.3337"
2026-05-21T16:08:03.095818,1779368883.0958188,FL,,,,,,,Model sent (72 bytes),[FL] Model sent (72 bytes)
2026-05-21T16:08:03.096815,1779368883.0968156,NEW_SAMPLE,,,,,30,cat,,[DATA] class=cat (n=30)
2026-05-21T16:08:03.255754,1779368883.2557547,BLE,,,,,,,Received global model (64 bytes),[BLE] Received global model (64 bytes)
2026-05-21T16:08:03.260857,1779368883.260857,FL,,,,,,,Global model updated (Adam reset),[FL] Global model updated (Adam reset)
2026-05-21T16:08:03.262698,1779368883.2626984,FL,,,,,,,"B1 unpacked: min=-10.0787, max=10.0000, mean=0.3617","[FL] B1 unpacked: min=-10.0787, max=10.0000, mean=0.3617"
2026-05-21T16:08:05.092153,1779368885.0921535,NEW_SAMPLE,,,,,30,cat,,[DATA] class=cat (n=30)
2026-05-21T16:08:07.099268,1779368887.0992684,NEW_SAMPLE,,,,,30,other,,[DATA] class=other (n=30)
2026-05-21T16:08:09.093935,1779368889.093936,NEW_SAMPLE,,,,,30,horse,,[DATA] class=horse (n=30)
2026-05-21T16:08:11.101682,1779368891.101682,NEW_SAMPLE,,,,,30,other,,[DATA] class=other (n=30)
2026-05-21T16:08:13.092917,1779368893.0929172,NEW_SAMPLE,,,,,30,horse,,[DATA] class=horse (n=30)
2026-05-21T16:08:15.093327,1779368895.093327,NEW_SAMPLE,,,,,30,cat,,[DATA] class=cat (n=30)
2026-05-21T16:08:17.094834,1779368897.0948348,NEW_SAMPLE,,,,,30,dog,,[DATA] class=dog (n=30)
2026-05-21T16:08:19.096115,1779368899.096115,NEW_SAMPLE,,,,,30,other,,[DATA] class=other (n=30)
2026-05-21T16:08:20.841611,1779368900.8416116,FL,,,,,,,Local training (4-class cross-entropy),[FL] Local training (4-class cross-entropy)
2026-05-21T16:08:20.980699,1779368900.9806995,TRAIN_EPOCH,0,0.6496,76.7,,,,,  Epoch  0  Loss=0.6496  Acc=76.7%
2026-05-21T16:08:21.128643,1779368901.128643,TRAIN_EPOCH,1,0.5832,80.0,,,,,  Epoch  1  Loss=0.5832  Acc=80.0%
2026-05-21T16:08:21.284829,1779368901.2848299,TRAIN_EPOCH,2,0.5769,80.0,,,,,  Epoch  2  Loss=0.5769  Acc=80.0%
2026-05-21T16:08:21.434111,1779368901.4341109,TRAIN_EPOCH,3,0.5635,83.3,,,,,  Epoch  3  Loss=0.5635  Acc=83.3%
2026-05-21T16:08:21.582299,1779368901.5822992,TRAIN_EPOCH,4,0.5542,83.3,,,,,  Epoch  4  Loss=0.5542  Acc=83.3%
2026-05-21T16:08:21.729999,1779368901.7299995,TRAIN_EPOCH,5,0.5459,83.3,,,,,  Epoch  5  Loss=0.5459  Acc=83.3%
2026-05-21T16:08:21.879167,1779368901.8791676,TRAIN_EPOCH,6,0.5406,83.3,,,,,  Epoch  6  Loss=0.5406  Acc=83.3%
2026-05-21T16:08:22.037236,1779368902.0372362,TRAIN_EPOCH,7,0.5326,83.3,,,,,  Epoch  7  Loss=0.5326  Acc=83.3%
2026-05-21T16:08:22.184910,1779368902.18491,TRAIN_EPOCH,8,0.5263,80.0,,,,,  Epoch  8  Loss=0.5263  Acc=80.0%
2026-05-21T16:08:22.332469,1779368902.33247,TRAIN_EPOCH,9,0.5203,80.0,,,,,  Epoch  9  Loss=0.5203  Acc=80.0%
2026-05-21T16:08:22.481708,1779368902.4817088,TRAIN_EPOCH,10,0.5146,80.0,,,,,  Epoch 10  Loss=0.5146  Acc=80.0%
2026-05-21T16:08:22.629612,1779368902.6296122,TRAIN_EPOCH,11,0.5092,80.0,,,,,  Epoch 11  Loss=0.5092  Acc=80.0%
2026-05-21T16:08:22.779928,1779368902.779928,TRAIN_EPOCH,12,0.504,80.0,,,,,  Epoch 12  Loss=0.5040  Acc=80.0%
2026-05-21T16:08:22.938142,1779368902.9381423,TRAIN_EPOCH,13,0.4991,80.0,,,,,  Epoch 13  Loss=0.4991  Acc=80.0%
2026-05-21T16:08:23.084783,1779368903.0847836,TRAIN_EPOCH,14,0.4944,80.0,,,,,  Epoch 14  Loss=0.4944  Acc=80.0%
2026-05-21T16:08:23.088870,1779368903.08887,VALIDATION,,,,50.0,10,,,[ACCURACY] Validation: 50.0% (n=10)
2026-05-21T16:08:23.091905,1779368903.0919058,FL,,,,,,,"B1 pre-pack: min=-10.3286, max=9.9799, mean=0.3272","[FL] B1 pre-pack: min=-10.3286, max=9.9799, mean=0.3272"
2026-05-21T16:08:23.094539,1779368903.0945394,FL,,,,,,,Model sent (72 bytes),[FL] Model sent (72 bytes)
2026-05-21T16:08:23.096535,1779368903.096536,NEW_SAMPLE,,,,,30,other,,[DATA] class=other (n=30)
2026-05-21T16:08:23.243250,1779368903.2432504,BLE,,,,,,,Received global model (64 bytes),[BLE] Received global model (64 bytes)
2026-05-21T16:08:23.244280,1779368903.2442803,FL,,,,,,,Global model updated (Adam reset),[FL] Global model updated (Adam reset)
2026-05-21T16:08:23.244280,1779368903.2442803,FL,,,,,,,"B1 unpacked: min=-10.0787, max=10.0000, mean=0.3396","[FL] B1 unpacked: min=-10.0787, max=10.0000, mean=0.3396"
2026-05-21T16:08:25.099850,1779368905.0998504,NEW_SAMPLE,,,,,30,horse,,[DATA] class=horse (n=30)
2026-05-21T16:08:27.096748,1779368907.0967486,NEW_SAMPLE,,,,,30,other,,[DATA] class=other (n=30)
2026-05-21T16:08:29.099123,1779368909.0991237,NEW_SAMPLE,,,,,30,other,,[DATA] class=other (n=30)
2026-05-21T16:08:31.101461,1779368911.1014614,NEW_SAMPLE,,,,,30,dog,,[DATA] class=dog (n=30)
2026-05-21T16:08:33.097883,1779368913.0978832,NEW_SAMPLE,,,,,30,horse,,[DATA] class=horse (n=30)
2026-05-21T16:08:35.097744,1779368915.097745,NEW_SAMPLE,,,,,30,cat,,[DATA] class=cat (n=30)
2026-05-21T16:08:37.100813,1779368917.1008139,NEW_SAMPLE,,,,,30,horse,,[DATA] class=horse (n=30)
2026-05-21T16:08:39.099736,1779368919.0997362,NEW_SAMPLE,,,,,30,horse,,[DATA] class=horse (n=30)
2026-05-21T16:08:40.841361,1779368920.8413615,FL,,,,,,,Local training (4-class cross-entropy),[FL] Local training (4-class cross-entropy)
2026-05-21T16:08:40.980433,1779368920.9804335,TRAIN_EPOCH,0,0.7316,76.7,,,,,  Epoch  0  Loss=0.7316  Acc=76.7%
2026-05-21T16:08:41.130114,1779368921.1301148,TRAIN_EPOCH,1,0.5917,76.7,,,,,  Epoch  1  Loss=0.5917  Acc=76.7%
2026-05-21T16:08:41.279799,1779368921.2797997,TRAIN_EPOCH,2,0.5905,76.7,,,,,  Epoch  2  Loss=0.5905  Acc=76.7%
2026-05-21T16:08:41.438839,1779368921.438839,TRAIN_EPOCH,3,0.5782,73.3,,,,,  Epoch  3  Loss=0.5782  Acc=73.3%
2026-05-21T16:08:41.587462,1779368921.5874622,TRAIN_EPOCH,4,0.579,73.3,,,,,  Epoch  4  Loss=0.5790  Acc=73.3%
2026-05-21T16:08:41.734590,1779368921.7345903,TRAIN_EPOCH,5,0.5738,73.3,,,,,  Epoch  5  Loss=0.5738  Acc=73.3%
2026-05-21T16:08:41.880367,1779368921.8803673,TRAIN_EPOCH,6,0.571,70.0,,,,,  Epoch  6  Loss=0.5710  Acc=70.0%
2026-05-21T16:08:42.029478,1779368922.029479,TRAIN_EPOCH,7,0.5682,70.0,,,,,  Epoch  7  Loss=0.5682  Acc=70.0%
2026-05-21T16:08:42.188640,1779368922.18864,TRAIN_EPOCH,8,0.565,66.7,,,,,  Epoch  8  Loss=0.5650  Acc=66.7%
2026-05-21T16:08:42.336736,1779368922.3367364,TRAIN_EPOCH,9,0.5622,66.7,,,,,  Epoch  9  Loss=0.5622  Acc=66.7%
2026-05-21T16:08:42.482402,1779368922.4824028,TRAIN_EPOCH,10,0.5594,66.7,,,,,  Epoch 10  Loss=0.5594  Acc=66.7%
2026-05-21T16:08:42.629767,1779368922.6297677,TRAIN_EPOCH,11,0.5565,66.7,,,,,  Epoch 11  Loss=0.5565  Acc=66.7%
2026-05-21T16:08:42.788504,1779368922.7885046,TRAIN_EPOCH,12,0.5538,66.7,,,,,  Epoch 12  Loss=0.5538  Acc=66.7%
2026-05-21T16:08:42.935247,1779368922.9352472,TRAIN_EPOCH,13,0.5515,66.7,,,,,  Epoch 13  Loss=0.5515  Acc=66.7%
2026-05-21T16:08:43.093911,1779368923.093911,TRAIN_EPOCH,14,0.5488,66.7,,,,,  Epoch 14  Loss=0.5488  Acc=66.7%
2026-05-21T16:08:43.094959,1779368923.0949595,VALIDATION,,,,90.0,10,,,[ACCURACY] Validation: 90.0% (n=10)
2026-05-21T16:08:43.094959,1779368923.0949595,FL,,,,,,,"B1 pre-pack: min=-10.5926, max=11.0366, mean=0.3538","[FL] B1 pre-pack: min=-10.5926, max=11.0366, mean=0.3538"
2026-05-21T16:08:43.095981,1779368923.0959818,FL,,,,,,,Model sent (72 bytes),[FL] Model sent (72 bytes)
2026-05-21T16:08:43.095981,1779368923.0959818,NEW_SAMPLE,,,,,30,dog,,[DATA] class=dog (n=30)
2026-05-21T16:08:43.223417,1779368923.223417,BLE,,,,,,,Received global model (64 bytes),[BLE] Received global model (64 bytes)
2026-05-21T16:08:43.223710,1779368923.2237103,FL,,,,,,,Global model updated (Adam reset),[FL] Global model updated (Adam reset)
2026-05-21T16:08:43.224214,1779368923.2242143,FL,,,,,,,"B1 unpacked: min=-10.0787, max=10.0000, mean=0.3420","[FL] B1 unpacked: min=-10.0787, max=10.0000, mean=0.3420"
2026-05-21T16:08:45.099636,1779368925.0996363,NEW_SAMPLE,,,,,30,other,,[DATA] class=other (n=30)
2026-05-21T16:08:47.095003,1779368927.095003,NEW_SAMPLE,,,,,30,dog,,[DATA] class=dog (n=30)
2026-05-21T16:08:49.092843,1779368929.0938885,NEW_SAMPLE,,,,,30,cat,,[DATA] class=cat (n=30)
2026-05-21T16:08:51.098313,1779368931.0983138,NEW_SAMPLE,,,,,30,dog,,[DATA] class=dog (n=30)
2026-05-21T16:08:53.094555,1779368933.0945559,NEW_SAMPLE,,,,,30,cat,,[DATA] class=cat (n=30)
2026-05-21T16:08:55.098987,1779368935.0989876,NEW_SAMPLE,,,,,30,dog,,[DATA] class=dog (n=30)
2026-05-21T16:08:57.092460,1779368937.0924609,NEW_SAMPLE,,,,,30,horse,,[DATA] class=horse (n=30)
2026-05-21T16:08:59.092085,1779368939.0920856,NEW_SAMPLE,,,,,30,horse,,[DATA] class=horse (n=30)
2026-05-21T16:09:00.839865,1779368940.8398657,FL,,,,,,,Local training (4-class cross-entropy),[FL] Local training (4-class cross-entropy)
2026-05-21T16:09:00.978115,1779368940.978115,TRAIN_EPOCH,0,0.501,73.3,,,,,  Epoch  0  Loss=0.5010  Acc=73.3%
2026-05-21T16:09:01.136667,1779368941.1366677,TRAIN_EPOCH,1,0.4592,80.0,,,,,  Epoch  1  Loss=0.4592  Acc=80.0%
2026-05-21T16:09:01.284626,1779368941.2846267,TRAIN_EPOCH,2,0.4532,80.0,,,,,  Epoch  2  Loss=0.4532  Acc=80.0%
2026-05-21T16:09:01.432655,1779368941.4326553,TRAIN_EPOCH,3,0.4468,80.0,,,,,  Epoch  3  Loss=0.4468  Acc=80.0%
2026-05-21T16:09:01.580398,1779368941.5803988,TRAIN_EPOCH,4,0.4445,80.0,,,,,  Epoch  4  Loss=0.4445  Acc=80.0%
2026-05-21T16:09:01.730144,1779368941.730144,TRAIN_EPOCH,5,0.4398,80.0,,,,,  Epoch  5  Loss=0.4398  Acc=80.0%
2026-05-21T16:09:01.879438,1779368941.8794389,TRAIN_EPOCH,6,0.4385,80.0,,,,,  Epoch  6  Loss=0.4385  Acc=80.0%
2026-05-21T16:09:02.035948,1779368942.0359485,TRAIN_EPOCH,7,0.4348,83.3,,,,,  Epoch  7  Loss=0.4348  Acc=83.3%
2026-05-21T16:09:02.182534,1779368942.1825347,TRAIN_EPOCH,8,0.4338,83.3,,,,,  Epoch  8  Loss=0.4338  Acc=83.3%
2026-05-21T16:09:02.330476,1779368942.3304763,TRAIN_EPOCH,9,0.4313,83.3,,,,,  Epoch  9  Loss=0.4313  Acc=83.3%
2026-05-21T16:09:02.487901,1779368942.487902,TRAIN_EPOCH,10,0.4298,83.3,,,,,  Epoch 10  Loss=0.4298  Acc=83.3%
2026-05-21T16:09:02.635834,1779368942.6358342,TRAIN_EPOCH,11,0.4282,83.3,,,,,  Epoch 11  Loss=0.4282  Acc=83.3%
2026-05-21T16:09:02.782799,1779368942.7827992,TRAIN_EPOCH,12,0.4267,83.3,,,,,  Epoch 12  Loss=0.4267  Acc=83.3%
2026-05-21T16:09:02.932636,1779368942.9326367,TRAIN_EPOCH,13,0.4253,83.3,,,,,  Epoch 13  Loss=0.4253  Acc=83.3%
2026-05-21T16:09:03.092318,1779368943.0923183,TRAIN_EPOCH,14,0.4239,83.3,,,,,  Epoch 14  Loss=0.4239  Acc=83.3%
2026-05-21T16:09:03.095344,1779368943.0953445,VALIDATION,,,,100.0,10,,,[ACCURACY] Validation: 100.0% (n=10)
2026-05-21T16:09:03.097971,1779368943.097972,FL,,,,,,,"B1 pre-pack: min=-10.2766, max=10.4696, mean=0.3275","[FL] B1 pre-pack: min=-10.2766, max=10.4696, mean=0.3275"
2026-05-21T16:09:03.098981,1779368943.0989814,FL,,,,,,,Model sent (72 bytes),[FL] Model sent (72 bytes)
2026-05-21T16:09:03.099976,1779368943.0999763,NEW_SAMPLE,,,,,30,cat,,[DATA] class=cat (n=30)
2026-05-21T16:09:03.256473,1779368943.256473,BLE,,,,,,,Received global model (64 bytes),[BLE] Received global model (64 bytes)
2026-05-21T16:09:03.262229,1779368943.262229,FL,,,,,,,Global model updated (Adam reset),[FL] Global model updated (Adam reset)
2026-05-21T16:09:03.262695,1779368943.2626958,FL,,,,,,,"B1 unpacked: min=-10.0787, max=10.0000, mean=0.3273","[FL] B1 unpacked: min=-10.0787, max=10.0000, mean=0.3273"
2026-05-21T16:09:05.096045,1779368945.0960453,NEW_SAMPLE,,,,,30,dog,,[DATA] class=dog (n=30)
2026-05-21T16:09:07.102171,1779368947.102171,NEW_SAMPLE,,,,,30,horse,,[DATA] class=horse (n=30)
2026-05-21T16:09:09.092714,1779368949.092714,NEW_SAMPLE,,,,,30,other,,[DATA] class=other (n=30)
2026-05-21T16:09:11.096594,1779368951.0965943,NEW_SAMPLE,,,,,30,horse,,[DATA] class=horse (n=30)
2026-05-21T16:09:13.092335,1779368953.092335,NEW_SAMPLE,,,,,30,horse,,[DATA] class=horse (n=30)
2026-05-21T16:09:15.099275,1779368955.0992758,NEW_SAMPLE,,,,,30,cat,,[DATA] class=cat (n=30)
2026-05-21T16:09:17.098473,1779368957.0984735,NEW_SAMPLE,,,,,30,cat,,[DATA] class=cat (n=30)
2026-05-21T16:09:19.096468,1779368959.0964684,NEW_SAMPLE,,,,,30,dog,,[DATA] class=dog (n=30)
2026-05-21T16:09:20.840015,1779368960.8400154,FL,,,,,,,Local training (4-class cross-entropy),[FL] Local training (4-class cross-entropy)
2026-05-21T16:09:20.979004,1779368960.9790049,TRAIN_EPOCH,0,0.4786,83.3,,,,,  Epoch  0  Loss=0.4786  Acc=83.3%
2026-05-21T16:09:21.129019,1779368961.1290195,TRAIN_EPOCH,1,0.4251,83.3,,,,,  Epoch  1  Loss=0.4251  Acc=83.3%
2026-05-21T16:09:21.286138,1779368961.2861383,TRAIN_EPOCH,2,0.4216,83.3,,,,,  Epoch  2  Loss=0.4216  Acc=83.3%
2026-05-21T16:09:21.434739,1779368961.4347398,TRAIN_EPOCH,3,0.4167,83.3,,,,,  Epoch  3  Loss=0.4167  Acc=83.3%
2026-05-21T16:09:21.581476,1779368961.5814767,TRAIN_EPOCH,4,0.4139,83.3,,,,,  Epoch  4  Loss=0.4139  Acc=83.3%
2026-05-21T16:09:21.728532,1779368961.7285326,TRAIN_EPOCH,5,0.4107,83.3,,,,,  Epoch  5  Loss=0.4107  Acc=83.3%
2026-05-21T16:09:21.879156,1779368961.879157,TRAIN_EPOCH,6,0.408,83.3,,,,,  Epoch  6  Loss=0.4080  Acc=83.3%
2026-05-21T16:09:22.027945,1779368962.0279453,TRAIN_EPOCH,7,0.4054,83.3,,,,,  Epoch  7  Loss=0.4054  Acc=83.3%
2026-05-21T16:09:22.184990,1779368962.184991,TRAIN_EPOCH,8,0.4031,83.3,,,,,  Epoch  8  Loss=0.4031  Acc=83.3%
2026-05-21T16:09:22.335852,1779368962.3358526,TRAIN_EPOCH,9,0.4008,83.3,,,,,  Epoch  9  Loss=0.4008  Acc=83.3%
2026-05-21T16:09:22.484899,1779368962.4848995,TRAIN_EPOCH,10,0.3987,83.3,,,,,  Epoch 10  Loss=0.3987  Acc=83.3%
2026-05-21T16:09:22.633647,1779368962.633648,TRAIN_EPOCH,11,0.3967,83.3,,,,,  Epoch 11  Loss=0.3967  Acc=83.3%
2026-05-21T16:09:22.781486,1779368962.781486,TRAIN_EPOCH,12,0.3948,83.3,,,,,  Epoch 12  Loss=0.3948  Acc=83.3%
2026-05-21T16:09:22.930338,1779368962.9303389,TRAIN_EPOCH,13,0.393,83.3,,,,,  Epoch 13  Loss=0.3930  Acc=83.3%
2026-05-21T16:09:23.089392,1779368963.0893927,TRAIN_EPOCH,14,0.3912,83.3,,,,,  Epoch 14  Loss=0.3912  Acc=83.3%
2026-05-21T16:09:23.092172,1779368963.0921724,VALIDATION,,,,90.0,10,,,[ACCURACY] Validation: 90.0% (n=10)
2026-05-21T16:09:23.095164,1779368963.0951643,FL,,,,,,,"B1 pre-pack: min=-10.6275, max=11.0937, mean=0.3742","[FL] B1 pre-pack: min=-10.6275, max=11.0937, mean=0.3742"
2026-05-21T16:09:23.095164,1779368963.0951643,FL,,,,,,,Model sent (72 bytes),[FL] Model sent (72 bytes)
2026-05-21T16:09:23.095875,1779368963.0958757,NEW_SAMPLE,,,,,30,dog,,[DATA] class=dog (n=30)
2026-05-21T16:09:23.243673,1779368963.243673,BLE,,,,,,,Received global model (64 bytes),[BLE] Received global model (64 bytes)
2026-05-21T16:09:23.244633,1779368963.2446337,FL,,,,,,,Global model updated (Adam reset),[FL] Global model updated (Adam reset)
2026-05-21T16:09:23.247623,1779368963.2476237,FL,,,,,,,"B1 unpacked: min=-10.0787, max=10.0000, mean=0.3469","[FL] B1 unpacked: min=-10.0787, max=10.0000, mean=0.3469"
2026-05-21T16:09:25.098177,1779368965.098178,NEW_SAMPLE,,,,,30,other,,[DATA] class=other (n=30)
2026-05-21T16:09:27.097559,1779368967.0975597,NEW_SAMPLE,,,,,30,horse,,[DATA] class=horse (n=30)
2026-05-21T16:09:29.094118,1779368969.094118,NEW_SAMPLE,,,,,30,dog,,[DATA] class=dog (n=30)
2026-05-21T16:09:31.090907,1779368971.0909073,NEW_SAMPLE,,,,,30,dog,,[DATA] class=dog (n=30)
2026-05-21T16:09:33.096122,1779368973.096122,NEW_SAMPLE,,,,,30,horse,,[DATA] class=horse (n=30)
2026-05-21T16:09:35.094702,1779368975.094703,NEW_SAMPLE,,,,,30,other,,[DATA] class=other (n=30)
2026-05-21T16:09:37.100214,1779368977.100214,NEW_SAMPLE,,,,,30,dog,,[DATA] class=dog (n=30)
2026-05-21T16:09:39.099675,1779368979.0996754,NEW_SAMPLE,,,,,30,cat,,[DATA] class=cat (n=30)
2026-05-21T16:09:40.844340,1779368980.8443408,FL,,,,,,,Local training (4-class cross-entropy),[FL] Local training (4-class cross-entropy)
2026-05-21T16:09:40.981752,1779368980.9817526,TRAIN_EPOCH,0,0.3549,86.7,,,,,  Epoch  0  Loss=0.3549  Acc=86.7%
2026-05-21T16:09:41.130041,1779368981.1300416,TRAIN_EPOCH,1,0.3049,86.7,,,,,  Epoch  1  Loss=0.3049  Acc=86.7%
2026-05-21T16:09:41.280169,1779368981.2801695,TRAIN_EPOCH,2,0.3103,86.7,,,,,  Epoch  2  Loss=0.3103  Acc=86.7%
2026-05-21T16:09:41.428866,1779368981.4288666,TRAIN_EPOCH,3,0.3034,86.7,,,,,  Epoch  3  Loss=0.3034  Acc=86.7%
2026-05-21T16:09:41.586678,1779368981.5866787,TRAIN_EPOCH,4,0.2991,86.7,,,,,  Epoch  4  Loss=0.2991  Acc=86.7%
2026-05-21T16:09:41.734403,1779368981.7344031,TRAIN_EPOCH,5,0.2957,86.7,,,,,  Epoch  5  Loss=0.2957  Acc=86.7%
2026-05-21T16:09:41.883753,1779368981.8837538,TRAIN_EPOCH,6,0.2924,86.7,,,,,  Epoch  6  Loss=0.2924  Acc=86.7%
2026-05-21T16:09:42.030156,1779368982.0301561,TRAIN_EPOCH,7,0.2893,86.7,,,,,  Epoch  7  Loss=0.2893  Acc=86.7%
2026-05-21T16:09:42.187527,1779368982.1875274,TRAIN_EPOCH,8,0.2874,86.7,,,,,  Epoch  8  Loss=0.2874  Acc=86.7%
2026-05-21T16:09:42.336627,1779368982.3366272,TRAIN_EPOCH,9,0.2839,86.7,,,,,  Epoch  9  Loss=0.2839  Acc=86.7%
2026-05-21T16:09:42.484680,1779368982.4846804,TRAIN_EPOCH,10,0.2811,86.7,,,,,  Epoch 10  Loss=0.2811  Acc=86.7%
2026-05-21T16:09:42.631744,1779368982.6317441,TRAIN_EPOCH,11,0.2787,86.7,,,,,  Epoch 11  Loss=0.2787  Acc=86.7%
2026-05-21T16:09:42.781429,1779368982.78143,TRAIN_EPOCH,12,0.2762,86.7,,,,,  Epoch 12  Loss=0.2762  Acc=86.7%
2026-05-21T16:09:42.941588,1779368982.9415882,TRAIN_EPOCH,13,0.2739,86.7,,,,,  Epoch 13  Loss=0.2739  Acc=86.7%
2026-05-21T16:09:43.089963,1779368983.089963,TRAIN_EPOCH,14,0.2717,86.7,,,,,  Epoch 14  Loss=0.2717  Acc=86.7%
2026-05-21T16:09:43.092274,1779368983.0922742,VALIDATION,,,,90.0,10,,,[ACCURACY] Validation: 90.0% (n=10)
2026-05-21T16:09:43.095297,1779368983.0952976,FL,,,,,,,"B1 pre-pack: min=-10.3220, max=10.1493, mean=0.3436","[FL] B1 pre-pack: min=-10.3220, max=10.1493, mean=0.3436"
2026-05-21T16:09:43.096391,1779368983.096391,FL,,,,,,,Model sent (72 bytes),[FL] Model sent (72 bytes)
2026-05-21T16:09:43.097264,1779368983.097264,NEW_SAMPLE,,,,,30,horse,,[DATA] class=horse (n=30)
2026-05-21T16:09:43.222700,1779368983.2227008,BLE,,,,,,,Received global model (64 bytes),[BLE] Received global model (64 bytes)
2026-05-21T16:09:43.223438,1779368983.2234387,FL,,,,,,,Global model updated (Adam reset),[FL] Global model updated (Adam reset)
2026-05-21T16:09:43.224473,1779368983.2244737,FL,,,,,,,"B1 unpacked: min=-10.0787, max=10.0000, mean=0.3371","[FL] B1 unpacked: min=-10.0787, max=10.0000, mean=0.3371"
2026-05-21T16:09:45.096282,1779368985.096282,NEW_SAMPLE,,,,,30,horse,,[DATA] class=horse (n=30)
2026-05-21T16:09:47.095839,1779368987.0958397,NEW_SAMPLE,,,,,30,horse,,[DATA] class=horse (n=30)
2026-05-21T16:09:49.092275,1779368989.0922751,NEW_SAMPLE,,,,,30,dog,,[DATA] class=dog (n=30)
2026-05-21T16:09:51.098558,1779368991.098559,NEW_SAMPLE,,,,,30,cat,,[DATA] class=cat (n=30)
2026-05-21T16:09:53.101565,1779368993.1015656,NEW_SAMPLE,,,,,30,horse,,[DATA] class=horse (n=30)
2026-05-21T16:09:55.100187,1779368995.1001868,NEW_SAMPLE,,,,,30,horse,,[DATA] class=horse (n=30)
2026-05-21T16:09:57.101087,1779368997.101087,NEW_SAMPLE,,,,,30,other,,[DATA] class=other (n=30)
2026-05-21T16:09:59.095479,1779368999.0954792,NEW_SAMPLE,,,,,30,horse,,[DATA] class=horse (n=30)
2026-05-21T16:10:00.843025,1779369000.8430252,FL,,,,,,,Local training (4-class cross-entropy),[FL] Local training (4-class cross-entropy)
2026-05-21T16:10:00.980175,1779369000.9801757,TRAIN_EPOCH,0,0.5408,86.7,,,,,  Epoch  0  Loss=0.5408  Acc=86.7%
2026-05-21T16:10:01.127301,1779369001.1273017,TRAIN_EPOCH,1,0.4816,80.0,,,,,  Epoch  1  Loss=0.4816  Acc=80.0%
2026-05-21T16:10:01.285431,1779369001.2854319,TRAIN_EPOCH,2,0.4703,76.7,,,,,  Epoch  2  Loss=0.4703  Acc=76.7%
2026-05-21T16:10:01.432946,1779369001.4329464,TRAIN_EPOCH,3,0.4568,76.7,,,,,  Epoch  3  Loss=0.4568  Acc=76.7%
2026-05-21T16:10:01.580434,1779369001.580435,TRAIN_EPOCH,4,0.4406,76.7,,,,,  Epoch  4  Loss=0.4406  Acc=76.7%
2026-05-21T16:10:01.729293,1779369001.7292938,TRAIN_EPOCH,5,0.4247,80.0,,,,,  Epoch  5  Loss=0.4247  Acc=80.0%
2026-05-21T16:10:01.889125,1779369001.8891258,TRAIN_EPOCH,6,0.4107,80.0,,,,,  Epoch  6  Loss=0.4107  Acc=80.0%
2026-05-21T16:10:02.036522,1779369002.0365229,TRAIN_EPOCH,7,0.3982,80.0,,,,,  Epoch  7  Loss=0.3982  Acc=80.0%
2026-05-21T16:10:02.185324,1779369002.1853242,TRAIN_EPOCH,8,0.3871,80.0,,,,,  Epoch  8  Loss=0.3871  Acc=80.0%
2026-05-21T16:10:02.334132,1779369002.3341322,TRAIN_EPOCH,9,0.377,83.3,,,,,  Epoch  9  Loss=0.3770  Acc=83.3%
2026-05-21T16:10:02.481304,1779369002.4813046,TRAIN_EPOCH,10,0.3688,86.7,,,,,  Epoch 10  Loss=0.3688  Acc=86.7%
2026-05-21T16:10:02.629007,1779369002.6290078,TRAIN_EPOCH,11,0.3608,86.7,,,,,  Epoch 11  Loss=0.3608  Acc=86.7%
2026-05-21T16:10:02.789154,1779369002.7891548,TRAIN_EPOCH,12,0.3543,86.7,,,,,  Epoch 12  Loss=0.3543  Acc=86.7%
2026-05-21T16:10:02.937040,1779369002.93704,TRAIN_EPOCH,13,0.3491,86.7,,,,,  Epoch 13  Loss=0.3491  Acc=86.7%
2026-05-21T16:10:03.094180,1779369003.09418,TRAIN_EPOCH,14,0.3451,86.7,,,,,  Epoch 14  Loss=0.3451  Acc=86.7%
2026-05-21T16:10:03.096379,1779369003.09638,VALIDATION,,,,80.0,10,,,[ACCURACY] Validation: 80.0% (n=10)
2026-05-21T16:10:03.098937,1779369003.098937,FL,,,,,,,"B1 pre-pack: min=-9.0324, max=8.8040, mean=0.3339","[FL] B1 pre-pack: min=-9.0324, max=8.8040, mean=0.3339"
2026-05-21T16:10:03.099966,1779369003.0999665,FL,,,,,,,Model sent (72 bytes),[FL] Model sent (72 bytes)
2026-05-21T16:10:03.100946,1779369003.100947,NEW_SAMPLE,,,,,30,other,,[DATA] class=other (n=30)
2026-05-21T16:10:03.259955,1779369003.2599552,BLE,,,,,,,Received global model (64 bytes),[BLE] Received global model (64 bytes)
2026-05-21T16:10:03.262500,1779369003.2625005,FL,,,,,,,Global model updated (Adam reset),[FL] Global model updated (Adam reset)
2026-05-21T16:10:03.263526,1779369003.263526,FL,,,,,,,"B1 unpacked: min=-9.5276, max=9.4488, mean=0.3445","[FL] B1 unpacked: min=-9.5276, max=9.4488, mean=0.3445"
2026-05-21T16:10:05.091473,1779369005.091473,NEW_SAMPLE,,,,,30,other,,[DATA] class=other (n=30)
2026-05-21T16:10:07.094063,1779369007.0940633,NEW_SAMPLE,,,,,30,cat,,[DATA] class=cat (n=30)
2026-05-21T16:10:09.092188,1779369009.0921886,NEW_SAMPLE,,,,,30,dog,,[DATA] class=dog (n=30)
2026-05-21T16:10:11.101343,1779369011.1013436,NEW_SAMPLE,,,,,30,cat,,[DATA] class=cat (n=30)
2026-05-21T16:10:13.099998,1779369013.0999985,NEW_SAMPLE,,,,,30,cat,,[DATA] class=cat (n=30)
2026-05-21T16:10:15.096997,1779369015.096998,NEW_SAMPLE,,,,,30,other,,[DATA] class=other (n=30)
2026-05-21T16:10:17.093568,1779369017.0935688,NEW_SAMPLE,,,,,30,cat,,[DATA] class=cat (n=30)
2026-05-21T16:10:19.093875,1779369019.0938752,NEW_SAMPLE,,,,,30,dog,,[DATA] class=dog (n=30)
2026-05-21T16:10:20.845729,1779369020.8457296,FL,,,,,,,Local training (4-class cross-entropy),[FL] Local training (4-class cross-entropy)
2026-05-21T16:10:20.981861,1779369020.9818614,TRAIN_EPOCH,0,0.9214,66.7,,,,,  Epoch  0  Loss=0.9214  Acc=66.7%
2026-05-21T16:10:21.131062,1779369021.1310627,TRAIN_EPOCH,1,0.817,76.7,,,,,  Epoch  1  Loss=0.8170  Acc=76.7%
2026-05-21T16:10:21.281627,1779369021.281628,TRAIN_EPOCH,2,0.8033,73.3,,,,,  Epoch  2  Loss=0.8033  Acc=73.3%
2026-05-21T16:10:21.430380,1779369021.4303803,TRAIN_EPOCH,3,0.7936,73.3,,,,,  Epoch  3  Loss=0.7936  Acc=73.3%
2026-05-21T16:10:21.588260,1779369021.588261,TRAIN_EPOCH,4,0.7819,73.3,,,,,  Epoch  4  Loss=0.7819  Acc=73.3%
2026-05-21T16:10:21.738853,1779369021.7388535,TRAIN_EPOCH,5,0.7729,73.3,,,,,  Epoch  5  Loss=0.7729  Acc=73.3%
2026-05-21T16:10:21.886439,1779369021.8864396,TRAIN_EPOCH,6,0.7656,73.3,,,,,  Epoch  6  Loss=0.7656  Acc=73.3%
2026-05-21T16:10:22.033959,1779369022.0339592,TRAIN_EPOCH,7,0.7599,73.3,,,,,  Epoch  7  Loss=0.7599  Acc=73.3%
2026-05-21T16:10:22.184221,1779369022.1842213,TRAIN_EPOCH,8,0.7518,73.3,,,,,  Epoch  8  Loss=0.7518  Acc=73.3%
2026-05-21T16:10:22.332442,1779369022.332442,TRAIN_EPOCH,9,0.7466,73.3,,,,,  Epoch  9  Loss=0.7466  Acc=73.3%
2026-05-21T16:10:22.482004,1779369022.4820042,TRAIN_EPOCH,10,0.74,73.3,,,,,  Epoch 10  Loss=0.7400  Acc=73.3%
2026-05-21T16:10:22.630786,1779369022.6307864,TRAIN_EPOCH,11,0.7353,73.3,,,,,  Epoch 11  Loss=0.7353  Acc=73.3%
2026-05-21T16:10:22.789361,1779369022.7893615,TRAIN_EPOCH,12,0.7291,73.3,,,,,  Epoch 12  Loss=0.7291  Acc=73.3%
2026-05-21T16:10:22.936497,1779369022.9364972,TRAIN_EPOCH,13,0.7256,73.3,,,,,  Epoch 13  Loss=0.7256  Acc=73.3%
2026-05-21T16:10:23.083315,1779369023.0833151,TRAIN_EPOCH,14,0.7194,73.3,,,,,  Epoch 14  Loss=0.7194  Acc=73.3%
2026-05-21T16:10:23.089017,1779369023.0890174,VALIDATION,,,,60.0,10,,,[ACCURACY] Validation: 60.0% (n=10)
2026-05-21T16:10:23.090017,1779369023.0900178,FL,,,,,,,"B1 pre-pack: min=-8.4753, max=8.4062, mean=0.3280","[FL] B1 pre-pack: min=-8.4753, max=8.4062, mean=0.3280"
2026-05-21T16:10:23.093626,1779369023.093626,FL,,,,,,,Model sent (72 bytes),[FL] Model sent (72 bytes)
2026-05-21T16:10:23.094252,1779369023.0942523,NEW_SAMPLE,,,,,30,horse,,[DATA] class=horse (n=30)
2026-05-21T16:10:23.242071,1779369023.2420719,BLE,,,,,,,Received global model (64 bytes),[BLE] Received global model (64 bytes)
2026-05-21T16:10:23.244077,1779369023.244078,FL,,,,,,,Global model updated (Adam reset),[FL] Global model updated (Adam reset)
2026-05-21T16:10:23.247058,1779369023.2470586,FL,,,,,,,"B1 unpacked: min=-9.0551, max=8.8976, mean=0.3248","[FL] B1 unpacked: min=-9.0551, max=8.8976, mean=0.3248"
2026-05-21T16:10:25.100121,1779369025.1001823,NEW_SAMPLE,,,,,30,cat,,[DATA] class=cat (n=30)
2026-05-21T16:10:27.096391,1779369027.0963917,NEW_SAMPLE,,,,,30,horse,,[DATA] class=horse (n=30)
2026-05-21T16:10:29.094069,1779369029.0940695,NEW_SAMPLE,,,,,30,cat,,[DATA] class=cat (n=30)
2026-05-21T16:10:31.100483,1779369031.100484,NEW_SAMPLE,,,,,30,dog,,[DATA] class=dog (n=30)
2026-05-21T16:10:33.094427,1779369033.0944278,NEW_SAMPLE,,,,,30,horse,,[DATA] class=horse (n=30)
2026-05-21T16:10:35.091300,1779369035.0913,NEW_SAMPLE,,,,,30,other,,[DATA] class=other (n=30)
2026-05-21T16:10:37.099932,1779369037.0999322,NEW_SAMPLE,,,,,30,horse,,[DATA] class=horse (n=30)
2026-05-21T16:10:39.098821,1779369039.0988214,NEW_SAMPLE,,,,,30,cat,,[DATA] class=cat (n=30)
2026-05-21T16:10:40.845917,1779369040.8459172,FL,,,,,,,Local training (4-class cross-entropy),[FL] Local training (4-class cross-entropy)
2026-05-21T16:10:40.983016,1779369040.9830167,TRAIN_EPOCH,0,0.9492,63.3,,,,,  Epoch  0  Loss=0.9492  Acc=63.3%
2026-05-21T16:10:41.131006,1779369041.1310062,TRAIN_EPOCH,1,0.8437,66.7,,,,,  Epoch  1  Loss=0.8437  Acc=66.7%
2026-05-21T16:10:41.278676,1779369041.2786765,TRAIN_EPOCH,2,0.8379,63.3,,,,,  Epoch  2  Loss=0.8379  Acc=63.3%
2026-05-21T16:10:41.437913,1779369041.437914,TRAIN_EPOCH,3,0.8276,63.3,,,,,  Epoch  3  Loss=0.8276  Acc=63.3%
2026-05-21T16:10:41.586709,1779369041.586709,TRAIN_EPOCH,4,0.8168,63.3,,,,,  Epoch  4  Loss=0.8168  Acc=63.3%
2026-05-21T16:10:41.735441,1779369041.735442,TRAIN_EPOCH,5,0.8067,63.3,,,,,  Epoch  5  Loss=0.8067  Acc=63.3%
2026-05-21T16:10:41.884561,1779369041.8845613,TRAIN_EPOCH,6,0.7972,63.3,,,,,  Epoch  6  Loss=0.7972  Acc=63.3%
2026-05-21T16:10:42.032821,1779369042.0328212,TRAIN_EPOCH,7,0.7857,63.3,,,,,  Epoch  7  Loss=0.7857  Acc=63.3%
2026-05-21T16:10:42.179121,1779369042.1791217,TRAIN_EPOCH,8,0.7814,63.3,,,,,  Epoch  8  Loss=0.7814  Acc=63.3%
2026-05-21T16:10:42.339306,1779369042.3393064,TRAIN_EPOCH,9,0.7758,63.3,,,,,  Epoch  9  Loss=0.7758  Acc=63.3%
2026-05-21T16:10:42.479352,1779369042.479352,TRAIN_EPOCH,10,0.772,63.3,,,,,  Epoch 10  Loss=0.7720  Acc=63.3%
2026-05-21T16:10:42.638073,1779369042.6380732,TRAIN_EPOCH,11,0.7681,63.3,,,,,  Epoch 11  Loss=0.7681  Acc=63.3%
2026-05-21T16:10:42.786108,1779369042.7861087,TRAIN_EPOCH,12,0.7641,63.3,,,,,  Epoch 12  Loss=0.7641  Acc=63.3%
2026-05-21T16:10:42.934538,1779369042.9345386,TRAIN_EPOCH,13,0.7628,63.3,,,,,  Epoch 13  Loss=0.7628  Acc=63.3%
2026-05-21T16:10:43.093308,1779369043.0933084,TRAIN_EPOCH,14,0.7599,63.3,,,,,  Epoch 14  Loss=0.7599  Acc=63.3%
2026-05-21T16:10:43.095685,1779369043.095686,VALIDATION,,,,80.0,10,,,[ACCURACY] Validation: 80.0% (n=10)
2026-05-21T16:10:43.099288,1779369043.0992885,FL,,,,,,,"B1 pre-pack: min=-8.1050, max=7.5396, mean=0.2797","[FL] B1 pre-pack: min=-8.1050, max=7.5396, mean=0.2797"
2026-05-21T16:10:43.100235,1779369043.1002355,FL,,,,,,,Model sent (72 bytes),[FL] Model sent (72 bytes)
2026-05-21T16:10:43.101230,1779369043.1012306,NEW_SAMPLE,,,,,30,cat,,[DATA] class=cat (n=30)
2026-05-21T16:10:43.227819,1779369043.2278194,BLE,,,,,,,Received global model (64 bytes),[BLE] Received global model (64 bytes)
2026-05-21T16:10:43.227819,1779369043.2278194,FL,,,,,,,Global model updated (Adam reset),[FL] Global model updated (Adam reset)
2026-05-21T16:10:43.228810,1779369043.2288105,FL,,,,,,,"B1 unpacked: min=-8.5827, max=8.2677, mean=0.3051","[FL] B1 unpacked: min=-8.5827, max=8.2677, mean=0.3051"
2026-05-21T16:10:45.092585,1779369045.0925853,NEW_SAMPLE,,,,,30,other,,[DATA] class=other (n=30)
2026-05-21T16:10:47.099803,1779369047.0998037,NEW_SAMPLE,,,,,30,other,,[DATA] class=other (n=30)
2026-05-21T16:10:49.095849,1779369049.0958495,NEW_SAMPLE,,,,,30,cat,,[DATA] class=cat (n=30)
2026-05-21T16:10:51.100516,1779369051.100516,NEW_SAMPLE,,,,,30,dog,,[DATA] class=dog (n=30)
2026-05-21T16:10:53.095313,1779369053.095314,NEW_SAMPLE,,,,,30,other,,[DATA] class=other (n=30)
2026-05-21T16:10:55.101939,1779369055.1019392,NEW_SAMPLE,,,,,30,other,,[DATA] class=other (n=30)
2026-05-21T16:10:57.101545,1779369057.1015456,NEW_SAMPLE,,,,,30,dog,,[DATA] class=dog (n=30)
2026-05-21T16:10:59.100197,1779369059.1001978,NEW_SAMPLE,,,,,30,dog,,[DATA] class=dog (n=30)
2026-05-21T16:11:00.847089,1779369060.8470898,FL,,,,,,,Local training (4-class cross-entropy),[FL] Local training (4-class cross-entropy)
2026-05-21T16:11:00.984522,1779369060.9845219,TRAIN_EPOCH,0,0.9685,60.0,,,,,  Epoch  0  Loss=0.9685  Acc=60.0%
2026-05-21T16:11:01.134439,1779369061.1344397,TRAIN_EPOCH,1,0.8925,63.3,,,,,  Epoch  1  Loss=0.8925  Acc=63.3%
2026-05-21T16:11:01.282295,1779369061.2822952,TRAIN_EPOCH,2,0.873,63.3,,,,,  Epoch  2  Loss=0.8730  Acc=63.3%
2026-05-21T16:11:01.430412,1779369061.4304125,TRAIN_EPOCH,3,0.8584,66.7,,,,,  Epoch  3  Loss=0.8584  Acc=66.7%
2026-05-21T16:11:01.579198,1779369061.5791988,TRAIN_EPOCH,4,0.8466,66.7,,,,,  Epoch  4  Loss=0.8466  Acc=66.7%
2026-05-21T16:11:01.728137,1779369061.728138,TRAIN_EPOCH,5,0.8365,66.7,,,,,  Epoch  5  Loss=0.8365  Acc=66.7%
2026-05-21T16:11:01.884794,1779369061.8847947,TRAIN_EPOCH,6,0.8278,66.7,,,,,  Epoch  6  Loss=0.8278  Acc=66.7%
2026-05-21T16:11:02.031872,1779369062.0318727,TRAIN_EPOCH,7,0.8204,66.7,,,,,  Epoch  7  Loss=0.8204  Acc=66.7%
2026-05-21T16:11:02.179698,1779369062.1796987,TRAIN_EPOCH,8,0.8132,66.7,,,,,  Epoch  8  Loss=0.8132  Acc=66.7%
2026-05-21T16:11:02.329279,1779369062.3292794,TRAIN_EPOCH,9,0.8067,66.7,,,,,  Epoch  9  Loss=0.8067  Acc=66.7%
2026-05-21T16:11:02.486484,1779369062.4864848,TRAIN_EPOCH,10,0.8006,66.7,,,,,  Epoch 10  Loss=0.8006  Acc=66.7%
2026-05-21T16:11:02.634050,1779369062.6340501,TRAIN_EPOCH,11,0.7953,66.7,,,,,  Epoch 11  Loss=0.7953  Acc=66.7%
2026-05-21T16:11:02.783642,1779369062.7836425,TRAIN_EPOCH,12,0.7907,66.7,,,,,  Epoch 12  Loss=0.7907  Acc=66.7%
2026-05-21T16:11:02.930279,1779369062.9302797,TRAIN_EPOCH,13,0.7858,66.7,,,,,  Epoch 13  Loss=0.7858  Acc=66.7%
2026-05-21T16:11:03.088515,1779369063.0885158,TRAIN_EPOCH,14,0.781,66.7,,,,,  Epoch 14  Loss=0.7810  Acc=66.7%
2026-05-21T16:11:03.091491,1779369063.0914917,VALIDATION,,,,70.0,10,,,[ACCURACY] Validation: 70.0% (n=10)
2026-05-21T16:11:03.094513,1779369063.0945134,FL,,,,,,,"B1 pre-pack: min=-7.6466, max=6.9945, mean=0.2935","[FL] B1 pre-pack: min=-7.6466, max=6.9945, mean=0.2935"
2026-05-21T16:11:03.095488,1779369063.0954888,FL,,,,,,,Model sent (72 bytes),[FL] Model sent (72 bytes)
2026-05-21T16:11:03.095488,1779369063.0954888,NEW_SAMPLE,,,,,30,horse,,[DATA] class=horse (n=30)
2026-05-21T16:11:03.265147,1779369063.265148,BLE,,,,,,,Received global model (64 bytes),[BLE] Received global model (64 bytes)
2026-05-21T16:11:03.267159,1779369063.2671592,FL,,,,,,,Global model updated (Adam reset),[FL] Global model updated (Adam reset)
2026-05-21T16:11:03.269636,1779369063.2696366,FL,,,,,,,"B1 unpacked: min=-8.1102, max=7.6378, mean=0.2977","[FL] B1 unpacked: min=-8.1102, max=7.6378, mean=0.2977"
2026-05-21T16:11:05.099788,1779369065.099788,NEW_SAMPLE,,,,,30,horse,,[DATA] class=horse (n=30)
2026-05-21T16:11:07.095656,1779369067.095656,NEW_SAMPLE,,,,,30,dog,,[DATA] class=dog (n=30)
2026-05-21T16:11:09.101466,1779369069.1014664,NEW_SAMPLE,,,,,30,cat,,[DATA] class=cat (n=30)
2026-05-21T16:11:11.100468,1779369071.100468,NEW_SAMPLE,,,,,30,cat,,[DATA] class=cat (n=30)
2026-05-21T16:11:13.095228,1779369073.0952282,NEW_SAMPLE,,,,,30,cat,,[DATA] class=cat (n=30)
2026-05-21T16:11:15.092671,1779369075.0926714,NEW_SAMPLE,,,,,30,other,,[DATA] class=other (n=30)
2026-05-21T16:11:17.100620,1779369077.10062,NEW_SAMPLE,,,,,30,cat,,[DATA] class=cat (n=30)
2026-05-21T16:11:19.097616,1779369079.0976162,NEW_SAMPLE,,,,,30,cat,,[DATA] class=cat (n=30)
2026-05-21T16:11:20.844348,1779369080.8443487,FL,,,,,,,Local training (4-class cross-entropy),[FL] Local training (4-class cross-entropy)
2026-05-21T16:11:20.981916,1779369080.9819164,TRAIN_EPOCH,0,0.7053,73.3,,,,,  Epoch  0  Loss=0.7053  Acc=73.3%
2026-05-21T16:11:21.128767,1779369081.1287673,TRAIN_EPOCH,1,0.6503,76.7,,,,,  Epoch  1  Loss=0.6503  Acc=76.7%
2026-05-21T16:11:21.286568,1779369081.2865686,TRAIN_EPOCH,2,0.636,73.3,,,,,  Epoch  2  Loss=0.6360  Acc=73.3%
2026-05-21T16:11:21.434436,1779369081.434436,TRAIN_EPOCH,3,0.6226,73.3,,,,,  Epoch  3  Loss=0.6226  Acc=73.3%
2026-05-21T16:11:21.583136,1779369081.5831366,TRAIN_EPOCH,4,0.614,70.0,,,,,  Epoch  4  Loss=0.6140  Acc=70.0%
2026-05-21T16:11:21.731044,1779369081.7310448,TRAIN_EPOCH,5,0.6072,70.0,,,,,  Epoch  5  Loss=0.6072  Acc=70.0%
2026-05-21T16:11:21.879892,1779369081.879893,TRAIN_EPOCH,6,0.6007,70.0,,,,,  Epoch  6  Loss=0.6007  Acc=70.0%
2026-05-21T16:11:22.037576,1779369082.0375762,TRAIN_EPOCH,7,0.5948,70.0,,,,,  Epoch  7  Loss=0.5948  Acc=70.0%
2026-05-21T16:11:22.184909,1779369082.1849096,TRAIN_EPOCH,8,0.5896,70.0,,,,,  Epoch  8  Loss=0.5896  Acc=70.0%
2026-05-21T16:11:22.335228,1779369082.335229,TRAIN_EPOCH,9,0.5873,70.0,,,,,  Epoch  9  Loss=0.5873  Acc=70.0%
2026-05-21T16:11:22.484283,1779369082.4842834,TRAIN_EPOCH,10,0.5791,70.0,,,,,  Epoch 10  Loss=0.5791  Acc=70.0%
2026-05-21T16:11:22.634051,1779369082.6340518,TRAIN_EPOCH,11,0.578,70.0,,,,,  Epoch 11  Loss=0.5780  Acc=70.0%
2026-05-21T16:11:22.780666,1779369082.7806664,TRAIN_EPOCH,12,0.5712,70.0,,,,,  Epoch 12  Loss=0.5712  Acc=70.0%
2026-05-21T16:11:22.939471,1779369082.9394712,TRAIN_EPOCH,13,0.5698,70.0,,,,,  Epoch 13  Loss=0.5698  Acc=70.0%
2026-05-21T16:11:23.089324,1779369083.0893242,TRAIN_EPOCH,14,0.5676,70.0,,,,,  Epoch 14  Loss=0.5676  Acc=70.0%
2026-05-21T16:11:23.091352,1779369083.0913525,VALIDATION,,,,70.0,10,,,[ACCURACY] Validation: 70.0% (n=10)
2026-05-21T16:11:23.094344,1779369083.0943444,FL,,,,,,,"B1 pre-pack: min=-7.0439, max=6.2381, mean=0.1342","[FL] B1 pre-pack: min=-7.0439, max=6.2381, mean=0.1342"
2026-05-21T16:11:23.095310,1779369083.0953107,FL,,,,,,,Model sent (72 bytes),[FL] Model sent (72 bytes)
2026-05-21T16:11:23.096302,1779369083.096302,NEW_SAMPLE,,,,,30,cat,,[DATA] class=cat (n=30)
2026-05-21T16:11:23.245220,1779369083.2452202,BLE,,,,,,,Received global model (64 bytes),[BLE] Received global model (64 bytes)
2026-05-21T16:11:23.246263,1779369083.2462635,FL,,,,,,,Global model updated (Adam reset),[FL] Global model updated (Adam reset)
2026-05-21T16:11:23.246263,1779369083.2462635,FL,,,,,,,"B1 unpacked: min=-7.5591, max=6.8504, mean=0.2116","[FL] B1 unpacked: min=-7.5591, max=6.8504, mean=0.2116"
2026-05-21T16:11:25.096843,1779369085.0968432,NEW_SAMPLE,,,,,30,horse,,[DATA] class=horse (n=30)
2026-05-21T16:11:27.097746,1779369087.0977464,NEW_SAMPLE,,,,,30,horse,,[DATA] class=horse (n=30)
2026-05-21T16:11:29.100910,1779369089.1009104,NEW_SAMPLE,,,,,30,other,,[DATA] class=other (n=30)
2026-05-21T16:11:31.097075,1779369091.0970757,NEW_SAMPLE,,,,,30,horse,,[DATA] class=horse (n=30)
2026-05-21T16:11:33.094800,1779369093.0948007,NEW_SAMPLE,,,,,30,cat,,[DATA] class=cat (n=30)
2026-05-21T16:11:35.091464,1779369095.0914648,NEW_SAMPLE,,,,,30,cat,,[DATA] class=cat (n=30)
2026-05-21T16:11:37.094178,1779369097.0941782,NEW_SAMPLE,,,,,30,horse,,[DATA] class=horse (n=30)
2026-05-21T16:11:39.096885,1779369099.0968852,NEW_SAMPLE,,,,,30,other,,[DATA] class=other (n=30)
2026-05-21T16:11:40.840575,1779369100.840575,FL,,,,,,,Local training (4-class cross-entropy),[FL] Local training (4-class cross-entropy)
2026-05-21T16:11:40.976773,1779369100.9767737,TRAIN_EPOCH,0,0.6755,70.0,,,,,  Epoch  0  Loss=0.6755  Acc=70.0%
2026-05-21T16:11:41.135625,1779369101.1356258,TRAIN_EPOCH,1,0.6528,70.0,,,,,  Epoch  1  Loss=0.6528  Acc=70.0%
2026-05-21T16:11:41.283809,1779369101.283809,TRAIN_EPOCH,2,0.6349,70.0,,,,,  Epoch  2  Loss=0.6349  Acc=70.0%
2026-05-21T16:11:41.432876,1779369101.4328768,TRAIN_EPOCH,3,0.6244,70.0,,,,,  Epoch  3  Loss=0.6244  Acc=70.0%
2026-05-21T16:11:41.579964,1779369101.5799644,TRAIN_EPOCH,4,0.6169,70.0,,,,,  Epoch  4  Loss=0.6169  Acc=70.0%
2026-05-21T16:11:41.728031,1779369101.728032,TRAIN_EPOCH,5,0.6095,70.0,,,,,  Epoch  5  Loss=0.6095  Acc=70.0%
2026-05-21T16:11:41.886846,1779369101.8868465,TRAIN_EPOCH,6,0.6031,70.0,,,,,  Epoch  6  Loss=0.6031  Acc=70.0%
2026-05-21T16:11:42.034155,1779369102.034155,TRAIN_EPOCH,7,0.5976,73.3,,,,,  Epoch  7  Loss=0.5976  Acc=73.3%
2026-05-21T16:11:42.182271,1779369102.1822712,TRAIN_EPOCH,8,0.5944,70.0,,,,,  Epoch  8  Loss=0.5944  Acc=70.0%
2026-05-21T16:11:42.330851,1779369102.330851,TRAIN_EPOCH,9,0.5909,73.3,,,,,  Epoch  9  Loss=0.5909  Acc=73.3%
2026-05-21T16:11:42.479028,1779369102.4790285,TRAIN_EPOCH,10,0.5869,70.0,,,,,  Epoch 10  Loss=0.5869  Acc=70.0%
2026-05-21T16:11:42.638603,1779369102.6386032,TRAIN_EPOCH,11,0.584,73.3,,,,,  Epoch 11  Loss=0.5840  Acc=73.3%
2026-05-21T16:11:42.786265,1779369102.7862654,TRAIN_EPOCH,12,0.5814,73.3,,,,,  Epoch 12  Loss=0.5814  Acc=73.3%
2026-05-21T16:11:42.934857,1779369102.934857,TRAIN_EPOCH,13,0.5766,73.3,,,,,  Epoch 13  Loss=0.5766  Acc=73.3%
2026-05-21T16:11:43.093601,1779369103.0936017,TRAIN_EPOCH,14,0.5751,73.3,,,,,  Epoch 14  Loss=0.5751  Acc=73.3%
2026-05-21T16:11:43.096591,1779369103.0965915,VALIDATION,,,,70.0,10,,,[ACCURACY] Validation: 70.0% (n=10)
2026-05-21T16:11:43.099075,1779369103.0990756,FL,,,,,,,"B1 pre-pack: min=-6.9147, max=6.5143, mean=0.1656","[FL] B1 pre-pack: min=-6.9147, max=6.5143, mean=0.1656"
2026-05-21T16:11:43.100074,1779369103.1000748,FL,,,,,,,Model sent (72 bytes),[FL] Model sent (72 bytes)
2026-05-21T16:11:43.101109,1779369103.1011093,NEW_SAMPLE,,,,,30,dog,,[DATA] class=dog (n=30)
2026-05-21T16:11:43.229428,1779369103.2294288,BLE,,,,,,,Received global model (64 bytes),[BLE] Received global model (64 bytes)
2026-05-21T16:11:43.231614,1779369103.2316148,FL,,,,,,,Global model updated (Adam reset),[FL] Global model updated (Adam reset)
2026-05-21T16:11:43.233608,1779369103.233608,FL,,,,,,,"B1 unpacked: min=-7.2441, max=6.2992, mean=0.1944","[FL] B1 unpacked: min=-7.2441, max=6.2992, mean=0.1944"
2026-05-21T16:11:45.101632,1779369105.1016324,NEW_SAMPLE,,,,,30,dog,,[DATA] class=dog (n=30)
2026-05-21T16:11:47.100998,1779369107.1009984,NEW_SAMPLE,,,,,30,dog,,[DATA] class=dog (n=30)
2026-05-21T16:11:49.096286,1779369109.096287,NEW_SAMPLE,,,,,30,other,,[DATA] class=other (n=30)
2026-05-21T16:11:51.098876,1779369111.0988765,NEW_SAMPLE,,,,,30,other,,[DATA] class=other (n=30)
2026-05-21T16:11:53.093977,1779369113.0939775,NEW_SAMPLE,,,,,30,horse,,[DATA] class=horse (n=30)
2026-05-21T16:11:55.101169,1779369115.1011689,NEW_SAMPLE,,,,,30,horse,,[DATA] class=horse (n=30)
2026-05-21T16:11:57.093541,1779369117.0935416,NEW_SAMPLE,,,,,30,other,,[DATA] class=other (n=30)
2026-05-21T16:11:59.097660,1779369119.097661,NEW_SAMPLE,,,,,30,horse,,[DATA] class=horse (n=30)
2026-05-21T16:12:00.846343,1779369120.846344,FL,,,,,,,Local training (4-class cross-entropy),[FL] Local training (4-class cross-entropy)
2026-05-21T16:12:00.984091,1779369120.9840913,TRAIN_EPOCH,0,0.5446,70.0,,,,,  Epoch  0  Loss=0.5446  Acc=70.0%
2026-05-21T16:12:01.132096,1779369121.1320965,TRAIN_EPOCH,1,0.4588,73.3,,,,,  Epoch  1  Loss=0.4588  Acc=73.3%
2026-05-21T16:12:01.280125,1779369121.280125,TRAIN_EPOCH,2,0.4348,76.7,,,,,  Epoch  2  Loss=0.4348  Acc=76.7%
2026-05-21T16:12:01.439141,1779369121.4391418,TRAIN_EPOCH,3,0.4203,80.0,,,,,  Epoch  3  Loss=0.4203  Acc=80.0%
2026-05-21T16:12:01.587302,1779369121.587303,TRAIN_EPOCH,4,0.4103,76.7,,,,,  Epoch  4  Loss=0.4103  Acc=76.7%
2026-05-21T16:12:01.736194,1779369121.7361944,TRAIN_EPOCH,5,0.4021,76.7,,,,,  Epoch  5  Loss=0.4021  Acc=76.7%
2026-05-21T16:12:01.885306,1779369121.8853061,TRAIN_EPOCH,6,0.3949,76.7,,,,,  Epoch  6  Loss=0.3949  Acc=76.7%
2026-05-21T16:12:02.035197,1779369122.0351973,TRAIN_EPOCH,7,0.3879,76.7,,,,,  Epoch  7  Loss=0.3879  Acc=76.7%
2026-05-21T16:12:02.183024,1779369122.1830244,TRAIN_EPOCH,8,0.3834,76.7,,,,,  Epoch  8  Loss=0.3834  Acc=76.7%
2026-05-21T16:12:02.330211,1779369122.3302114,TRAIN_EPOCH,9,0.3779,76.7,,,,,  Epoch  9  Loss=0.3779  Acc=76.7%
2026-05-21T16:12:02.478758,1779369122.4787586,TRAIN_EPOCH,10,0.3746,76.7,,,,,  Epoch 10  Loss=0.3746  Acc=76.7%
2026-05-21T16:12:02.636094,1779369122.6360939,TRAIN_EPOCH,11,0.3701,80.0,,,,,  Epoch 11  Loss=0.3701  Acc=80.0%
2026-05-21T16:12:02.784372,1779369122.7843723,TRAIN_EPOCH,12,0.3677,80.0,,,,,  Epoch 12  Loss=0.3677  Acc=80.0%
2026-05-21T16:12:02.931429,1779369122.9314299,TRAIN_EPOCH,13,0.3647,80.0,,,,,  Epoch 13  Loss=0.3647  Acc=80.0%
2026-05-21T16:12:03.090949,1779369123.0909493,TRAIN_EPOCH,14,0.3618,80.0,,,,,  Epoch 14  Loss=0.3618  Acc=80.0%
2026-05-21T16:12:03.093939,1779369123.0939393,VALIDATION,,,,90.0,10,,,[ACCURACY] Validation: 90.0% (n=10)
2026-05-21T16:12:03.096927,1779369123.0969276,FL,,,,,,,"B1 pre-pack: min=-6.7376, max=6.3226, mean=0.1456","[FL] B1 pre-pack: min=-6.7376, max=6.3226, mean=0.1456"
2026-05-21T16:12:03.097921,1779369123.0979218,FL,,,,,,,Model sent (72 bytes),[FL] Model sent (72 bytes)
2026-05-21T16:12:03.098223,1779369123.0982237,NEW_SAMPLE,,,,,30,dog,,[DATA] class=dog (n=30)
2026-05-21T16:12:03.264970,1779369123.2649708,BLE,,,,,,,Received global model (64 bytes),[BLE] Received global model (64 bytes)
2026-05-21T16:12:03.264970,1779369123.2649708,FL,,,,,,,Global model updated (Adam reset),[FL] Global model updated (Adam reset)
2026-05-21T16:12:03.266148,1779369123.266148,FL,,,,,,,"B1 unpacked: min=-7.0079, max=6.2992, mean=0.1698","[FL] B1 unpacked: min=-7.0079, max=6.2992, mean=0.1698"
2026-05-21T16:12:05.097176,1779369125.097176,NEW_SAMPLE,,,,,30,dog,,[DATA] class=dog (n=30)
2026-05-21T16:12:07.096331,1779369127.0963311,NEW_SAMPLE,,,,,30,horse,,[DATA] class=horse (n=30)
2026-05-21T16:12:09.091968,1779369129.0919685,NEW_SAMPLE,,,,,30,other,,[DATA] class=other (n=30)
2026-05-21T16:12:11.095603,1779369131.095604,NEW_SAMPLE,,,,,30,other,,[DATA] class=other (n=30)
2026-05-21T16:12:13.095960,1779369133.0959604,NEW_SAMPLE,,,,,30,other,,[DATA] class=other (n=30)
2026-05-21T16:12:15.094010,1779369135.0940108,NEW_SAMPLE,,,,,30,cat,,[DATA] class=cat (n=30)
2026-05-21T16:12:17.099516,1779369137.0995166,NEW_SAMPLE,,,,,30,dog,,[DATA] class=dog (n=30)
2026-05-21T16:12:19.095238,1779369139.095239,NEW_SAMPLE,,,,,30,dog,,[DATA] class=dog (n=30)
2026-05-21T16:12:20.842020,1779369140.8420205,FL,,,,,,,Local training (4-class cross-entropy),[FL] Local training (4-class cross-entropy)
2026-05-21T16:12:20.978559,1779369140.9785593,TRAIN_EPOCH,0,0.5219,80.0,,,,,  Epoch  0  Loss=0.5219  Acc=80.0%
2026-05-21T16:12:21.136812,1779369141.1368122,TRAIN_EPOCH,1,0.4596,80.0,,,,,  Epoch  1  Loss=0.4596  Acc=80.0%
2026-05-21T16:12:21.286635,1779369141.2866352,TRAIN_EPOCH,2,0.4508,83.3,,,,,  Epoch  2  Loss=0.4508  Acc=83.3%
2026-05-21T16:12:21.434200,1779369141.4342005,TRAIN_EPOCH,3,0.4398,83.3,,,,,  Epoch  3  Loss=0.4398  Acc=83.3%
2026-05-21T16:12:21.583001,1779369141.5830016,TRAIN_EPOCH,4,0.4358,83.3,,,,,  Epoch  4  Loss=0.4358  Acc=83.3%
2026-05-21T16:12:21.732994,1779369141.7329943,TRAIN_EPOCH,5,0.4288,83.3,,,,,  Epoch  5  Loss=0.4288  Acc=83.3%
2026-05-21T16:12:21.880222,1779369141.8802223,TRAIN_EPOCH,6,0.424,83.3,,,,,  Epoch  6  Loss=0.4240  Acc=83.3%
2026-05-21T16:12:22.030434,1779369142.0304348,TRAIN_EPOCH,7,0.4187,83.3,,,,,  Epoch  7  Loss=0.4187  Acc=83.3%
2026-05-21T16:12:22.179151,1779369142.1791515,TRAIN_EPOCH,8,0.4141,83.3,,,,,  Epoch  8  Loss=0.4141  Acc=83.3%
2026-05-21T16:12:22.338777,1779369142.3387773,TRAIN_EPOCH,9,0.4095,83.3,,,,,  Epoch  9  Loss=0.4095  Acc=83.3%
2026-05-21T16:12:22.485331,1779369142.4853318,TRAIN_EPOCH,10,0.4054,83.3,,,,,  Epoch 10  Loss=0.4054  Acc=83.3%
2026-05-21T16:12:22.634667,1779369142.6346676,TRAIN_EPOCH,11,0.4008,83.3,,,,,  Epoch 11  Loss=0.4008  Acc=83.3%
2026-05-21T16:12:22.784005,1779369142.7840054,TRAIN_EPOCH,12,0.399,83.3,,,,,  Epoch 12  Loss=0.3990  Acc=83.3%
2026-05-21T16:12:22.932905,1779369142.932906,TRAIN_EPOCH,13,0.3945,83.3,,,,,  Epoch 13  Loss=0.3945  Acc=83.3%
2026-05-21T16:12:23.092183,1779369143.092183,TRAIN_EPOCH,14,0.3938,83.3,,,,,  Epoch 14  Loss=0.3938  Acc=83.3%
2026-05-21T16:12:23.093822,1779369143.0938222,VALIDATION,,,,80.0,10,,,[ACCURACY] Validation: 80.0% (n=10)
2026-05-21T16:12:23.095823,1779369143.0958235,FL,,,,,,,"B1 pre-pack: min=-8.0407, max=6.8078, mean=0.2845","[FL] B1 pre-pack: min=-8.0407, max=6.8078, mean=0.2845"
2026-05-21T16:12:23.097812,1779369143.0978122,FL,,,,,,,Model sent (72 bytes),[FL] Model sent (72 bytes)
2026-05-21T16:12:23.099315,1779369143.0993152,NEW_SAMPLE,,,,,30,dog,,[DATA] class=dog (n=30)
2026-05-21T16:12:23.248692,1779369143.248692,BLE,,,,,,,Received global model (64 bytes),[BLE] Received global model (64 bytes)
2026-05-21T16:12:23.250022,1779369143.2500226,FL,,,,,,,Global model updated (Adam reset),[FL] Global model updated (Adam reset)
2026-05-21T16:12:23.252006,1779369143.2520058,FL,,,,,,,"B1 unpacked: min=-7.4803, max=6.2205, mean=0.2264","[FL] B1 unpacked: min=-7.4803, max=6.2205, mean=0.2264"
2026-05-21T16:12:25.096080,1779369145.0960808,NEW_SAMPLE,,,,,30,dog,,[DATA] class=dog (n=30)
2026-05-21T16:12:27.093059,1779369147.0930598,NEW_SAMPLE,,,,,30,horse,,[DATA] class=horse (n=30)
2026-05-21T16:12:29.095011,1779369149.095011,NEW_SAMPLE,,,,,30,other,,[DATA] class=other (n=30)
2026-05-21T16:12:31.092669,1779369151.0926695,NEW_SAMPLE,,,,,30,dog,,[DATA] class=dog (n=30)
2026-05-21T16:12:33.099117,1779369153.0991175,NEW_SAMPLE,,,,,30,other,,[DATA] class=other (n=30)
2026-05-21T16:12:35.093992,1779369155.0939927,NEW_SAMPLE,,,,,30,other,,[DATA] class=other (n=30)
2026-05-21T16:12:37.094834,1779369157.094834,NEW_SAMPLE,,,,,30,cat,,[DATA] class=cat (n=30)
2026-05-21T16:12:39.093238,1779369159.0932384,NEW_SAMPLE,,,,,30,cat,,[DATA] class=cat (n=30)
2026-05-21T16:12:40.844291,1779369160.844292,FL,,,,,,,Local training (4-class cross-entropy),[FL] Local training (4-class cross-entropy)
2026-05-21T16:12:40.981344,1779369160.9813445,TRAIN_EPOCH,0,0.6419,76.7,,,,,  Epoch  0  Loss=0.6419  Acc=76.7%
2026-05-21T16:12:41.129085,1779369161.1290853,TRAIN_EPOCH,1,0.6229,73.3,,,,,  Epoch  1  Loss=0.6229  Acc=73.3%
2026-05-21T16:12:41.279333,1779369161.2793338,TRAIN_EPOCH,2,0.5839,80.0,,,,,  Epoch  2  Loss=0.5839  Acc=80.0%
2026-05-21T16:12:41.428370,1779369161.4283702,TRAIN_EPOCH,3,0.5741,80.0,,,,,  Epoch  3  Loss=0.5741  Acc=80.0%
2026-05-21T16:12:41.586604,1779369161.586604,TRAIN_EPOCH,4,0.5613,80.0,,,,,  Epoch  4  Loss=0.5613  Acc=80.0%
2026-05-21T16:12:41.733112,1779369161.733112,TRAIN_EPOCH,5,0.5516,76.7,,,,,  Epoch  5  Loss=0.5516  Acc=76.7%
2026-05-21T16:12:41.881734,1779369161.8817341,TRAIN_EPOCH,6,0.5423,76.7,,,,,  Epoch  6  Loss=0.5423  Acc=76.7%
2026-05-21T16:12:42.030119,1779369162.0301194,TRAIN_EPOCH,7,0.53,76.7,,,,,  Epoch  7  Loss=0.5300  Acc=76.7%
2026-05-21T16:12:42.179334,1779369162.1793344,TRAIN_EPOCH,8,0.5318,76.7,,,,,  Epoch  8  Loss=0.5318  Acc=76.7%
2026-05-21T16:12:42.333921,1779369162.333922,TRAIN_EPOCH,9,0.5159,76.7,,,,,  Epoch  9  Loss=0.5159  Acc=76.7%
2026-05-21T16:12:42.482478,1779369162.4824784,TRAIN_EPOCH,10,0.519,76.7,,,,,  Epoch 10  Loss=0.5190  Acc=76.7%
2026-05-21T16:12:42.631981,1779369162.6319811,TRAIN_EPOCH,11,0.5062,76.7,,,,,  Epoch 11  Loss=0.5062  Acc=76.7%
2026-05-21T16:12:42.788450,1779369162.7884507,TRAIN_EPOCH,12,0.5026,80.0,,,,,  Epoch 12  Loss=0.5026  Acc=80.0%
2026-05-21T16:12:42.934479,1779369162.9344795,TRAIN_EPOCH,13,0.4997,80.0,,,,,  Epoch 13  Loss=0.4997  Acc=80.0%
2026-05-21T16:12:43.084396,1779369163.0843966,TRAIN_EPOCH,14,0.4983,80.0,,,,,  Epoch 14  Loss=0.4983  Acc=80.0%
2026-05-21T16:12:43.089124,1779369163.0891242,VALIDATION,,,,70.0,10,,,[ACCURACY] Validation: 70.0% (n=10)
2026-05-21T16:12:43.092115,1779369163.0921156,FL,,,,,,,"B1 pre-pack: min=-8.4796, max=7.2015, mean=0.3226","[FL] B1 pre-pack: min=-8.4796, max=7.2015, mean=0.3226"
2026-05-21T16:12:43.094109,1779369163.0941098,FL,,,,,,,Model sent (72 bytes),[FL] Model sent (72 bytes)
2026-05-21T16:12:43.096139,1779369163.0961392,NEW_SAMPLE,,,,,30,other,,[DATA] class=other (n=30)
2026-05-21T16:12:43.223172,1779369163.2231727,BLE,,,,,,,Received global model (64 bytes),[BLE] Received global model (64 bytes)
2026-05-21T16:12:43.226332,1779369163.2263327,FL,,,,,,,Global model updated (Adam reset),[FL] Global model updated (Adam reset)
2026-05-21T16:12:43.227333,1779369163.227333,FL,,,,,,,"B1 unpacked: min=-8.0315, max=6.6929, mean=0.2682","[FL] B1 unpacked: min=-8.0315, max=6.6929, mean=0.2682"
2026-05-21T16:12:45.100054,1779369165.1000547,NEW_SAMPLE,,,,,30,cat,,[DATA] class=cat (n=30)
2026-05-21T16:12:47.093375,1779369167.0933757,NEW_SAMPLE,,,,,30,cat,,[DATA] class=cat (n=30)
2026-05-21T16:12:49.095538,1779369169.0955384,NEW_SAMPLE,,,,,30,other,,[DATA] class=other (n=30)
2026-05-21T16:12:51.096577,1779369171.096577,NEW_SAMPLE,,,,,30,other,,[DATA] class=other (n=30)
2026-05-21T16:12:53.095872,1779369173.0958729,NEW_SAMPLE,,,,,30,dog,,[DATA] class=dog (n=30)
2026-05-21T16:12:55.096307,1779369175.0963078,NEW_SAMPLE,,,,,30,horse,,[DATA] class=horse (n=30)
2026-05-21T16:12:57.099374,1779369177.0993745,NEW_SAMPLE,,,,,30,other,,[DATA] class=other (n=30)
2026-05-21T16:12:59.092201,1779369179.092202,NEW_SAMPLE,,,,,30,cat,,[DATA] class=cat (n=30)
2026-05-21T16:13:00.839956,1779369180.8399568,FL,,,,,,,Local training (4-class cross-entropy),[FL] Local training (4-class cross-entropy)
2026-05-21T16:13:00.988601,1779369180.9886017,TRAIN_EPOCH,0,0.7187,66.7,,,,,  Epoch  0  Loss=0.7187  Acc=66.7%
2026-05-21T16:13:01.135855,1779369181.1358552,TRAIN_EPOCH,1,0.6427,70.0,,,,,  Epoch  1  Loss=0.6427  Acc=70.0%
2026-05-21T16:13:01.285262,1779369181.285262,TRAIN_EPOCH,2,0.5932,76.7,,,,,  Epoch  2  Loss=0.5932  Acc=76.7%
2026-05-21T16:13:01.434688,1779369181.4346888,TRAIN_EPOCH,3,0.5687,76.7,,,,,  Epoch  3  Loss=0.5687  Acc=76.7%
2026-05-21T16:13:01.583065,1779369181.5830657,TRAIN_EPOCH,4,0.5535,76.7,,,,,  Epoch  4  Loss=0.5535  Acc=76.7%
2026-05-21T16:13:01.730952,1779369181.730952,TRAIN_EPOCH,5,0.5426,80.0,,,,,  Epoch  5  Loss=0.5426  Acc=80.0%
2026-05-21T16:13:01.889075,1779369181.8890758,TRAIN_EPOCH,6,0.5337,80.0,,,,,  Epoch  6  Loss=0.5337  Acc=80.0%
2026-05-21T16:13:02.036801,1779369182.0368016,TRAIN_EPOCH,7,0.5256,80.0,,,,,  Epoch  7  Loss=0.5256  Acc=80.0%
2026-05-21T16:13:02.183720,1779369182.18372,TRAIN_EPOCH,8,0.5182,80.0,,,,,  Epoch  8  Loss=0.5182  Acc=80.0%
2026-05-21T16:13:02.340752,1779369182.3407526,TRAIN_EPOCH,9,0.5114,80.0,,,,,  Epoch  9  Loss=0.5114  Acc=80.0%
2026-05-21T16:13:02.488656,1779369182.4886565,TRAIN_EPOCH,10,0.505,80.0,,,,,  Epoch 10  Loss=0.5050  Acc=80.0%
2026-05-21T16:13:02.639113,1779369182.6391134,TRAIN_EPOCH,11,0.499,80.0,,,,,  Epoch 11  Loss=0.4990  Acc=80.0%
2026-05-21T16:13:02.786268,1779369182.7862682,TRAIN_EPOCH,12,0.4934,80.0,,,,,  Epoch 12  Loss=0.4934  Acc=80.0%
2026-05-21T16:13:02.943525,1779369182.9435256,TRAIN_EPOCH,13,0.4883,80.0,,,,,  Epoch 13  Loss=0.4883  Acc=80.0%
2026-05-21T16:13:03.100711,1779369183.1007116,TRAIN_EPOCH,14,0.4836,80.0,,,,,  Epoch 14  Loss=0.4836  Acc=80.0%
2026-05-21T16:13:03.102826,1779369183.102827,VALIDATION,,,,90.0,10,,,[ACCURACY] Validation: 90.0% (n=10)
2026-05-21T16:13:03.105794,1779369183.105794,FL,,,,,,,"B1 pre-pack: min=-9.4996, max=8.6083, mean=0.3575","[FL] B1 pre-pack: min=-9.4996, max=8.6083, mean=0.3575"
2026-05-21T16:13:03.106757,1779369183.1067574,FL,,,,,,,Model sent (72 bytes),[FL] Model sent (72 bytes)
2026-05-21T16:13:03.108183,1779369183.1081836,NEW_SAMPLE,,,,,30,horse,,[DATA] class=horse (n=30)
2026-05-21T16:13:03.266132,1779369183.2661328,BLE,,,,,,,Received global model (64 bytes),[BLE] Received global model (64 bytes)
2026-05-21T16:13:03.268645,1779369183.268646,FL,,,,,,,Global model updated (Adam reset),[FL] Global model updated (Adam reset)
2026-05-21T16:13:03.270691,1779369183.2706916,FL,,,,,,,"B1 unpacked: min=-8.7402, max=7.6378, mean=0.3100","[FL] B1 unpacked: min=-8.7402, max=7.6378, mean=0.3100"
2026-05-21T16:13:05.099451,1779369185.0994515,NEW_SAMPLE,,,,,30,dog,,[DATA] class=dog (n=30)
2026-05-21T16:13:07.102333,1779369187.1023338,NEW_SAMPLE,,,,,30,horse,,[DATA] class=horse (n=30)
2026-05-21T16:13:09.100528,1779369189.100529,NEW_SAMPLE,,,,,30,cat,,[DATA] class=cat (n=30)
2026-05-21T16:13:11.107635,1779369191.1076357,NEW_SAMPLE,,,,,30,cat,,[DATA] class=cat (n=30)
2026-05-21T16:13:13.105264,1779369193.1052647,NEW_SAMPLE,,,,,30,cat,,[DATA] class=cat (n=30)
2026-05-21T16:13:15.106747,1779369195.1067479,NEW_SAMPLE,,,,,30,cat,,[DATA] class=cat (n=30)
2026-05-21T16:13:17.101352,1779369197.1013527,NEW_SAMPLE,,,,,30,dog,,[DATA] class=dog (n=30)
2026-05-21T16:13:19.108753,1779369199.1087534,NEW_SAMPLE,,,,,30,cat,,[DATA] class=cat (n=30)
2026-05-21T16:13:20.841255,1779369200.8412554,FL,,,,,,,Local training (4-class cross-entropy),[FL] Local training (4-class cross-entropy)
2026-05-21T16:13:20.980141,1779369200.9801416,TRAIN_EPOCH,0,0.6281,76.7,,,,,  Epoch  0  Loss=0.6281  Acc=76.7%
2026-05-21T16:13:21.130757,1779369201.1307578,TRAIN_EPOCH,1,0.5221,83.3,,,,,  Epoch  1  Loss=0.5221  Acc=83.3%
2026-05-21T16:13:21.279412,1779369201.279412,TRAIN_EPOCH,2,0.4673,86.7,,,,,  Epoch  2  Loss=0.4673  Acc=86.7%
2026-05-21T16:13:21.438293,1779369201.438293,TRAIN_EPOCH,3,0.4409,86.7,,,,,  Epoch  3  Loss=0.4409  Acc=86.7%
2026-05-21T16:13:21.587556,1779369201.5875561,TRAIN_EPOCH,4,0.4221,86.7,,,,,  Epoch  4  Loss=0.4221  Acc=86.7%
2026-05-21T16:13:21.735924,1779369201.735925,TRAIN_EPOCH,5,0.4077,86.7,,,,,  Epoch  5  Loss=0.4077  Acc=86.7%
2026-05-21T16:13:21.884476,1779369201.8844764,TRAIN_EPOCH,6,0.3958,90.0,,,,,  Epoch  6  Loss=0.3958  Acc=90.0%
2026-05-21T16:13:22.032443,1779369202.0324433,TRAIN_EPOCH,7,0.3853,90.0,,,,,  Epoch  7  Loss=0.3853  Acc=90.0%
2026-05-21T16:13:22.179781,1779369202.1797814,TRAIN_EPOCH,8,0.3761,90.0,,,,,  Epoch  8  Loss=0.3761  Acc=90.0%
2026-05-21T16:13:22.328389,1779369202.3283896,TRAIN_EPOCH,9,0.3678,90.0,,,,,  Epoch  9  Loss=0.3678  Acc=90.0%
2026-05-21T16:13:22.485230,1779369202.4852307,TRAIN_EPOCH,10,0.3603,90.0,,,,,  Epoch 10  Loss=0.3603  Acc=90.0%
2026-05-21T16:13:22.634779,1779369202.6347795,TRAIN_EPOCH,11,0.3535,90.0,,,,,  Epoch 11  Loss=0.3535  Acc=90.0%
2026-05-21T16:13:22.783885,1779369202.7848825,TRAIN_EPOCH,12,0.3475,90.0,,,,,  Epoch 12  Loss=0.3475  Acc=90.0%
2026-05-21T16:13:22.933248,1779369202.9332483,TRAIN_EPOCH,13,0.3419,90.0,,,,,  Epoch 13  Loss=0.3419  Acc=90.0%
2026-05-21T16:13:23.093239,1779369203.093239,TRAIN_EPOCH,14,0.3366,90.0,,,,,  Epoch 14  Loss=0.3366  Acc=90.0%
2026-05-21T16:13:23.096227,1779369203.0962272,VALIDATION,,,,100.0,10,,,[ACCURACY] Validation: 100.0% (n=10)
2026-05-21T16:13:23.098744,1779369203.0987442,FL,,,,,,,"B1 pre-pack: min=-10.3954, max=9.0720, mean=0.3628","[FL] B1 pre-pack: min=-10.3954, max=9.0720, mean=0.3628"
2026-05-21T16:13:23.099900,1779369203.0999002,FL,,,,,,,Model sent (72 bytes),[FL] Model sent (72 bytes)
2026-05-21T16:13:23.100734,1779369203.1007347,NEW_SAMPLE,,,,,30,horse,,[DATA] class=horse (n=30)
2026-05-21T16:13:23.248288,1779369203.248289,BLE,,,,,,,Received global model (64 bytes),[BLE] Received global model (64 bytes)
2026-05-21T16:13:23.250421,1779369203.2504218,FL,,,,,,,Global model updated (Adam reset),[FL] Global model updated (Adam reset)
2026-05-21T16:13:23.253392,1779369203.2533922,FL,,,,,,,"B1 unpacked: min=-9.4488, max=8.3465, mean=0.3469","[FL] B1 unpacked: min=-9.4488, max=8.3465, mean=0.3469"
2026-05-21T16:13:25.095600,1779369205.0956001,NEW_SAMPLE,,,,,30,horse,,[DATA] class=horse (n=30)
2026-05-21T16:13:27.092026,1779369207.0920267,NEW_SAMPLE,,,,,30,dog,,[DATA] class=dog (n=30)
2026-05-21T16:13:29.099924,1779369209.0999248,NEW_SAMPLE,,,,,30,dog,,[DATA] class=dog (n=30)
2026-05-21T16:13:31.101810,1779369211.1018102,NEW_SAMPLE,,,,,30,horse,,[DATA] class=horse (n=30)
2026-05-21T16:13:33.098658,1779369213.0986588,NEW_SAMPLE,,,,,30,other,,[DATA] class=other (n=30)
2026-05-21T16:13:35.100496,1779369215.100497,NEW_SAMPLE,,,,,30,dog,,[DATA] class=dog (n=30)
2026-05-21T16:13:37.100745,1779369217.1007452,NEW_SAMPLE,,,,,30,other,,[DATA] class=other (n=30)
2026-05-21T16:13:39.099125,1779369219.099125,NEW_SAMPLE,,,,,30,dog,,[DATA] class=dog (n=30)
2026-05-21T16:13:40.843372,1779369220.8433728,FL,,,,,,,Local training (4-class cross-entropy),[FL] Local training (4-class cross-entropy)
2026-05-21T16:13:40.980765,1779369220.980765,TRAIN_EPOCH,0,0.4229,83.3,,,,,  Epoch  0  Loss=0.4229  Acc=83.3%
2026-05-21T16:13:41.128876,1779369221.1288762,TRAIN_EPOCH,1,0.3675,86.7,,,,,  Epoch  1  Loss=0.3675  Acc=86.7%
2026-05-21T16:13:41.286533,1779369221.2865338,TRAIN_EPOCH,2,0.3426,90.0,,,,,  Epoch  2  Loss=0.3426  Acc=90.0%
2026-05-21T16:13:41.433184,1779369221.433184,TRAIN_EPOCH,3,0.3235,90.0,,,,,  Epoch  3  Loss=0.3235  Acc=90.0%
2026-05-21T16:13:41.582886,1779369221.5828865,TRAIN_EPOCH,4,0.3083,90.0,,,,,  Epoch  4  Loss=0.3083  Acc=90.0%
2026-05-21T16:13:41.729514,1779369221.7295146,TRAIN_EPOCH,5,0.2954,90.0,,,,,  Epoch  5  Loss=0.2954  Acc=90.0%
2026-05-21T16:13:41.886124,1779369221.8861244,TRAIN_EPOCH,6,0.2844,90.0,,,,,  Epoch  6  Loss=0.2844  Acc=90.0%
2026-05-21T16:13:42.033087,1779369222.0330873,TRAIN_EPOCH,7,0.2749,90.0,,,,,  Epoch  7  Loss=0.2749  Acc=90.0%
2026-05-21T16:13:42.180290,1779369222.1802902,TRAIN_EPOCH,8,0.2666,90.0,,,,,  Epoch  8  Loss=0.2666  Acc=90.0%
2026-05-21T16:13:42.329472,1779369222.3294725,TRAIN_EPOCH,9,0.2592,90.0,,,,,  Epoch  9  Loss=0.2592  Acc=90.0%
2026-05-21T16:13:42.489244,1779369222.4892442,TRAIN_EPOCH,10,0.2527,90.0,,,,,  Epoch 10  Loss=0.2527  Acc=90.0%
2026-05-21T16:13:42.637760,1779369222.6377602,TRAIN_EPOCH,11,0.2467,90.0,,,,,  Epoch 11  Loss=0.2467  Acc=90.0%
2026-05-21T16:13:42.786382,1779369222.7863827,TRAIN_EPOCH,12,0.2413,90.0,,,,,  Epoch 12  Loss=0.2413  Acc=90.0%
2026-05-21T16:13:42.935403,1779369222.935403,TRAIN_EPOCH,13,0.2364,90.0,,,,,  Epoch 13  Loss=0.2364  Acc=90.0%
2026-05-21T16:13:43.092815,1779369223.0928154,TRAIN_EPOCH,14,0.2318,90.0,,,,,  Epoch 14  Loss=0.2318  Acc=90.0%
2026-05-21T16:13:43.095241,1779369223.0952413,VALIDATION,,,,100.0,10,,,[ACCURACY] Validation: 100.0% (n=10)
2026-05-21T16:13:43.098844,1779369223.0988445,FL,,,,,,,"B1 pre-pack: min=-9.2925, max=7.6736, mean=0.3426","[FL] B1 pre-pack: min=-9.2925, max=7.6736, mean=0.3426"
2026-05-21T16:13:43.099843,1779369223.099843,FL,,,,,,,Model sent (72 bytes),[FL] Model sent (72 bytes)
2026-05-21T16:13:43.099843,1779369223.099843,NEW_SAMPLE,,,,,30,cat,,[DATA] class=cat (n=30)
2026-05-21T16:13:43.229217,1779369223.2292178,BLE,,,,,,,Received global model (64 bytes),[BLE] Received global model (64 bytes)
2026-05-21T16:13:43.232189,1779369223.232189,FL,,,,,,,Global model updated (Adam reset),[FL] Global model updated (Adam reset)
2026-05-21T16:13:43.233175,1779369223.2331758,FL,,,,,,,"B1 unpacked: min=-9.3701, max=8.0315, mean=0.3420","[FL] B1 unpacked: min=-9.3701, max=8.0315, mean=0.3420"
2026-05-21T16:13:45.096560,1779369225.0965602,NEW_SAMPLE,,,,,30,other,,[DATA] class=other (n=30)
2026-05-21T16:13:47.098368,1779369227.0983682,NEW_SAMPLE,,,,,30,horse,,[DATA] class=horse (n=30)
2026-05-21T16:13:49.094526,1779369229.0945265,NEW_SAMPLE,,,,,30,dog,,[DATA] class=dog (n=30)
2026-05-21T16:13:51.094370,1779369231.0943701,NEW_SAMPLE,,,,,30,other,,[DATA] class=other (n=30)
2026-05-21T16:13:53.098895,1779369233.0988955,NEW_SAMPLE,,,,,30,dog,,[DATA] class=dog (n=30)
2026-05-21T16:13:55.097892,1779369235.0978928,NEW_SAMPLE,,,,,30,dog,,[DATA] class=dog (n=30)
2026-05-21T16:13:57.098226,1779369237.0982268,NEW_SAMPLE,,,,,30,cat,,[DATA] class=cat (n=30)
2026-05-21T16:13:59.093064,1779369239.0930648,NEW_SAMPLE,,,,,30,cat,,[DATA] class=cat (n=30)
2026-05-21T16:14:00.840895,1779369240.8408952,FL,,,,,,,Local training (4-class cross-entropy),[FL] Local training (4-class cross-entropy)
2026-05-21T16:14:00.978938,1779369240.9789386,TRAIN_EPOCH,0,0.3463,86.7,,,,,  Epoch  0  Loss=0.3463  Acc=86.7%
2026-05-21T16:14:01.128448,1779369241.1284485,TRAIN_EPOCH,1,0.2983,86.7,,,,,  Epoch  1  Loss=0.2983  Acc=86.7%
2026-05-21T16:14:01.288359,1779369241.2883596,TRAIN_EPOCH,2,0.2849,86.7,,,,,  Epoch  2  Loss=0.2849  Acc=86.7%
2026-05-21T16:14:01.436840,1779369241.4368398,TRAIN_EPOCH,3,0.2721,86.7,,,,,  Epoch  3  Loss=0.2721  Acc=86.7%
2026-05-21T16:14:01.583929,1779369241.5839295,TRAIN_EPOCH,4,0.2626,90.0,,,,,  Epoch  4  Loss=0.2626  Acc=90.0%
2026-05-21T16:14:01.733273,1779369241.7332737,TRAIN_EPOCH,5,0.2544,93.3,,,,,  Epoch  5  Loss=0.2544  Acc=93.3%
2026-05-21T16:14:01.883070,1779369241.8830702,TRAIN_EPOCH,6,0.2473,93.3,,,,,  Epoch  6  Loss=0.2473  Acc=93.3%
2026-05-21T16:14:02.030858,1779369242.030858,TRAIN_EPOCH,7,0.2412,93.3,,,,,  Epoch  7  Loss=0.2412  Acc=93.3%
2026-05-21T16:14:02.180221,1779369242.180222,TRAIN_EPOCH,8,0.2357,93.3,,,,,  Epoch  8  Loss=0.2357  Acc=93.3%
2026-05-21T16:14:02.336624,1779369242.3366241,TRAIN_EPOCH,9,0.2308,93.3,,,,,  Epoch  9  Loss=0.2308  Acc=93.3%
2026-05-21T16:14:02.485242,1779369242.4852421,TRAIN_EPOCH,10,0.2263,93.3,,,,,  Epoch 10  Loss=0.2263  Acc=93.3%
2026-05-21T16:14:02.633009,1779369242.633009,TRAIN_EPOCH,11,0.2222,93.3,,,,,  Epoch 11  Loss=0.2222  Acc=93.3%
2026-05-21T16:14:02.782431,1779369242.782431,TRAIN_EPOCH,12,0.2185,93.3,,,,,  Epoch 12  Loss=0.2185  Acc=93.3%
2026-05-21T16:14:02.940362,1779369242.9403625,TRAIN_EPOCH,13,0.215,93.3,,,,,  Epoch 13  Loss=0.2150  Acc=93.3%
2026-05-21T16:14:03.091440,1779369243.091441,TRAIN_EPOCH,14,0.2117,93.3,,,,,  Epoch 14  Loss=0.2117  Acc=93.3%
2026-05-21T16:14:03.094428,1779369243.0944278,VALIDATION,,,,80.0,10,,,[ACCURACY] Validation: 80.0% (n=10)
2026-05-21T16:14:03.097600,1779369243.0976,FL,,,,,,,"B1 pre-pack: min=-9.2078, max=7.4365, mean=0.3307","[FL] B1 pre-pack: min=-9.2078, max=7.4365, mean=0.3307"
2026-05-21T16:14:03.098064,1779369243.098065,FL,,,,,,,Model sent (72 bytes),[FL] Model sent (72 bytes)
2026-05-21T16:14:03.099061,1779369243.099062,NEW_SAMPLE,,,,,30,dog,,[DATA] class=dog (n=30)
2026-05-21T16:14:03.269227,1779369243.269227,BLE,,,,,,,Received global model (64 bytes),[BLE] Received global model (64 bytes)
2026-05-21T16:14:03.271253,1779369243.2712538,FL,,,,,,,Global model updated (Adam reset),[FL] Global model updated (Adam reset)
2026-05-21T16:14:03.274245,1779369243.2742457,FL,,,,,,,"B1 unpacked: min=-9.2913, max=7.7165, mean=0.3297","[FL] B1 unpacked: min=-9.2913, max=7.7165, mean=0.3297"
2026-05-21T16:14:05.094598,1779369245.0945983,NEW_SAMPLE,,,,,30,horse,,[DATA] class=horse (n=30)
2026-05-21T16:14:07.099036,1779369247.0990365,NEW_SAMPLE,,,,,30,dog,,[DATA] class=dog (n=30)
2026-05-21T16:14:09.099385,1779369249.0993853,NEW_SAMPLE,,,,,30,other,,[DATA] class=other (n=30)
2026-05-21T16:14:11.094203,1779369251.0942037,NEW_SAMPLE,,,,,30,dog,,[DATA] class=dog (n=30)
2026-05-21T16:14:13.099797,1779369253.0997972,NEW_SAMPLE,,,,,30,cat,,[DATA] class=cat (n=30)
2026-05-21T16:14:15.095631,1779369255.0956316,NEW_SAMPLE,,,,,30,cat,,[DATA] class=cat (n=30)
2026-05-21T16:14:17.091749,1779369257.09175,NEW_SAMPLE,,,,,30,dog,,[DATA] class=dog (n=30)
2026-05-21T16:14:19.093998,1779369259.0939987,NEW_SAMPLE,,,,,30,cat,,[DATA] class=cat (n=30)
2026-05-21T16:14:20.841393,1779369260.8413935,FL,,,,,,,Local training (4-class cross-entropy),[FL] Local training (4-class cross-entropy)
2026-05-21T16:14:20.979818,1779369260.9798186,TRAIN_EPOCH,0,0.4056,80.0,,,,,  Epoch  0  Loss=0.4056  Acc=80.0%
2026-05-21T16:14:21.137805,1779369261.1378052,TRAIN_EPOCH,1,0.355,73.3,,,,,  Epoch  1  Loss=0.3550  Acc=73.3%
2026-05-21T16:14:21.285878,1779369261.285878,TRAIN_EPOCH,2,0.3387,80.0,,,,,  Epoch  2  Loss=0.3387  Acc=80.0%
2026-05-21T16:14:21.432786,1779369261.4327862,TRAIN_EPOCH,3,0.3272,80.0,,,,,  Epoch  3  Loss=0.3272  Acc=80.0%
2026-05-21T16:14:21.581573,1779369261.581574,TRAIN_EPOCH,4,0.3174,80.0,,,,,  Epoch  4  Loss=0.3174  Acc=80.0%
2026-05-21T16:14:21.730153,1779369261.7301538,TRAIN_EPOCH,5,0.3091,83.3,,,,,  Epoch  5  Loss=0.3091  Acc=83.3%
2026-05-21T16:14:21.889291,1779369261.8892918,TRAIN_EPOCH,6,0.3019,83.3,,,,,  Epoch  6  Loss=0.3019  Acc=83.3%
2026-05-21T16:14:22.036810,1779369262.03681,TRAIN_EPOCH,7,0.2948,83.3,,,,,  Epoch  7  Loss=0.2948  Acc=83.3%
2026-05-21T16:14:22.183076,1779369262.1830766,TRAIN_EPOCH,8,0.2884,83.3,,,,,  Epoch  8  Loss=0.2884  Acc=83.3%
2026-05-21T16:14:22.330964,1779369262.3309643,TRAIN_EPOCH,9,0.2828,83.3,,,,,  Epoch  9  Loss=0.2828  Acc=83.3%
2026-05-21T16:14:22.480505,1779369262.480506,TRAIN_EPOCH,10,0.2779,86.7,,,,,  Epoch 10  Loss=0.2779  Acc=86.7%
2026-05-21T16:14:22.638628,1779369262.6386282,TRAIN_EPOCH,11,0.2735,86.7,,,,,  Epoch 11  Loss=0.2735  Acc=86.7%
2026-05-21T16:14:22.787150,1779369262.7871509,TRAIN_EPOCH,12,0.2693,86.7,,,,,  Epoch 12  Loss=0.2693  Acc=86.7%
2026-05-21T16:14:22.935349,1779369262.9353497,TRAIN_EPOCH,13,0.2655,86.7,,,,,  Epoch 13  Loss=0.2655  Acc=86.7%
2026-05-21T16:14:23.093123,1779369263.093124,TRAIN_EPOCH,14,0.262,83.3,,,,,  Epoch 14  Loss=0.2620  Acc=83.3%
2026-05-21T16:14:23.095148,1779369263.0951488,VALIDATION,,,,90.0,10,,,[ACCURACY] Validation: 90.0% (n=10)
2026-05-21T16:14:23.096147,1779369263.0961473,FL,,,,,,,"B1 pre-pack: min=-8.7113, max=6.7127, mean=0.2950","[FL] B1 pre-pack: min=-8.7113, max=6.7127, mean=0.2950"
2026-05-21T16:14:23.097121,1779369263.0971212,FL,,,,,,,Model sent (72 bytes),[FL] Model sent (72 bytes)
2026-05-21T16:14:23.098118,1779369263.0981183,NEW_SAMPLE,,,,,30,dog,,[DATA] class=dog (n=30)
2026-05-21T16:14:23.246417,1779369263.2464178,BLE,,,,,,,Received global model (64 bytes),[BLE] Received global model (64 bytes)
2026-05-21T16:14:23.249401,1779369263.249401,FL,,,,,,,Global model updated (Adam reset),[FL] Global model updated (Adam reset)
2026-05-21T16:14:23.252393,1779369263.2523935,FL,,,,,,,"B1 unpacked: min=-8.9764, max=7.1654, mean=0.3150","[FL] B1 unpacked: min=-8.9764, max=7.1654, mean=0.3150"
2026-05-21T16:14:25.092549,1779369265.0925498,NEW_SAMPLE,,,,,30,horse,,[DATA] class=horse (n=30)
2026-05-21T16:14:27.101512,1779369267.1015127,NEW_SAMPLE,,,,,30,horse,,[DATA] class=horse (n=30)
2026-05-21T16:14:29.091960,1779369269.0919604,NEW_SAMPLE,,,,,30,cat,,[DATA] class=cat (n=30)
2026-05-21T16:14:31.098834,1779369271.0988348,NEW_SAMPLE,,,,,30,other,,[DATA] class=other (n=30)
2026-05-21T16:14:33.099414,1779369273.0994143,NEW_SAMPLE,,,,,30,horse,,[DATA] class=horse (n=30)
2026-05-21T16:14:35.100571,1779369275.1005719,NEW_SAMPLE,,,,,30,cat,,[DATA] class=cat (n=30)
2026-05-21T16:14:37.100653,1779369277.1006532,NEW_SAMPLE,,,,,30,other,,[DATA] class=other (n=30)
2026-05-21T16:14:39.094387,1779369279.0943873,NEW_SAMPLE,,,,,30,dog,,[DATA] class=dog (n=30)
2026-05-21T16:14:40.846382,1779369280.8463826,FL,,,,,,,Local training (4-class cross-entropy),[FL] Local training (4-class cross-entropy)
2026-05-21T16:14:40.983444,1779369280.983444,TRAIN_EPOCH,0,0.7975,66.7,,,,,  Epoch  0  Loss=0.7975  Acc=66.7%
2026-05-21T16:14:41.132602,1779369281.132603,TRAIN_EPOCH,1,0.7087,66.7,,,,,  Epoch  1  Loss=0.7087  Acc=66.7%
2026-05-21T16:14:41.280840,1779369281.2808404,TRAIN_EPOCH,2,0.6646,66.7,,,,,  Epoch  2  Loss=0.6646  Acc=66.7%
2026-05-21T16:14:41.428742,1779369281.428743,TRAIN_EPOCH,3,0.6376,73.3,,,,,  Epoch  3  Loss=0.6376  Acc=73.3%
2026-05-21T16:14:41.588844,1779369281.5888448,TRAIN_EPOCH,4,0.6041,66.7,,,,,  Epoch  4  Loss=0.6041  Acc=66.7%
2026-05-21T16:14:41.735736,1779369281.7357361,TRAIN_EPOCH,5,0.5889,70.0,,,,,  Epoch  5  Loss=0.5889  Acc=70.0%
2026-05-21T16:14:41.884675,1779369281.8846753,TRAIN_EPOCH,6,0.5661,70.0,,,,,  Epoch  6  Loss=0.5661  Acc=70.0%
2026-05-21T16:14:42.034484,1779369282.034485,TRAIN_EPOCH,7,0.5568,73.3,,,,,  Epoch  7  Loss=0.5568  Acc=73.3%
2026-05-21T16:14:42.183580,1779369282.1835804,TRAIN_EPOCH,8,0.5388,70.0,,,,,  Epoch  8  Loss=0.5388  Acc=70.0%
2026-05-21T16:14:42.332228,1779369282.3322287,TRAIN_EPOCH,9,0.5339,80.0,,,,,  Epoch  9  Loss=0.5339  Acc=80.0%
2026-05-21T16:14:42.481752,1779369282.4817524,TRAIN_EPOCH,10,0.5168,76.7,,,,,  Epoch 10  Loss=0.5168  Acc=76.7%
2026-05-21T16:14:42.629281,1779369282.6292818,TRAIN_EPOCH,11,0.5195,76.7,,,,,  Epoch 11  Loss=0.5195  Acc=76.7%
2026-05-21T16:14:42.787553,1779369282.7875538,TRAIN_EPOCH,12,0.5061,76.7,,,,,  Epoch 12  Loss=0.5061  Acc=76.7%
2026-05-21T16:14:42.934826,1779369282.9348266,TRAIN_EPOCH,13,0.5019,76.7,,,,,  Epoch 13  Loss=0.5019  Acc=76.7%
2026-05-21T16:14:43.094360,1779369283.0943604,TRAIN_EPOCH,14,0.4957,80.0,,,,,  Epoch 14  Loss=0.4957  Acc=80.0%
2026-05-21T16:14:43.096731,1779369283.0967317,VALIDATION,,,,60.0,10,,,[ACCURACY] Validation: 60.0% (n=10)
2026-05-21T16:14:43.100338,1779369283.1003387,FL,,,,,,,"B1 pre-pack: min=-7.2943, max=6.1390, mean=0.1574","[FL] B1 pre-pack: min=-7.2943, max=6.1390, mean=0.1574"
2026-05-21T16:14:43.102299,1779369283.1022997,FL,,,,,,,Model sent (72 bytes),[FL] Model sent (72 bytes)
2026-05-21T16:14:43.103316,1779369283.1033165,NEW_SAMPLE,,,,,30,other,,[DATA] class=other (n=30)
2026-05-21T16:14:43.230338,1779369283.2303383,BLE,,,,,,,Received global model (64 bytes),[BLE] Received global model (64 bytes)
2026-05-21T16:14:43.233360,1779369283.233361,FL,,,,,,,Global model updated (Adam reset),[FL] Global model updated (Adam reset)
2026-05-21T16:14:43.234324,1779369283.2343242,FL,,,,,,,"B1 unpacked: min=-8.1890, max=6.2992, mean=0.2338","[FL] B1 unpacked: min=-8.1890, max=6.2992, mean=0.2338"
2026-05-21T16:14:45.098963,1779369285.0989633,NEW_SAMPLE,,,,,30,dog,,[DATA] class=dog (n=30)
2026-05-21T16:14:47.099586,1779369287.099586,NEW_SAMPLE,,,,,30,other,,[DATA] class=other (n=30)
2026-05-21T16:14:49.096982,1779369289.0969825,NEW_SAMPLE,,,,,30,cat,,[DATA] class=cat (n=30)
2026-05-21T16:14:51.096234,1779369291.0962348,NEW_SAMPLE,,,,,30,horse,,[DATA] class=horse (n=30)
2026-05-21T16:14:53.092068,1779369293.0920682,NEW_SAMPLE,,,,,30,cat,,[DATA] class=cat (n=30)
2026-05-21T16:14:55.093808,1779369295.0938082,NEW_SAMPLE,,,,,30,dog,,[DATA] class=dog (n=30)
2026-05-21T16:14:57.097027,1779369297.0970275,NEW_SAMPLE,,,,,30,horse,,[DATA] class=horse (n=30)
2026-05-21T16:14:59.094321,1779369299.094321,NEW_SAMPLE,,,,,30,other,,[DATA] class=other (n=30)
2026-05-21T16:15:00.843960,1779369300.8439608,FL,,,,,,,Local training (4-class cross-entropy),[FL] Local training (4-class cross-entropy)
2026-05-21T16:15:00.980139,1779369300.9801397,TRAIN_EPOCH,0,0.7965,63.3,,,,,  Epoch  0  Loss=0.7965  Acc=63.3%
2026-05-21T16:15:01.128086,1779369301.128086,TRAIN_EPOCH,1,0.7157,63.3,,,,,  Epoch  1  Loss=0.7157  Acc=63.3%
2026-05-21T16:15:01.287182,1779369301.2871828,TRAIN_EPOCH,2,0.6957,70.0,,,,,  Epoch  2  Loss=0.6957  Acc=70.0%
2026-05-21T16:15:01.434063,1779369301.4340637,TRAIN_EPOCH,3,0.6783,66.7,,,,,  Epoch  3  Loss=0.6783  Acc=66.7%
2026-05-21T16:15:01.581976,1779369301.581977,TRAIN_EPOCH,4,0.6623,63.3,,,,,  Epoch  4  Loss=0.6623  Acc=63.3%
2026-05-21T16:15:01.730240,1779369301.7302408,TRAIN_EPOCH,5,0.6486,63.3,,,,,  Epoch  5  Loss=0.6486  Acc=63.3%
2026-05-21T16:15:01.879985,1779369301.879985,TRAIN_EPOCH,6,0.6347,70.0,,,,,  Epoch  6  Loss=0.6347  Acc=70.0%
2026-05-21T16:15:02.037747,1779369302.0381258,TRAIN_EPOCH,7,0.6282,70.0,,,,,  Epoch  7  Loss=0.6282  Acc=70.0%
2026-05-21T16:15:02.184594,1779369302.1845942,TRAIN_EPOCH,8,0.6148,70.0,,,,,  Epoch  8  Loss=0.6148  Acc=70.0%
2026-05-21T16:15:02.332734,1779369302.332734,TRAIN_EPOCH,9,0.6119,70.0,,,,,  Epoch  9  Loss=0.6119  Acc=70.0%
2026-05-21T16:15:02.481256,1779369302.481257,TRAIN_EPOCH,10,0.6018,70.0,,,,,  Epoch 10  Loss=0.6018  Acc=70.0%
2026-05-21T16:15:02.631118,1779369302.6311188,TRAIN_EPOCH,11,0.5981,70.0,,,,,  Epoch 11  Loss=0.5981  Acc=70.0%
2026-05-21T16:15:02.780422,1779369302.780423,TRAIN_EPOCH,12,0.5901,70.0,,,,,  Epoch 12  Loss=0.5901  Acc=70.0%
2026-05-21T16:15:02.938860,1779369302.9388602,TRAIN_EPOCH,13,0.5872,70.0,,,,,  Epoch 13  Loss=0.5872  Acc=70.0%
2026-05-21T16:15:03.086793,1779369303.0867932,TRAIN_EPOCH,14,0.5812,70.0,,,,,  Epoch 14  Loss=0.5812  Acc=70.0%
2026-05-21T16:15:03.089314,1779369303.0893147,VALIDATION,,,,80.0,10,,,[ACCURACY] Validation: 80.0% (n=10)
2026-05-21T16:15:03.092345,1779369303.092345,FL,,,,,,,"B1 pre-pack: min=-7.5054, max=6.0591, mean=0.1690","[FL] B1 pre-pack: min=-7.5054, max=6.0591, mean=0.1690"
2026-05-21T16:15:03.093524,1779369303.0935245,FL,,,,,,,Model sent (72 bytes),[FL] Model sent (72 bytes)
2026-05-21T16:15:03.094524,1779369303.0945249,NEW_SAMPLE,,,,,30,horse,,[DATA] class=horse (n=30)
2026-05-21T16:15:03.264284,1779369303.2642846,BLE,,,,,,,Received global model (64 bytes),[BLE] Received global model (64 bytes)
2026-05-21T16:15:03.269252,1779369303.269252,FL,,,,,,,Global model updated (Adam reset),[FL] Global model updated (Adam reset)
2026-05-21T16:15:03.270307,1779369303.2703078,FL,,,,,,,"B1 unpacked: min=-7.7953, max=6.1417, mean=0.1993","[FL] B1 unpacked: min=-7.7953, max=6.1417, mean=0.1993"
2026-05-21T16:15:05.097322,1779369305.0973227,NEW_SAMPLE,,,,,30,cat,,[DATA] class=cat (n=30)
2026-05-21T16:15:07.091724,1779369307.091724,NEW_SAMPLE,,,,,30,horse,,[DATA] class=horse (n=30)
2026-05-21T16:15:09.097340,1779369309.0973403,NEW_SAMPLE,,,,,30,other,,[DATA] class=other (n=30)
2026-05-21T16:15:11.093982,1779369311.0939827,NEW_SAMPLE,,,,,30,cat,,[DATA] class=cat (n=30)
2026-05-21T16:15:13.095777,1779369313.0957773,NEW_SAMPLE,,,,,30,other,,[DATA] class=other (n=30)
2026-05-21T16:15:15.101034,1779369315.101034,NEW_SAMPLE,,,,,30,other,,[DATA] class=other (n=30)
2026-05-21T16:15:17.095215,1779369317.0952153,NEW_SAMPLE,,,,,30,horse,,[DATA] class=horse (n=30)
2026-05-21T16:15:19.093746,1779369319.0937467,NEW_SAMPLE,,,,,30,other,,[DATA] class=other (n=30)
2026-05-21T16:15:20.838735,1779369320.838735,FL,,,,,,,Local training (4-class cross-entropy),[FL] Local training (4-class cross-entropy)
2026-05-21T16:15:20.985645,1779369320.9856458,TRAIN_EPOCH,0,0.7817,63.3,,,,,  Epoch  0  Loss=0.7817  Acc=63.3%
2026-05-21T16:15:21.136351,1779369321.1363509,TRAIN_EPOCH,1,0.6993,63.3,,,,,  Epoch  1  Loss=0.6993  Acc=63.3%
2026-05-21T16:15:21.285036,1779369321.285036,TRAIN_EPOCH,2,0.6478,76.7,,,,,  Epoch  2  Loss=0.6478  Acc=76.7%
2026-05-21T16:15:21.433351,1779369321.4333513,TRAIN_EPOCH,3,0.6102,73.3,,,,,  Epoch  3  Loss=0.6102  Acc=73.3%
2026-05-21T16:15:21.583044,1779369321.5830445,TRAIN_EPOCH,4,0.5795,73.3,,,,,  Epoch  4  Loss=0.5795  Acc=73.3%
2026-05-21T16:15:21.730548,1779369321.7305481,TRAIN_EPOCH,5,0.5614,73.3,,,,,  Epoch  5  Loss=0.5614  Acc=73.3%
2026-05-21T16:15:21.880148,1779369321.8801486,TRAIN_EPOCH,6,0.5461,76.7,,,,,  Epoch  6  Loss=0.5461  Acc=76.7%
2026-05-21T16:15:22.029705,1779369322.0297053,TRAIN_EPOCH,7,0.5343,80.0,,,,,  Epoch  7  Loss=0.5343  Acc=80.0%
2026-05-21T16:15:22.178602,1779369322.1786022,TRAIN_EPOCH,8,0.5248,80.0,,,,,  Epoch  8  Loss=0.5248  Acc=80.0%
2026-05-21T16:15:22.335766,1779369322.335766,TRAIN_EPOCH,9,0.5174,80.0,,,,,  Epoch  9  Loss=0.5174  Acc=80.0%
2026-05-21T16:15:22.484333,1779369322.4843335,TRAIN_EPOCH,10,0.5113,80.0,,,,,  Epoch 10  Loss=0.5113  Acc=80.0%
2026-05-21T16:15:22.634690,1779369322.6346903,TRAIN_EPOCH,11,0.5066,80.0,,,,,  Epoch 11  Loss=0.5066  Acc=80.0%
2026-05-21T16:15:22.782995,1779369322.7829952,TRAIN_EPOCH,12,0.5028,80.0,,,,,  Epoch 12  Loss=0.5028  Acc=80.0%
2026-05-21T16:15:22.939929,1779369322.9399292,TRAIN_EPOCH,13,0.4996,80.0,,,,,  Epoch 13  Loss=0.4996  Acc=80.0%
2026-05-21T16:15:23.089353,1779369323.0893533,TRAIN_EPOCH,14,0.497,80.0,,,,,  Epoch 14  Loss=0.4970  Acc=80.0%
2026-05-21T16:15:23.092342,1779369323.0923426,VALIDATION,,,,90.0,10,,,[ACCURACY] Validation: 90.0% (n=10)
2026-05-21T16:15:23.092878,1779369323.0928786,FL,,,,,,,"B1 pre-pack: min=-6.8713, max=5.8778, mean=0.1761","[FL] B1 pre-pack: min=-6.8713, max=5.8778, mean=0.1761"
2026-05-21T16:15:23.093915,1779369323.0939152,FL,,,,,,,Model sent (72 bytes),[FL] Model sent (72 bytes)
2026-05-21T16:15:23.093915,1779369323.0939152,NEW_SAMPLE,,,,,30,dog,,[DATA] class=dog (n=30)
2026-05-21T16:15:23.253959,1779369323.2539597,BLE,,,,,,,Received global model (64 bytes),[BLE] Received global model (64 bytes)
2026-05-21T16:15:23.254963,1779369323.2549632,FL,,,,,,,Global model updated (Adam reset),[FL] Global model updated (Adam reset)
2026-05-21T16:15:23.255279,1779369323.255279,FL,,,,,,,"B1 unpacked: min=-7.3228, max=5.9843, mean=0.1895","[FL] B1 unpacked: min=-7.3228, max=5.9843, mean=0.1895"
2026-05-21T16:15:25.096110,1779369325.0961108,NEW_SAMPLE,,,,,30,cat,,[DATA] class=cat (n=30)
2026-05-21T16:15:27.101317,1779369327.1013176,NEW_SAMPLE,,,,,30,horse,,[DATA] class=horse (n=30)
2026-05-21T16:15:29.097373,1779369329.0973735,NEW_SAMPLE,,,,,30,dog,,[DATA] class=dog (n=30)
2026-05-21T16:15:31.096278,1779369331.0962787,NEW_SAMPLE,,,,,30,dog,,[DATA] class=dog (n=30)
2026-05-21T16:15:33.092268,1779369333.0922687,NEW_SAMPLE,,,,,30,cat,,[DATA] class=cat (n=30)
2026-05-21T16:15:35.099640,1779369335.0996406,NEW_SAMPLE,,,,,30,cat,,[DATA] class=cat (n=30)
2026-05-21T16:15:37.097651,1779369337.0976517,NEW_SAMPLE,,,,,30,dog,,[DATA] class=dog (n=30)
2026-05-21T16:15:39.101497,1779369339.1014974,NEW_SAMPLE,,,,,30,horse,,[DATA] class=horse (n=30)
2026-05-21T16:15:40.842705,1779369340.8427055,FL,,,,,,,Local training (4-class cross-entropy),[FL] Local training (4-class cross-entropy)
2026-05-21T16:15:40.979295,1779369340.9792955,TRAIN_EPOCH,0,0.6703,63.3,,,,,  Epoch  0  Loss=0.6703  Acc=63.3%
2026-05-21T16:15:41.127203,1779369341.1272032,TRAIN_EPOCH,1,0.6143,76.7,,,,,  Epoch  1  Loss=0.6143  Acc=76.7%
2026-05-21T16:15:41.285535,1779369341.2855356,TRAIN_EPOCH,2,0.5983,73.3,,,,,  Epoch  2  Loss=0.5983  Acc=73.3%
2026-05-21T16:15:41.432448,1779369341.4324489,TRAIN_EPOCH,3,0.5844,70.0,,,,,  Epoch  3  Loss=0.5844  Acc=70.0%
2026-05-21T16:15:41.579856,1779369341.5798562,TRAIN_EPOCH,4,0.5725,70.0,,,,,  Epoch  4  Loss=0.5725  Acc=70.0%
2026-05-21T16:15:41.729901,1779369341.7299013,TRAIN_EPOCH,5,0.563,73.3,,,,,  Epoch  5  Loss=0.5630  Acc=73.3%
2026-05-21T16:15:41.878310,1779369341.8783104,TRAIN_EPOCH,6,0.5554,73.3,,,,,  Epoch  6  Loss=0.5554  Acc=73.3%
2026-05-21T16:15:42.035420,1779369342.0354202,TRAIN_EPOCH,7,0.5503,70.0,,,,,  Epoch  7  Loss=0.5503  Acc=70.0%
2026-05-21T16:15:42.183013,1779369342.1830132,TRAIN_EPOCH,8,0.5454,70.0,,,,,  Epoch  8  Loss=0.5454  Acc=70.0%
2026-05-21T16:15:42.331355,1779369342.3313553,TRAIN_EPOCH,9,0.5411,70.0,,,,,  Epoch  9  Loss=0.5411  Acc=70.0%
2026-05-21T16:15:42.488466,1779369342.488466,TRAIN_EPOCH,10,0.5375,70.0,,,,,  Epoch 10  Loss=0.5375  Acc=70.0%
2026-05-21T16:15:42.636968,1779369342.6369689,TRAIN_EPOCH,11,0.5355,70.0,,,,,  Epoch 11  Loss=0.5355  Acc=70.0%
2026-05-21T16:15:42.784216,1779369342.7842162,TRAIN_EPOCH,12,0.5404,70.0,,,,,  Epoch 12  Loss=0.5404  Acc=70.0%
2026-05-21T16:15:42.934464,1779369342.9344645,TRAIN_EPOCH,13,0.5335,70.0,,,,,  Epoch 13  Loss=0.5335  Acc=70.0%
2026-05-21T16:15:43.092597,1779369343.092597,TRAIN_EPOCH,14,0.5391,70.0,,,,,  Epoch 14  Loss=0.5391  Acc=70.0%
2026-05-21T16:15:43.095585,1779369343.0955858,VALIDATION,,,,50.0,10,,,[ACCURACY] Validation: 50.0% (n=10)
2026-05-21T16:15:43.098625,1779369343.0986252,FL,,,,,,,"B1 pre-pack: min=-7.2730, max=5.8380, mean=0.2067","[FL] B1 pre-pack: min=-7.2730, max=5.8380, mean=0.2067"
2026-05-21T16:15:43.099077,1779369343.0990777,FL,,,,,,,Model sent (72 bytes),[FL] Model sent (72 bytes)
2026-05-21T16:15:43.100082,1779369343.100082,NEW_SAMPLE,,,,,30,cat,,[DATA] class=cat (n=30)
2026-05-21T16:15:43.227884,1779369343.2278848,BLE,,,,,,,Received global model (64 bytes),[BLE] Received global model (64 bytes)
2026-05-21T16:15:43.228915,1779369343.228915,FL,,,,,,,Global model updated (Adam reset),[FL] Global model updated (Adam reset)
2026-05-21T16:15:43.229879,1779369343.2298794,FL,,,,,,,"B1 unpacked: min=-7.3228, max=5.9055, mean=0.1944","[FL] B1 unpacked: min=-7.3228, max=5.9055, mean=0.1944"
2026-05-21T16:15:45.091880,1779369345.0918808,NEW_SAMPLE,,,,,30,cat,,[DATA] class=cat (n=30)
2026-05-21T16:15:47.099649,1779369347.0996492,NEW_SAMPLE,,,,,30,horse,,[DATA] class=horse (n=30)
2026-05-21T16:15:49.094619,1779369349.09462,NEW_SAMPLE,,,,,30,horse,,[DATA] class=horse (n=30)
2026-05-21T16:15:51.093013,1779369351.0930133,NEW_SAMPLE,,,,,30,dog,,[DATA] class=dog (n=30)
2026-05-21T16:15:53.100368,1779369353.100369,NEW_SAMPLE,,,,,30,dog,,[DATA] class=dog (n=30)
2026-05-21T16:15:55.096884,1779369355.0968843,NEW_SAMPLE,,,,,30,cat,,[DATA] class=cat (n=30)
2026-05-21T16:15:57.095288,1779369357.0952885,NEW_SAMPLE,,,,,30,cat,,[DATA] class=cat (n=30)
2026-05-21T16:15:59.092002,1779369359.0920026,NEW_SAMPLE,,,,,30,dog,,[DATA] class=dog (n=30)
2026-05-21T16:16:00.839666,1779369360.8396666,FL,,,,,,,Local training (4-class cross-entropy),[FL] Local training (4-class cross-entropy)
2026-05-21T16:16:00.987225,1779369360.9872253,TRAIN_EPOCH,0,0.6692,63.3,,,,,  Epoch  0  Loss=0.6692  Acc=63.3%
2026-05-21T16:16:01.136166,1779369361.1361666,TRAIN_EPOCH,1,0.5732,76.7,,,,,  Epoch  1  Loss=0.5732  Acc=76.7%
2026-05-21T16:16:01.285709,1779369361.2857099,TRAIN_EPOCH,2,0.5932,73.3,,,,,  Epoch  2  Loss=0.5932  Acc=73.3%
2026-05-21T16:16:01.435945,1779369361.435945,TRAIN_EPOCH,3,0.5756,73.3,,,,,  Epoch  3  Loss=0.5756  Acc=73.3%
2026-05-21T16:16:01.585023,1779369361.5850234,TRAIN_EPOCH,4,0.5757,76.7,,,,,  Epoch  4  Loss=0.5757  Acc=76.7%
2026-05-21T16:16:01.733428,1779369361.7334287,TRAIN_EPOCH,5,0.5696,76.7,,,,,  Epoch  5  Loss=0.5696  Acc=76.7%
2026-05-21T16:16:01.879754,1779369361.8797543,TRAIN_EPOCH,6,0.5736,73.3,,,,,  Epoch  6  Loss=0.5736  Acc=73.3%
2026-05-21T16:16:02.036648,1779369362.0366488,TRAIN_EPOCH,7,0.5598,76.7,,,,,  Epoch  7  Loss=0.5598  Acc=76.7%
2026-05-21T16:16:02.185496,1779369362.1854963,TRAIN_EPOCH,8,0.5679,73.3,,,,,  Epoch  8  Loss=0.5679  Acc=73.3%
2026-05-21T16:16:02.334318,1779369362.3343184,TRAIN_EPOCH,9,0.554,76.7,,,,,  Epoch  9  Loss=0.5540  Acc=76.7%
2026-05-21T16:16:02.482595,1779369362.482596,TRAIN_EPOCH,10,0.5613,76.7,,,,,  Epoch 10  Loss=0.5613  Acc=76.7%
2026-05-21T16:16:02.629869,1779369362.62987,TRAIN_EPOCH,11,0.5492,76.7,,,,,  Epoch 11  Loss=0.5492  Acc=76.7%
2026-05-21T16:16:02.789003,1779369362.7890036,TRAIN_EPOCH,12,0.5555,76.7,,,,,  Epoch 12  Loss=0.5555  Acc=76.7%
2026-05-21T16:16:02.934940,1779369362.93494,TRAIN_EPOCH,13,0.5473,73.3,,,,,  Epoch 13  Loss=0.5473  Acc=73.3%
2026-05-21T16:16:03.092261,1779369363.0922618,TRAIN_EPOCH,14,0.5474,73.3,,,,,  Epoch 14  Loss=0.5474  Acc=73.3%
2026-05-21T16:16:03.094623,1779369363.0946236,VALIDATION,,,,80.0,10,,,[ACCURACY] Validation: 80.0% (n=10)
2026-05-21T16:16:03.097656,1779369363.0976565,FL,,,,,,,"B1 pre-pack: min=-7.3975, max=6.1634, mean=0.1816","[FL] B1 pre-pack: min=-7.3975, max=6.1634, mean=0.1816"
2026-05-21T16:16:03.099103,1779369363.099103,FL,,,,,,,Model sent (72 bytes),[FL] Model sent (72 bytes)
2026-05-21T16:16:03.100096,1779369363.1000965,NEW_SAMPLE,,,,,30,other,,[DATA] class=other (n=30)
2026-05-21T16:16:03.267829,1779369363.2678297,BLE,,,,,,,Received global model (64 bytes),[BLE] Received global model (64 bytes)
2026-05-21T16:16:03.270496,1779369363.270497,FL,,,,,,,Global model updated (Adam reset),[FL] Global model updated (Adam reset)
2026-05-21T16:16:03.273577,1779369363.2735772,FL,,,,,,,"B1 unpacked: min=-7.3228, max=6.0630, mean=0.1993","[FL] B1 unpacked: min=-7.3228, max=6.0630, mean=0.1993"
2026-05-21T16:16:05.101606,1779369365.1016066,NEW_SAMPLE,,,,,30,other,,[DATA] class=other (n=30)
2026-05-21T16:16:07.092735,1779369367.0927355,NEW_SAMPLE,,,,,30,horse,,[DATA] class=horse (n=30)
2026-05-21T16:16:09.099346,1779369369.0993462,NEW_SAMPLE,,,,,30,other,,[DATA] class=other (n=30)
2026-05-21T16:16:11.092826,1779369371.0928266,NEW_SAMPLE,,,,,30,other,,[DATA] class=other (n=30)
2026-05-21T16:16:13.098530,1779369373.0985308,NEW_SAMPLE,,,,,30,cat,,[DATA] class=cat (n=30)
2026-05-21T16:16:15.097386,1779369375.097386,NEW_SAMPLE,,,,,30,horse,,[DATA] class=horse (n=30)
2026-05-21T16:16:17.095415,1779369377.0954158,NEW_SAMPLE,,,,,30,dog,,[DATA] class=dog (n=30)
2026-05-21T16:16:19.094303,1779369379.094303,NEW_SAMPLE,,,,,30,dog,,[DATA] class=dog (n=30)
2026-05-21T16:16:20.843695,1779369380.8436959,FL,,,,,,,Local training (4-class cross-entropy),[FL] Local training (4-class cross-entropy)
2026-05-21T16:16:20.981311,1779369380.981312,TRAIN_EPOCH,0,0.869,63.3,,,,,  Epoch  0  Loss=0.8690  Acc=63.3%
2026-05-21T16:16:21.130033,1779369381.1300337,TRAIN_EPOCH,1,0.813,70.0,,,,,  Epoch  1  Loss=0.8130  Acc=70.0%
2026-05-21T16:16:21.277079,1779369381.277079,TRAIN_EPOCH,2,0.7979,70.0,,,,,  Epoch  2  Loss=0.7979  Acc=70.0%
2026-05-21T16:16:21.434891,1779369381.4348917,TRAIN_EPOCH,3,0.785,70.0,,,,,  Epoch  3  Loss=0.7850  Acc=70.0%
2026-05-21T16:16:21.582008,1779369381.5820088,TRAIN_EPOCH,4,0.7739,70.0,,,,,  Epoch  4  Loss=0.7739  Acc=70.0%
2026-05-21T16:16:21.732081,1779369381.7320812,TRAIN_EPOCH,5,0.7644,70.0,,,,,  Epoch  5  Loss=0.7644  Acc=70.0%
2026-05-21T16:16:21.881500,1779369381.8815005,TRAIN_EPOCH,6,0.756,70.0,,,,,  Epoch  6  Loss=0.7560  Acc=70.0%
2026-05-21T16:16:22.030205,1779369382.0302057,TRAIN_EPOCH,7,0.7487,66.7,,,,,  Epoch  7  Loss=0.7487  Acc=66.7%
2026-05-21T16:16:22.179949,1779369382.1799493,TRAIN_EPOCH,8,0.7423,66.7,,,,,  Epoch  8  Loss=0.7423  Acc=66.7%
2026-05-21T16:16:22.329187,1779369382.3291872,TRAIN_EPOCH,9,0.7366,66.7,,,,,  Epoch  9  Loss=0.7366  Acc=66.7%
2026-05-21T16:16:22.486572,1779369382.4865723,TRAIN_EPOCH,10,0.7316,63.3,,,,,  Epoch 10  Loss=0.7316  Acc=63.3%
2026-05-21T16:16:22.633115,1779369382.633116,TRAIN_EPOCH,11,0.727,63.3,,,,,  Epoch 11  Loss=0.7270  Acc=63.3%
2026-05-21T16:16:22.781306,1779369382.781307,TRAIN_EPOCH,12,0.723,63.3,,,,,  Epoch 12  Loss=0.7230  Acc=63.3%
2026-05-21T16:16:22.940257,1779369382.9402578,TRAIN_EPOCH,13,0.7193,63.3,,,,,  Epoch 13  Loss=0.7193  Acc=63.3%
2026-05-21T16:16:23.089020,1779369383.0890205,TRAIN_EPOCH,14,0.7159,63.3,,,,,  Epoch 14  Loss=0.7159  Acc=63.3%
2026-05-21T16:16:23.091353,1779369383.0913537,VALIDATION,,,,60.0,10,,,[ACCURACY] Validation: 60.0% (n=10)
2026-05-21T16:16:23.094386,1779369383.094386,FL,,,,,,,"B1 pre-pack: min=-7.5570, max=6.1104, mean=0.2418","[FL] B1 pre-pack: min=-7.5570, max=6.1104, mean=0.2418"
2026-05-21T16:16:23.095341,1779369383.095341,FL,,,,,,,Model sent (72 bytes),[FL] Model sent (72 bytes)
2026-05-21T16:16:23.096333,1779369383.0963337,NEW_SAMPLE,,,,,30,cat,,[DATA] class=cat (n=30)
2026-05-21T16:16:23.245435,1779369383.2454357,BLE,,,,,,,Received global model (64 bytes),[BLE] Received global model (64 bytes)
2026-05-21T16:16:23.250955,1779369383.2509558,FL,,,,,,,Global model updated (Adam reset),[FL] Global model updated (Adam reset)
2026-05-21T16:16:23.251351,1779369383.2513514,FL,,,,,,,"B1 unpacked: min=-7.4803, max=6.0630, mean=0.2141","[FL] B1 unpacked: min=-7.4803, max=6.0630, mean=0.2141"
2026-05-21T16:16:25.100282,1779369385.1002822,NEW_SAMPLE,,,,,30,cat,,[DATA] class=cat (n=30)
2026-05-21T16:16:27.090733,1779369387.090733,NEW_SAMPLE,,,,,30,horse,,[DATA] class=horse (n=30)
2026-05-21T16:16:29.091599,1779369389.0915997,NEW_SAMPLE,,,,,30,dog,,[DATA] class=dog (n=30)
2026-05-21T16:16:31.096353,1779369391.0963535,NEW_SAMPLE,,,,,30,horse,,[DATA] class=horse (n=30)
2026-05-21T16:16:33.099162,1779369393.0991623,NEW_SAMPLE,,,,,30,cat,,[DATA] class=cat (n=30)
2026-05-21T16:16:35.096135,1779369395.0961359,NEW_SAMPLE,,,,,30,horse,,[DATA] class=horse (n=30)
2026-05-21T16:16:37.098970,1779369397.0989707,NEW_SAMPLE,,,,,30,cat,,[DATA] class=cat (n=30)
2026-05-21T16:16:39.097835,1779369399.0978355,NEW_SAMPLE,,,,,30,dog,,[DATA] class=dog (n=30)
2026-05-21T16:16:40.840183,1779369400.8401837,FL,,,,,,,Local training (4-class cross-entropy),[FL] Local training (4-class cross-entropy)
2026-05-21T16:16:40.977092,1779369400.977093,TRAIN_EPOCH,0,0.8161,63.3,,,,,  Epoch  0  Loss=0.8161  Acc=63.3%
2026-05-21T16:16:41.133525,1779369401.1335256,TRAIN_EPOCH,1,0.7834,66.7,,,,,  Epoch  1  Loss=0.7834  Acc=66.7%
2026-05-21T16:16:41.282598,1779369401.2825983,TRAIN_EPOCH,2,0.7769,66.7,,,,,  Epoch  2  Loss=0.7769  Acc=66.7%
2026-05-21T16:16:41.430302,1779369401.4303021,TRAIN_EPOCH,3,0.7707,66.7,,,,,  Epoch  3  Loss=0.7707  Acc=66.7%
2026-05-21T16:16:41.578806,1779369401.5788062,TRAIN_EPOCH,4,0.7653,66.7,,,,,  Epoch  4  Loss=0.7653  Acc=66.7%
2026-05-21T16:16:41.736532,1779369401.7365322,TRAIN_EPOCH,5,0.7606,66.7,,,,,  Epoch  5  Loss=0.7606  Acc=66.7%
2026-05-21T16:16:41.884267,1779369401.8842678,TRAIN_EPOCH,6,0.7564,63.3,,,,,  Epoch  6  Loss=0.7564  Acc=63.3%
2026-05-21T16:16:42.031223,1779369402.0312235,TRAIN_EPOCH,7,0.7526,60.0,,,,,  Epoch  7  Loss=0.7526  Acc=60.0%
2026-05-21T16:16:42.179821,1779369402.179821,TRAIN_EPOCH,8,0.7492,60.0,,,,,  Epoch  8  Loss=0.7492  Acc=60.0%
2026-05-21T16:16:42.329993,1779369402.329993,TRAIN_EPOCH,9,0.7462,60.0,,,,,  Epoch  9  Loss=0.7462  Acc=60.0%
2026-05-21T16:16:42.480322,1779369402.4803228,TRAIN_EPOCH,10,0.7434,60.0,,,,,  Epoch 10  Loss=0.7434  Acc=60.0%
2026-05-21T16:16:42.629459,1779369402.629459,TRAIN_EPOCH,11,0.7408,60.0,,,,,  Epoch 11  Loss=0.7408  Acc=60.0%
2026-05-21T16:16:42.788189,1779369402.7881894,TRAIN_EPOCH,12,0.7384,60.0,,,,,  Epoch 12  Loss=0.7384  Acc=60.0%
2026-05-21T16:16:42.937195,1779369402.9371953,TRAIN_EPOCH,13,0.7362,60.0,,,,,  Epoch 13  Loss=0.7362  Acc=60.0%
2026-05-21T16:16:43.085189,1779369403.085189,TRAIN_EPOCH,14,0.7342,60.0,,,,,  Epoch 14  Loss=0.7342  Acc=60.0%
2026-05-21T16:16:43.088542,1779369403.0885425,VALIDATION,,,,70.0,10,,,[ACCURACY] Validation: 70.0% (n=10)
2026-05-21T16:16:43.088542,1779369403.0885425,FL,,,,,,,"B1 pre-pack: min=-8.0588, max=6.0505, mean=0.2655","[FL] B1 pre-pack: min=-8.0588, max=6.0505, mean=0.2655"
2026-05-21T16:16:43.093365,1779369403.093365,FL,,,,,,,Model sent (72 bytes),[FL] Model sent (72 bytes)
2026-05-21T16:16:43.093746,1779369403.0937467,NEW_SAMPLE,,,,,30,other,,[DATA] class=other (n=30)
2026-05-21T16:16:43.292609,1779369403.2926095,BLE,,,,,,,Received global model (64 bytes),[BLE] Received global model (64 bytes)
2026-05-21T16:16:43.293668,1779369403.2936687,FL,,,,,,,Global model updated (Adam reset),[FL] Global model updated (Adam reset)
2026-05-21T16:16:43.295702,1779369403.295702,FL,,,,,,,"B1 unpacked: min=-7.7165, max=6.0630, mean=0.2411","[FL] B1 unpacked: min=-7.7165, max=6.0630, mean=0.2411"
2026-05-21T16:16:45.093871,1779369405.0938718,NEW_SAMPLE,,,,,30,cat,,[DATA] class=cat (n=30)
2026-05-21T16:16:47.101356,1779369407.1013565,NEW_SAMPLE,,,,,30,horse,,[DATA] class=horse (n=30)
2026-05-21T16:16:49.095712,1779369409.0957124,NEW_SAMPLE,,,,,30,dog,,[DATA] class=dog (n=30)
2026-05-21T16:16:51.092874,1779369411.0928745,NEW_SAMPLE,,,,,30,other,,[DATA] class=other (n=30)
2026-05-21T16:16:53.099927,1779369413.0999272,NEW_SAMPLE,,,,,30,dog,,[DATA] class=dog (n=30)
2026-05-21T16:16:55.099711,1779369415.099712,NEW_SAMPLE,,,,,30,horse,,[DATA] class=horse (n=30)
2026-05-21T16:16:57.092662,1779369417.0926628,NEW_SAMPLE,,,,,30,dog,,[DATA] class=dog (n=30)
2026-05-21T16:16:59.098861,1779369419.0988612,NEW_SAMPLE,,,,,30,dog,,[DATA] class=dog (n=30)
2026-05-21T16:17:00.846500,1779369420.8465006,FL,,,,,,,Local training (4-class cross-entropy),[FL] Local training (4-class cross-entropy)
2026-05-21T16:17:00.982559,1779369420.982559,TRAIN_EPOCH,0,0.8426,56.7,,,,,  Epoch  0  Loss=0.8426  Acc=56.7%
2026-05-21T16:17:01.130450,1779369421.1304505,TRAIN_EPOCH,1,0.728,56.7,,,,,  Epoch  1  Loss=0.7280  Acc=56.7%
2026-05-21T16:17:01.279743,1779369421.279744,TRAIN_EPOCH,2,0.7014,63.3,,,,,  Epoch  2  Loss=0.7014  Acc=63.3%
2026-05-21T16:17:01.437517,1779369421.4385803,TRAIN_EPOCH,3,0.6796,66.7,,,,,  Epoch  3  Loss=0.6796  Acc=66.7%
2026-05-21T16:17:01.585468,1779369421.5854685,TRAIN_EPOCH,4,0.6625,63.3,,,,,  Epoch  4  Loss=0.6625  Acc=63.3%
2026-05-21T16:17:01.732395,1779369421.732396,TRAIN_EPOCH,5,0.6492,63.3,,,,,  Epoch  5  Loss=0.6492  Acc=63.3%
2026-05-21T16:17:01.880582,1779369421.8805823,TRAIN_EPOCH,6,0.6383,63.3,,,,,  Epoch  6  Loss=0.6383  Acc=63.3%
2026-05-21T16:17:02.030099,1779369422.0300996,TRAIN_EPOCH,7,0.6242,63.3,,,,,  Epoch  7  Loss=0.6242  Acc=63.3%
2026-05-21T16:17:02.189082,1779369422.1890829,TRAIN_EPOCH,8,0.61,63.3,,,,,  Epoch  8  Loss=0.6100  Acc=63.3%
2026-05-21T16:17:02.336675,1779369422.3366754,TRAIN_EPOCH,9,0.5989,63.3,,,,,  Epoch  9  Loss=0.5989  Acc=63.3%
2026-05-21T16:17:02.484096,1779369422.4840965,TRAIN_EPOCH,10,0.5888,63.3,,,,,  Epoch 10  Loss=0.5888  Acc=63.3%
2026-05-21T16:17:02.630318,1779369422.6303186,TRAIN_EPOCH,11,0.58,66.7,,,,,  Epoch 11  Loss=0.5800  Acc=66.7%
2026-05-21T16:17:02.787946,1779369422.787946,TRAIN_EPOCH,12,0.5734,66.7,,,,,  Epoch 12  Loss=0.5734  Acc=66.7%
2026-05-21T16:17:02.936000,1779369422.936,TRAIN_EPOCH,13,0.5682,70.0,,,,,  Epoch 13  Loss=0.5682  Acc=70.0%
2026-05-21T16:17:03.093822,1779369423.0938222,TRAIN_EPOCH,14,0.5634,70.0,,,,,  Epoch 14  Loss=0.5634  Acc=70.0%
2026-05-21T16:17:03.096810,1779369423.0968106,VALIDATION,,,,80.0,10,,,[ACCURACY] Validation: 80.0% (n=10)
2026-05-21T16:17:03.099393,1779369423.0993938,FL,,,,,,,"B1 pre-pack: min=-9.0077, max=5.9607, mean=0.3503","[FL] B1 pre-pack: min=-9.0077, max=5.9607, mean=0.3503"
2026-05-21T16:17:03.101389,1779369423.1013896,FL,,,,,,,Model sent (72 bytes),[FL] Model sent (72 bytes)
2026-05-21T16:17:03.102378,1779369423.1034317,NEW_SAMPLE,,,,,30,dog,,[DATA] class=dog (n=30)
2026-05-21T16:17:03.270226,1779369423.270226,BLE,,,,,,,Received global model (64 bytes),[BLE] Received global model (64 bytes)
2026-05-21T16:17:03.271349,1779369423.271349,FL,,,,,,,Global model updated (Adam reset),[FL] Global model updated (Adam reset)
2026-05-21T16:17:03.272212,1779369423.2722127,FL,,,,,,,"B1 unpacked: min=-8.3465, max=6.0630, mean=0.2977","[FL] B1 unpacked: min=-8.3465, max=6.0630, mean=0.2977"
2026-05-21T16:17:05.092305,1779369425.0923054,NEW_SAMPLE,,,,,30,horse,,[DATA] class=horse (n=30)
2026-05-21T16:17:07.099722,1779369427.0997224,NEW_SAMPLE,,,,,30,other,,[DATA] class=other (n=30)
2026-05-21T16:17:09.097130,1779369429.097131,NEW_SAMPLE,,,,,30,cat,,[DATA] class=cat (n=30)
2026-05-21T16:17:11.100891,1779369431.1008914,NEW_SAMPLE,,,,,30,other,,[DATA] class=other (n=30)
2026-05-21T16:17:13.098795,1779369433.0987954,NEW_SAMPLE,,,,,30,cat,,[DATA] class=cat (n=30)
2026-05-21T16:17:15.095787,1779369435.0957878,NEW_SAMPLE,,,,,30,cat,,[DATA] class=cat (n=30)
2026-05-21T16:17:17.091494,1779369437.0914943,NEW_SAMPLE,,,,,30,cat,,[DATA] class=cat (n=30)
2026-05-21T16:17:19.096708,1779369439.0967083,NEW_SAMPLE,,,,,30,cat,,[DATA] class=cat (n=30)
2026-05-21T16:17:20.847344,1779369440.8473449,FL,,,,,,,Local training (4-class cross-entropy),[FL] Local training (4-class cross-entropy)
2026-05-21T16:17:20.984348,1779369440.9843483,TRAIN_EPOCH,0,0.615,66.7,,,,,  Epoch  0  Loss=0.6150  Acc=66.7%
2026-05-21T16:17:21.130980,1779369441.130981,TRAIN_EPOCH,1,0.5636,70.0,,,,,  Epoch  1  Loss=0.5636  Acc=70.0%
2026-05-21T16:17:21.278825,1779369441.2788258,TRAIN_EPOCH,2,0.5466,66.7,,,,,  Epoch  2  Loss=0.5466  Acc=66.7%
2026-05-21T16:17:21.436374,1779369441.4363744,TRAIN_EPOCH,3,0.5329,70.0,,,,,  Epoch  3  Loss=0.5329  Acc=70.0%
2026-05-21T16:17:21.585755,1779369441.5857553,TRAIN_EPOCH,4,0.5218,76.7,,,,,  Epoch  4  Loss=0.5218  Acc=76.7%
2026-05-21T16:17:21.733735,1779369441.733735,TRAIN_EPOCH,5,0.5123,80.0,,,,,  Epoch  5  Loss=0.5123  Acc=80.0%
2026-05-21T16:17:21.882026,1779369441.8820264,TRAIN_EPOCH,6,0.5038,83.3,,,,,  Epoch  6  Loss=0.5038  Acc=83.3%
2026-05-21T16:17:22.030857,1779369442.0308578,TRAIN_EPOCH,7,0.4961,86.7,,,,,  Epoch  7  Loss=0.4961  Acc=86.7%
2026-05-21T16:17:22.178636,1779369442.1786368,TRAIN_EPOCH,8,0.489,86.7,,,,,  Epoch  8  Loss=0.4890  Acc=86.7%
2026-05-21T16:17:22.334368,1779369442.3343687,TRAIN_EPOCH,9,0.4824,86.7,,,,,  Epoch  9  Loss=0.4824  Acc=86.7%
2026-05-21T16:17:22.480749,1779369442.4807496,TRAIN_EPOCH,10,0.4763,86.7,,,,,  Epoch 10  Loss=0.4763  Acc=86.7%
2026-05-21T16:17:22.639065,1779369442.639065,TRAIN_EPOCH,11,0.4705,86.7,,,,,  Epoch 11  Loss=0.4705  Acc=86.7%
2026-05-21T16:17:22.787447,1779369442.7874475,TRAIN_EPOCH,12,0.465,86.7,,,,,  Epoch 12  Loss=0.4650  Acc=86.7%
2026-05-21T16:17:22.936454,1779369442.936454,TRAIN_EPOCH,13,0.4598,86.7,,,,,  Epoch 13  Loss=0.4598  Acc=86.7%
2026-05-21T16:17:23.086478,1779369443.0864782,TRAIN_EPOCH,14,0.4549,86.7,,,,,  Epoch 14  Loss=0.4549  Acc=86.7%
2026-05-21T16:17:23.089519,1779369443.089519,VALIDATION,,,,90.0,10,,,[ACCURACY] Validation: 90.0% (n=10)
2026-05-21T16:17:23.092508,1779369443.0925083,FL,,,,,,,"B1 pre-pack: min=-9.9889, max=6.7786, mean=0.4520","[FL] B1 pre-pack: min=-9.9889, max=6.7786, mean=0.4520"
2026-05-21T16:17:23.092508,1779369443.0925083,FL,,,,,,,Model sent (72 bytes),[FL] Model sent (72 bytes)
2026-05-21T16:17:23.093541,1779369443.0935411,NEW_SAMPLE,,,,,30,dog,,[DATA] class=dog (n=30)
2026-05-21T16:17:23.253308,1779369443.253309,BLE,,,,,,,Received global model (64 bytes),[BLE] Received global model (64 bytes)
2026-05-21T16:17:23.254038,1779369443.2540383,FL,,,,,,,Global model updated (Adam reset),[FL] Global model updated (Adam reset)
2026-05-21T16:17:23.255040,1779369443.2550404,FL,,,,,,,"B1 unpacked: min=-9.2126, max=6.0630, mean=0.3691","[FL] B1 unpacked: min=-9.2126, max=6.0630, mean=0.3691"
2026-05-21T16:17:25.091944,1779369445.0919442,NEW_SAMPLE,,,,,30,other,,[DATA] class=other (n=30)
2026-05-21T16:17:27.096191,1779369447.0961914,NEW_SAMPLE,,,,,30,cat,,[DATA] class=cat (n=30)
2026-05-21T16:17:29.092127,1779369449.092127,NEW_SAMPLE,,,,,30,cat,,[DATA] class=cat (n=30)
2026-05-21T16:17:31.091426,1779369451.0914261,NEW_SAMPLE,,,,,30,other,,[DATA] class=other (n=30)
2026-05-21T16:17:33.096995,1779369453.0969956,NEW_SAMPLE,,,,,30,dog,,[DATA] class=dog (n=30)
2026-05-21T16:17:35.100933,1779369455.1009336,NEW_SAMPLE,,,,,30,dog,,[DATA] class=dog (n=30)
2026-05-21T16:17:37.098278,1779369457.0982783,NEW_SAMPLE,,,,,30,horse,,[DATA] class=horse (n=30)
2026-05-21T16:17:39.091882,1779369459.0918827,NEW_SAMPLE,,,,,30,dog,,[DATA] class=dog (n=30)
2026-05-21T16:17:40.841782,1779369460.8417828,FL,,,,,,,Local training (4-class cross-entropy),[FL] Local training (4-class cross-entropy)
2026-05-21T16:17:40.979918,1779369460.9799182,TRAIN_EPOCH,0,0.5556,76.7,,,,,  Epoch  0  Loss=0.5556  Acc=76.7%
2026-05-21T16:17:41.128384,1779369461.1283846,TRAIN_EPOCH,1,0.508,80.0,,,,,  Epoch  1  Loss=0.5080  Acc=80.0%
2026-05-21T16:17:41.277605,1779369461.2776058,TRAIN_EPOCH,2,0.501,83.3,,,,,  Epoch  2  Loss=0.5010  Acc=83.3%
2026-05-21T16:17:41.427551,1779369461.427551,TRAIN_EPOCH,3,0.4914,83.3,,,,,  Epoch  3  Loss=0.4914  Acc=83.3%
2026-05-21T16:17:41.587352,1779369461.5873523,TRAIN_EPOCH,4,0.4839,86.7,,,,,  Epoch  4  Loss=0.4839  Acc=86.7%
2026-05-21T16:17:41.736081,1779369461.7360818,TRAIN_EPOCH,5,0.4789,86.7,,,,,  Epoch  5  Loss=0.4789  Acc=86.7%
2026-05-21T16:17:41.883773,1779369461.883773,TRAIN_EPOCH,6,0.4724,86.7,,,,,  Epoch  6  Loss=0.4724  Acc=86.7%
2026-05-21T16:17:42.030740,1779369462.0307403,TRAIN_EPOCH,7,0.4674,86.7,,,,,  Epoch  7  Loss=0.4674  Acc=86.7%
2026-05-21T16:17:42.177366,1779369462.1773665,TRAIN_EPOCH,8,0.4626,86.7,,,,,  Epoch  8  Loss=0.4626  Acc=86.7%
2026-05-21T16:17:42.338409,1779369462.338409,TRAIN_EPOCH,9,0.4581,86.7,,,,,  Epoch  9  Loss=0.4581  Acc=86.7%
2026-05-21T16:17:42.486156,1779369462.4861567,TRAIN_EPOCH,10,0.4537,86.7,,,,,  Epoch 10  Loss=0.4537  Acc=86.7%
2026-05-21T16:17:42.633773,1779369462.633773,TRAIN_EPOCH,11,0.4495,86.7,,,,,  Epoch 11  Loss=0.4495  Acc=86.7%
2026-05-21T16:17:42.783507,1779369462.7835078,TRAIN_EPOCH,12,0.4454,86.7,,,,,  Epoch 12  Loss=0.4454  Acc=86.7%
2026-05-21T16:17:42.931163,1779369462.9311628,TRAIN_EPOCH,13,0.4409,86.7,,,,,  Epoch 13  Loss=0.4409  Acc=86.7%
2026-05-21T16:17:43.091842,1779369463.0918427,TRAIN_EPOCH,14,0.4369,86.7,,,,,  Epoch 14  Loss=0.4369  Acc=86.7%
2026-05-21T16:17:43.094839,1779369463.094839,VALIDATION,,,,80.0,10,,,[ACCURACY] Validation: 80.0% (n=10)
2026-05-21T16:17:43.097887,1779369463.097887,FL,,,,,,,"B1 pre-pack: min=-10.4958, max=7.1300, mean=0.4301","[FL] B1 pre-pack: min=-10.4958, max=7.1300, mean=0.4301"
2026-05-21T16:17:43.098431,1779369463.0984309,FL,,,,,,,Model sent (72 bytes),[FL] Model sent (72 bytes)
2026-05-21T16:17:43.098431,1779369463.0984309,NEW_SAMPLE,,,,,30,other,,[DATA] class=other (n=30)
2026-05-21T16:17:43.238467,1779369463.238468,BLE,,,,,,,Received global model (64 bytes),[BLE] Received global model (64 bytes)
2026-05-21T16:17:43.240465,1779369463.2404654,FL,,,,,,,Global model updated (Adam reset),[FL] Global model updated (Adam reset)
2026-05-21T16:17:43.243208,1779369463.243208,FL,,,,,,,"B1 unpacked: min=-9.6063, max=6.6142, mean=0.4109","[FL] B1 unpacked: min=-9.6063, max=6.6142, mean=0.4109"
2026-05-21T16:17:45.097157,1779369465.097158,NEW_SAMPLE,,,,,30,other,,[DATA] class=other (n=30)
2026-05-21T16:17:47.092601,1779369467.0926015,NEW_SAMPLE,,,,,30,dog,,[DATA] class=dog (n=30)
2026-05-21T16:17:49.101333,1779369469.1013339,NEW_SAMPLE,,,,,30,other,,[DATA] class=other (n=30)
2026-05-21T16:17:51.101516,1779369471.1015167,NEW_SAMPLE,,,,,30,horse,,[DATA] class=horse (n=30)
2026-05-21T16:17:53.090559,1779369473.09056,NEW_SAMPLE,,,,,30,cat,,[DATA] class=cat (n=30)
2026-05-21T16:17:55.096361,1779369475.096361,NEW_SAMPLE,,,,,30,horse,,[DATA] class=horse (n=30)
2026-05-21T16:17:57.099954,1779369477.0999544,NEW_SAMPLE,,,,,30,dog,,[DATA] class=dog (n=30)
2026-05-21T16:17:59.096038,1779369479.0960386,NEW_SAMPLE,,,,,30,other,,[DATA] class=other (n=30)
2026-05-21T16:18:00.844749,1779369480.8447492,FL,,,,,,,Local training (4-class cross-entropy),[FL] Local training (4-class cross-entropy)
2026-05-21T16:18:00.982839,1779369480.9828393,TRAIN_EPOCH,0,0.5137,86.7,,,,,  Epoch  0  Loss=0.5137  Acc=86.7%
2026-05-21T16:18:01.131193,1779369481.1311934,TRAIN_EPOCH,1,0.4952,83.3,,,,,  Epoch  1  Loss=0.4952  Acc=83.3%
2026-05-21T16:18:01.280854,1779369481.2808542,TRAIN_EPOCH,2,0.467,86.7,,,,,  Epoch  2  Loss=0.4670  Acc=86.7%
2026-05-21T16:18:01.429260,1779369481.4292607,TRAIN_EPOCH,3,0.4582,86.7,,,,,  Epoch  3  Loss=0.4582  Acc=86.7%
2026-05-21T16:18:01.588029,1779369481.5880291,TRAIN_EPOCH,4,0.4479,86.7,,,,,  Epoch  4  Loss=0.4479  Acc=86.7%
2026-05-21T16:18:01.735337,1779369481.7353375,TRAIN_EPOCH,5,0.4413,86.7,,,,,  Epoch  5  Loss=0.4413  Acc=86.7%
2026-05-21T16:18:01.884596,1779369481.8845966,TRAIN_EPOCH,6,0.4348,86.7,,,,,  Epoch  6  Loss=0.4348  Acc=86.7%
2026-05-21T16:18:02.033030,1779369482.03303,TRAIN_EPOCH,7,0.4291,90.0,,,,,  Epoch  7  Loss=0.4291  Acc=90.0%
2026-05-21T16:18:02.182587,1779369482.1825871,TRAIN_EPOCH,8,0.4239,90.0,,,,,  Epoch  8  Loss=0.4239  Acc=90.0%
2026-05-21T16:18:02.327890,1779369482.3278904,TRAIN_EPOCH,9,0.4189,90.0,,,,,  Epoch  9  Loss=0.4189  Acc=90.0%
2026-05-21T16:18:02.482918,1779369482.4829187,TRAIN_EPOCH,10,0.4143,90.0,,,,,  Epoch 10  Loss=0.4143  Acc=90.0%
2026-05-21T16:18:02.630990,1779369482.6309905,TRAIN_EPOCH,11,0.4098,90.0,,,,,  Epoch 11  Loss=0.4098  Acc=90.0%
2026-05-21T16:18:02.788777,1779369482.788777,TRAIN_EPOCH,12,0.4056,90.0,,,,,  Epoch 12  Loss=0.4056  Acc=90.0%
2026-05-21T16:18:02.937026,1779369482.937026,TRAIN_EPOCH,13,0.4016,90.0,,,,,  Epoch 13  Loss=0.4016  Acc=90.0%
2026-05-21T16:18:03.085799,1779369483.085799,TRAIN_EPOCH,14,0.3978,90.0,,,,,  Epoch 14  Loss=0.3978  Acc=90.0%
2026-05-21T16:18:03.087806,1779369483.0878062,VALIDATION,,,,80.0,10,,,[ACCURACY] Validation: 80.0% (n=10)
2026-05-21T16:18:03.091296,1779369483.0912964,FL,,,,,,,"B1 pre-pack: min=-10.1178, max=8.0517, mean=0.4369","[FL] B1 pre-pack: min=-10.1178, max=8.0517, mean=0.4369"
2026-05-21T16:18:03.093257,1779369483.0932572,FL,,,,,,,Model sent (72 bytes),[FL] Model sent (72 bytes)
2026-05-21T16:18:03.095304,1779369483.095305,NEW_SAMPLE,,,,,30,dog,,[DATA] class=dog (n=30)
2026-05-21T16:18:03.276763,1779369483.276764,BLE,,,,,,,Received global model (64 bytes),[BLE] Received global model (64 bytes)
2026-05-21T16:18:03.278879,1779369483.2788794,FL,,,,,,,Global model updated (Adam reset),[FL] Global model updated (Adam reset)
2026-05-21T16:18:03.280577,1779369483.280577,FL,,,,,,,"B1 unpacked: min=-9.8425, max=7.3228, mean=0.4183","[FL] B1 unpacked: min=-9.8425, max=7.3228, mean=0.4183"
2026-05-21T16:18:05.098284,1779369485.0982842,NEW_SAMPLE,,,,,30,cat,,[DATA] class=cat (n=30)
2026-05-21T16:18:07.098165,1779369487.0981658,NEW_SAMPLE,,,,,30,cat,,[DATA] class=cat (n=30)
2026-05-21T16:18:09.097730,1779369489.0977304,NEW_SAMPLE,,,,,30,other,,[DATA] class=other (n=30)
2026-05-21T16:18:11.099294,1779369491.0992942,NEW_SAMPLE,,,,,30,cat,,[DATA] class=cat (n=30)
2026-05-21T16:18:13.099554,1779369493.0995545,NEW_SAMPLE,,,,,30,cat,,[DATA] class=cat (n=30)
2026-05-21T16:18:15.096360,1779369495.0963604,NEW_SAMPLE,,,,,30,other,,[DATA] class=other (n=30)
2026-05-21T16:18:17.092690,1779369497.0926902,NEW_SAMPLE,,,,,30,other,,[DATA] class=other (n=30)
2026-05-21T16:18:19.096798,1779369499.096798,NEW_SAMPLE,,,,,30,horse,,[DATA] class=horse (n=30)
2026-05-21T16:18:20.842010,1779369500.8420103,FL,,,,,,,Local training (4-class cross-entropy),[FL] Local training (4-class cross-entropy)
2026-05-21T16:18:20.978893,1779369500.9788938,TRAIN_EPOCH,0,0.6045,80.0,,,,,  Epoch  0  Loss=0.6045  Acc=80.0%
2026-05-21T16:18:21.129503,1779369501.1295037,TRAIN_EPOCH,1,0.5692,80.0,,,,,  Epoch  1  Loss=0.5692  Acc=80.0%
2026-05-21T16:18:21.286833,1779369501.2868335,TRAIN_EPOCH,2,0.5563,80.0,,,,,  Epoch  2  Loss=0.5563  Acc=80.0%
2026-05-21T16:18:21.432864,1779369501.4328647,TRAIN_EPOCH,3,0.5412,80.0,,,,,  Epoch  3  Loss=0.5412  Acc=80.0%
2026-05-21T16:18:21.580066,1779369501.580067,TRAIN_EPOCH,4,0.538,80.0,,,,,  Epoch  4  Loss=0.5380  Acc=80.0%
2026-05-21T16:18:21.730289,1779369501.73029,TRAIN_EPOCH,5,0.5325,76.7,,,,,  Epoch  5  Loss=0.5325  Acc=76.7%
2026-05-21T16:18:21.877265,1779369501.8772652,TRAIN_EPOCH,6,0.5278,76.7,,,,,  Epoch  6  Loss=0.5278  Acc=76.7%
2026-05-21T16:18:22.034954,1779369502.0349548,TRAIN_EPOCH,7,0.5234,76.7,,,,,  Epoch  7  Loss=0.5234  Acc=76.7%
2026-05-21T16:18:22.185937,1779369502.1859374,TRAIN_EPOCH,8,0.52,76.7,,,,,  Epoch  8  Loss=0.5200  Acc=76.7%
2026-05-21T16:18:22.333109,1779369502.33311,TRAIN_EPOCH,9,0.5159,76.7,,,,,  Epoch  9  Loss=0.5159  Acc=76.7%
2026-05-21T16:18:22.481198,1779369502.481198,TRAIN_EPOCH,10,0.5125,76.7,,,,,  Epoch 10  Loss=0.5125  Acc=76.7%
2026-05-21T16:18:22.629341,1779369502.6293414,TRAIN_EPOCH,11,0.5093,76.7,,,,,  Epoch 11  Loss=0.5093  Acc=76.7%
2026-05-21T16:18:22.786626,1779369502.786626,TRAIN_EPOCH,12,0.5063,76.7,,,,,  Epoch 12  Loss=0.5063  Acc=76.7%
2026-05-21T16:18:22.936383,1779369502.9363835,TRAIN_EPOCH,13,0.5035,76.7,,,,,  Epoch 13  Loss=0.5035  Acc=76.7%
2026-05-21T16:18:23.084134,1779369503.084134,TRAIN_EPOCH,14,0.5009,76.7,,,,,  Epoch 14  Loss=0.5009  Acc=76.7%
2026-05-21T16:18:23.088687,1779369503.0886874,VALIDATION,,,,80.0,10,,,[ACCURACY] Validation: 80.0% (n=10)
2026-05-21T16:18:23.091245,1779369503.0912454,FL,,,,,,,"B1 pre-pack: min=-9.3924, max=7.4102, mean=0.3526","[FL] B1 pre-pack: min=-9.3924, max=7.4102, mean=0.3526"
2026-05-21T16:18:23.094204,1779369503.0942047,FL,,,,,,,Model sent (72 bytes),[FL] Model sent (72 bytes)
2026-05-21T16:18:23.094204,1779369503.0942047,NEW_SAMPLE,,,,,30,other,,[DATA] class=other (n=30)
2026-05-21T16:18:23.253418,1779369503.2534182,BLE,,,,,,,Received global model (64 bytes),[BLE] Received global model (64 bytes)
2026-05-21T16:18:23.255411,1779369503.2554116,FL,,,,,,,Global model updated (Adam reset),[FL] Global model updated (Adam reset)
2026-05-21T16:18:23.259031,1779369503.2590313,FL,,,,,,,"B1 unpacked: min=-9.6063, max=7.4016, mean=0.3789","[FL] B1 unpacked: min=-9.6063, max=7.4016, mean=0.3789"
2026-05-21T16:18:25.100427,1779369505.1004276,NEW_SAMPLE,,,,,30,other,,[DATA] class=other (n=30)
2026-05-21T16:18:27.100392,1779369507.100392,NEW_SAMPLE,,,,,30,dog,,[DATA] class=dog (n=30)
2026-05-21T16:18:29.096358,1779369509.096359,NEW_SAMPLE,,,,,30,other,,[DATA] class=other (n=30)
2026-05-21T16:18:31.099225,1779369511.0992253,NEW_SAMPLE,,,,,30,horse,,[DATA] class=horse (n=30)
2026-05-21T16:18:33.096847,1779369513.0968478,NEW_SAMPLE,,,,,30,cat,,[DATA] class=cat (n=30)
2026-05-21T16:18:35.091638,1779369515.0916386,NEW_SAMPLE,,,,,30,other,,[DATA] class=other (n=30)
2026-05-21T16:18:37.099822,1779369517.0998228,NEW_SAMPLE,,,,,30,dog,,[DATA] class=dog (n=30)
2026-05-21T16:18:39.098109,1779369519.0981092,NEW_SAMPLE,,,,,30,horse,,[DATA] class=horse (n=30)
2026-05-21T16:18:40.843046,1779369520.8430464,FL,,,,,,,Local training (4-class cross-entropy),[FL] Local training (4-class cross-entropy)
2026-05-21T16:18:40.978748,1779369520.9787486,TRAIN_EPOCH,0,0.8448,70.0,,,,,  Epoch  0  Loss=0.8448  Acc=70.0%
2026-05-21T16:18:41.134978,1779369521.1349785,TRAIN_EPOCH,1,0.7712,63.3,,,,,  Epoch  1  Loss=0.7712  Acc=63.3%
2026-05-21T16:18:41.283000,1779369521.283001,TRAIN_EPOCH,2,0.7205,63.3,,,,,  Epoch  2  Loss=0.7205  Acc=63.3%
2026-05-21T16:18:41.431847,1779369521.431847,TRAIN_EPOCH,3,0.6906,70.0,,,,,  Epoch  3  Loss=0.6906  Acc=70.0%
2026-05-21T16:18:41.579056,1779369521.579056,TRAIN_EPOCH,4,0.6699,70.0,,,,,  Epoch  4  Loss=0.6699  Acc=70.0%
2026-05-21T16:18:41.728505,1779369521.7285058,TRAIN_EPOCH,5,0.6552,70.0,,,,,  Epoch  5  Loss=0.6552  Acc=70.0%
2026-05-21T16:18:41.887445,1779369521.8874457,TRAIN_EPOCH,6,0.6438,73.3,,,,,  Epoch  6  Loss=0.6438  Acc=73.3%
2026-05-21T16:18:42.036372,1779369522.0363722,TRAIN_EPOCH,7,0.6342,73.3,,,,,  Epoch  7  Loss=0.6342  Acc=73.3%
2026-05-21T16:18:42.184270,1779369522.1842704,TRAIN_EPOCH,8,0.6257,73.3,,,,,  Epoch  8  Loss=0.6257  Acc=73.3%
2026-05-21T16:18:42.333124,1779369522.3331242,TRAIN_EPOCH,9,0.6181,73.3,,,,,  Epoch  9  Loss=0.6181  Acc=73.3%
2026-05-21T16:18:42.480721,1779369522.4807212,TRAIN_EPOCH,10,0.6113,73.3,,,,,  Epoch 10  Loss=0.6113  Acc=73.3%
2026-05-21T16:18:42.629757,1779369522.6297576,TRAIN_EPOCH,11,0.6053,73.3,,,,,  Epoch 11  Loss=0.6053  Acc=73.3%
2026-05-21T16:18:42.788799,1779369522.788799,TRAIN_EPOCH,12,0.6,73.3,,,,,  Epoch 12  Loss=0.6000  Acc=73.3%
2026-05-21T16:18:42.935128,1779369522.9351282,TRAIN_EPOCH,13,0.5963,73.3,,,,,  Epoch 13  Loss=0.5963  Acc=73.3%
2026-05-21T16:18:43.084462,1779369523.0844624,TRAIN_EPOCH,14,0.5919,73.3,,,,,  Epoch 14  Loss=0.5919  Acc=73.3%
2026-05-21T16:18:43.088476,1779369523.088477,VALIDATION,,,,70.0,10,,,[ACCURACY] Validation: 70.0% (n=10)
2026-05-21T16:18:43.091029,1779369523.0910294,FL,,,,,,,"B1 pre-pack: min=-9.7333, max=7.5015, mean=0.3626","[FL] B1 pre-pack: min=-9.7333, max=7.5015, mean=0.3626"
2026-05-21T16:18:43.094023,1779369523.094023,FL,,,,,,,Model sent (72 bytes),[FL] Model sent (72 bytes)
2026-05-21T16:18:43.094973,1779369523.094973,NEW_SAMPLE,,,,,30,cat,,[DATA] class=cat (n=30)
2026-05-21T16:18:43.232052,1779369523.2320526,BLE,,,,,,,Received global model (64 bytes),[BLE] Received global model (64 bytes)
2026-05-21T16:18:43.233974,1779369523.2339745,FL,,,,,,,Global model updated (Adam reset),[FL] Global model updated (Adam reset)
2026-05-21T16:18:43.235006,1779369523.235006,FL,,,,,,,"B1 unpacked: min=-9.6850, max=7.4016, mean=0.3691","[FL] B1 unpacked: min=-9.6850, max=7.4016, mean=0.3691"
2026-05-21T16:18:45.092946,1779369525.0929468,NEW_SAMPLE,,,,,30,cat,,[DATA] class=cat (n=30)
2026-05-21T16:18:47.100670,1779369527.1006708,NEW_SAMPLE,,,,,30,other,,[DATA] class=other (n=30)
2026-05-21T16:18:49.097535,1779369529.0975351,NEW_SAMPLE,,,,,30,dog,,[DATA] class=dog (n=30)
2026-05-21T16:18:51.100995,1779369531.1009958,NEW_SAMPLE,,,,,30,other,,[DATA] class=other (n=30)
2026-05-21T16:18:53.100289,1779369533.100289,NEW_SAMPLE,,,,,30,dog,,[DATA] class=dog (n=30)
2026-05-21T16:18:55.100929,1779369535.1009297,NEW_SAMPLE,,,,,30,other,,[DATA] class=other (n=30)
2026-05-21T16:18:57.099230,1779369537.0992305,NEW_SAMPLE,,,,,30,horse,,[DATA] class=horse (n=30)
2026-05-21T16:18:59.096052,1779369539.096052,NEW_SAMPLE,,,,,30,dog,,[DATA] class=dog (n=30)
2026-05-21T16:19:00.847161,1779369540.8471613,FL,,,,,,,Local training (4-class cross-entropy),[FL] Local training (4-class cross-entropy)
2026-05-21T16:19:00.984135,1779369540.9841356,TRAIN_EPOCH,0,0.8768,70.0,,,,,  Epoch  0  Loss=0.8768  Acc=70.0%
2026-05-21T16:19:01.131319,1779369541.1313195,TRAIN_EPOCH,1,0.7295,70.0,,,,,  Epoch  1  Loss=0.7295  Acc=70.0%
2026-05-21T16:19:01.280440,1779369541.2804406,TRAIN_EPOCH,2,0.7242,70.0,,,,,  Epoch  2  Loss=0.7242  Acc=70.0%
2026-05-21T16:19:01.428297,1779369541.4282973,TRAIN_EPOCH,3,0.6896,70.0,,,,,  Epoch  3  Loss=0.6896  Acc=70.0%
2026-05-21T16:19:01.587051,1779369541.5870516,TRAIN_EPOCH,4,0.6695,70.0,,,,,  Epoch  4  Loss=0.6695  Acc=70.0%
2026-05-21T16:19:01.736771,1779369541.736771,TRAIN_EPOCH,5,0.648,70.0,,,,,  Epoch  5  Loss=0.6480  Acc=70.0%
2026-05-21T16:19:01.886479,1779369541.8864799,TRAIN_EPOCH,6,0.6387,70.0,,,,,  Epoch  6  Loss=0.6387  Acc=70.0%
2026-05-21T16:19:02.034839,1779369542.0348394,TRAIN_EPOCH,7,0.6273,70.0,,,,,  Epoch  7  Loss=0.6273  Acc=70.0%
2026-05-21T16:19:02.184213,1779369542.1842132,TRAIN_EPOCH,8,0.6183,70.0,,,,,  Epoch  8  Loss=0.6183  Acc=70.0%
2026-05-21T16:19:02.333477,1779369542.3334773,TRAIN_EPOCH,9,0.6106,70.0,,,,,  Epoch  9  Loss=0.6106  Acc=70.0%
2026-05-21T16:19:02.482080,1779369542.4820807,TRAIN_EPOCH,10,0.6039,70.0,,,,,  Epoch 10  Loss=0.6039  Acc=70.0%
2026-05-21T16:19:02.630174,1779369542.630174,TRAIN_EPOCH,11,0.5992,70.0,,,,,  Epoch 11  Loss=0.5992  Acc=70.0%
2026-05-21T16:19:02.787497,1779369542.787497,TRAIN_EPOCH,12,0.5928,70.0,,,,,  Epoch 12  Loss=0.5928  Acc=70.0%
2026-05-21T16:19:02.933909,1779369542.9339101,TRAIN_EPOCH,13,0.5878,70.0,,,,,  Epoch 13  Loss=0.5878  Acc=70.0%
2026-05-21T16:19:03.093693,1779369543.093693,TRAIN_EPOCH,14,0.5834,70.0,,,,,  Epoch 14  Loss=0.5834  Acc=70.0%
2026-05-21T16:19:03.096690,1779369543.0966904,VALIDATION,,,,60.0,10,,,[ACCURACY] Validation: 60.0% (n=10)
2026-05-21T16:19:03.099242,1779369543.0992422,FL,,,,,,,"B1 pre-pack: min=-9.5994, max=7.4279, mean=0.3494","[FL] B1 pre-pack: min=-9.5994, max=7.4279, mean=0.3494"
2026-05-21T16:19:03.100234,1779369543.1002347,FL,,,,,,,Model sent (72 bytes),[FL] Model sent (72 bytes)
2026-05-21T16:19:03.101220,1779369543.1012206,NEW_SAMPLE,,,,,30,dog,,[DATA] class=dog (n=30)
2026-05-21T16:19:03.218773,1779369543.2187734,BLE,,,,,,,Received global model (64 bytes),[BLE] Received global model (64 bytes)
2026-05-21T16:19:03.219767,1779369543.2197678,FL,,,,,,,Global model updated (Adam reset),[FL] Global model updated (Adam reset)
2026-05-21T16:19:03.220764,1779369543.2207646,FL,,,,,,,"B1 unpacked: min=-9.6850, max=7.4016, mean=0.3568","[FL] B1 unpacked: min=-9.6850, max=7.4016, mean=0.3568"
2026-05-21T16:19:05.092151,1779369545.0921516,NEW_SAMPLE,,,,,30,cat,,[DATA] class=cat (n=30)
2026-05-21T16:19:07.097984,1779369547.0979848,NEW_SAMPLE,,,,,30,other,,[DATA] class=other (n=30)
2026-05-21T16:19:09.096439,1779369549.0964391,NEW_SAMPLE,,,,,30,other,,[DATA] class=other (n=30)
2026-05-21T16:19:11.093101,1779369551.093101,NEW_SAMPLE,,,,,30,cat,,[DATA] class=cat (n=30)
2026-05-21T16:19:13.091530,1779369553.09153,NEW_SAMPLE,,,,,30,horse,,[DATA] class=horse (n=30)
2026-05-21T16:19:15.099175,1779369555.099176,NEW_SAMPLE,,,,,30,dog,,[DATA] class=dog (n=30)
2026-05-21T16:19:17.094328,1779369557.0943284,NEW_SAMPLE,,,,,30,dog,,[DATA] class=dog (n=30)
2026-05-21T16:19:19.093713,1779369559.0937135,NEW_SAMPLE,,,,,30,cat,,[DATA] class=cat (n=30)
2026-05-21T16:19:20.840496,1779369560.840496,FL,,,,,,,Local training (4-class cross-entropy),[FL] Local training (4-class cross-entropy)
2026-05-21T16:19:20.978496,1779369560.9784968,TRAIN_EPOCH,0,0.6427,76.7,,,,,  Epoch  0  Loss=0.6427  Acc=76.7%
2026-05-21T16:19:21.127262,1779369561.1272628,TRAIN_EPOCH,1,0.5426,73.3,,,,,  Epoch  1  Loss=0.5426  Acc=73.3%
2026-05-21T16:19:21.284066,1779369561.284066,TRAIN_EPOCH,2,0.5376,70.0,,,,,  Epoch  2  Loss=0.5376  Acc=70.0%
2026-05-21T16:19:21.431942,1779369561.4319422,TRAIN_EPOCH,3,0.5183,70.0,,,,,  Epoch  3  Loss=0.5183  Acc=70.0%
2026-05-21T16:19:21.578832,1779369561.5788326,TRAIN_EPOCH,4,0.509,70.0,,,,,  Epoch  4  Loss=0.5090  Acc=70.0%
2026-05-21T16:19:21.736987,1779369561.7369874,TRAIN_EPOCH,5,0.4996,70.0,,,,,  Epoch  5  Loss=0.4996  Acc=70.0%
2026-05-21T16:19:21.885140,1779369561.8851402,TRAIN_EPOCH,6,0.4921,73.3,,,,,  Epoch  6  Loss=0.4921  Acc=73.3%
2026-05-21T16:19:22.033224,1779369562.0332243,TRAIN_EPOCH,7,0.4859,76.7,,,,,  Epoch  7  Loss=0.4859  Acc=76.7%
2026-05-21T16:19:22.181214,1779369562.1812139,TRAIN_EPOCH,8,0.4809,83.3,,,,,  Epoch  8  Loss=0.4809  Acc=83.3%
2026-05-21T16:19:22.330089,1779369562.3300898,TRAIN_EPOCH,9,0.4764,83.3,,,,,  Epoch  9  Loss=0.4764  Acc=83.3%
2026-05-21T16:19:22.477757,1779369562.4777577,TRAIN_EPOCH,10,0.4724,80.0,,,,,  Epoch 10  Loss=0.4724  Acc=80.0%
2026-05-21T16:19:22.635102,1779369562.6351023,TRAIN_EPOCH,11,0.4691,80.0,,,,,  Epoch 11  Loss=0.4691  Acc=80.0%
2026-05-21T16:19:22.783089,1779369562.7830894,TRAIN_EPOCH,12,0.4661,80.0,,,,,  Epoch 12  Loss=0.4661  Acc=80.0%
2026-05-21T16:19:22.930030,1779369562.9300303,TRAIN_EPOCH,13,0.4633,80.0,,,,,  Epoch 13  Loss=0.4633  Acc=80.0%
2026-05-21T16:19:23.087567,1779369563.087567,TRAIN_EPOCH,14,0.4608,80.0,,,,,  Epoch 14  Loss=0.4608  Acc=80.0%
2026-05-21T16:19:23.090184,1779369563.0901842,VALIDATION,,,,90.0,10,,,[ACCURACY] Validation: 90.0% (n=10)
2026-05-21T16:19:23.093174,1779369563.0931742,FL,,,,,,,"B1 pre-pack: min=-9.6292, max=7.4588, mean=0.3494","[FL] B1 pre-pack: min=-9.6292, max=7.4588, mean=0.3494"
2026-05-21T16:19:23.094125,1779369563.094125,FL,,,,,,,Model sent (72 bytes),[FL] Model sent (72 bytes)
2026-05-21T16:19:23.094125,1779369563.094125,NEW_SAMPLE,,,,,30,dog,,[DATA] class=dog (n=30)
2026-05-21T16:19:23.251160,1779369563.2511606,BLE,,,,,,,Received global model (64 bytes),[BLE] Received global model (64 bytes)
2026-05-21T16:19:23.254234,1779369563.2542343,FL,,,,,,,Global model updated (Adam reset),[FL] Global model updated (Adam reset)
2026-05-21T16:19:23.255267,1779369563.2552676,FL,,,,,,,"B1 unpacked: min=-9.6063, max=7.4803, mean=0.3593","[FL] B1 unpacked: min=-9.6063, max=7.4803, mean=0.3593"
2026-05-21T16:19:25.094859,1779369565.0948596,NEW_SAMPLE,,,,,30,horse,,[DATA] class=horse (n=30)
2026-05-21T16:19:27.094303,1779369567.094304,NEW_SAMPLE,,,,,30,other,,[DATA] class=other (n=30)
2026-05-21T16:19:29.093373,1779369569.0933733,NEW_SAMPLE,,,,,30,other,,[DATA] class=other (n=30)
2026-05-21T16:19:31.098411,1779369571.0984116,NEW_SAMPLE,,,,,30,horse,,[DATA] class=horse (n=30)
2026-05-21T16:19:33.098039,1779369573.0980399,NEW_SAMPLE,,,,,30,cat,,[DATA] class=cat (n=30)
2026-05-21T16:19:35.092063,1779369575.0920634,NEW_SAMPLE,,,,,30,cat,,[DATA] class=cat (n=30)
2026-05-21T16:19:37.098743,1779369577.098744,NEW_SAMPLE,,,,,30,cat,,[DATA] class=cat (n=30)
2026-05-21T16:19:39.096339,1779369579.0963397,NEW_SAMPLE,,,,,30,horse,,[DATA] class=horse (n=30)
2026-05-21T16:19:40.844641,1779369580.844641,FL,,,,,,,Local training (4-class cross-entropy),[FL] Local training (4-class cross-entropy)
2026-05-21T16:19:40.981956,1779369580.981956,TRAIN_EPOCH,0,0.8328,70.0,,,,,  Epoch  0  Loss=0.8328  Acc=70.0%
2026-05-21T16:19:41.129349,1779369581.1293497,TRAIN_EPOCH,1,0.7045,70.0,,,,,  Epoch  1  Loss=0.7045  Acc=70.0%
2026-05-21T16:19:41.277203,1779369581.2772028,TRAIN_EPOCH,2,0.6914,70.0,,,,,  Epoch  2  Loss=0.6914  Acc=70.0%
2026-05-21T16:19:41.436129,1779369581.4361296,TRAIN_EPOCH,3,0.6905,70.0,,,,,  Epoch  3  Loss=0.6905  Acc=70.0%
2026-05-21T16:19:41.584870,1779369581.5848706,TRAIN_EPOCH,4,0.6828,70.0,,,,,  Epoch  4  Loss=0.6828  Acc=70.0%
2026-05-21T16:19:41.733112,1779369581.7331123,TRAIN_EPOCH,5,0.681,70.0,,,,,  Epoch  5  Loss=0.6810  Acc=70.0%
2026-05-21T16:19:41.881936,1779369581.8819363,TRAIN_EPOCH,6,0.6707,70.0,,,,,  Epoch  6  Loss=0.6707  Acc=70.0%
2026-05-21T16:19:42.029413,1779369582.0294135,TRAIN_EPOCH,7,0.6685,70.0,,,,,  Epoch  7  Loss=0.6685  Acc=70.0%
2026-05-21T16:19:42.186503,1779369582.1865034,TRAIN_EPOCH,8,0.6631,70.0,,,,,  Epoch  8  Loss=0.6631  Acc=70.0%
2026-05-21T16:19:42.333826,1779369582.3338265,TRAIN_EPOCH,9,0.6574,70.0,,,,,  Epoch  9  Loss=0.6574  Acc=70.0%
2026-05-21T16:19:42.483066,1779369582.4830666,TRAIN_EPOCH,10,0.6531,70.0,,,,,  Epoch 10  Loss=0.6531  Acc=70.0%
2026-05-21T16:19:42.631386,1779369582.6313863,TRAIN_EPOCH,11,0.649,70.0,,,,,  Epoch 11  Loss=0.6490  Acc=70.0%
2026-05-21T16:19:42.780708,1779369582.7807083,TRAIN_EPOCH,12,0.6455,70.0,,,,,  Epoch 12  Loss=0.6455  Acc=70.0%
2026-05-21T16:19:42.939548,1779369582.9395487,TRAIN_EPOCH,13,0.6409,70.0,,,,,  Epoch 13  Loss=0.6409  Acc=70.0%
2026-05-21T16:19:43.088631,1779369583.0886314,TRAIN_EPOCH,14,0.6387,70.0,,,,,  Epoch 14  Loss=0.6387  Acc=70.0%
2026-05-21T16:19:43.089663,1779369583.0896633,VALIDATION,,,,50.0,10,,,[ACCURACY] Validation: 50.0% (n=10)
2026-05-21T16:19:43.090663,1779369583.0906637,FL,,,,,,,"B1 pre-pack: min=-9.8244, max=7.8968, mean=0.3589","[FL] B1 pre-pack: min=-9.8244, max=7.8968, mean=0.3589"
2026-05-21T16:19:43.093148,1779369583.0931487,FL,,,,,,,Model sent (72 bytes),[FL] Model sent (72 bytes)
2026-05-21T16:19:43.093992,1779369583.0939922,NEW_SAMPLE,,,,,30,other,,[DATA] class=other (n=30)
2026-05-21T16:19:43.233701,1779369583.233702,BLE,,,,,,,Received global model (64 bytes),[BLE] Received global model (64 bytes)
2026-05-21T16:19:43.235648,1779369583.235648,FL,,,,,,,Global model updated (Adam reset),[FL] Global model updated (Adam reset)
2026-05-21T16:19:43.237638,1779369583.2376385,FL,,,,,,,"B1 unpacked: min=-9.7638, max=7.6378, mean=0.3543","[FL] B1 unpacked: min=-9.7638, max=7.6378, mean=0.3543"
2026-05-21T16:19:45.099580,1779369585.099581,NEW_SAMPLE,,,,,30,horse,,[DATA] class=horse (n=30)
2026-05-21T16:19:47.097607,1779369587.0976079,NEW_SAMPLE,,,,,30,other,,[DATA] class=other (n=30)
2026-05-21T16:19:49.093387,1779369589.0933878,NEW_SAMPLE,,,,,30,other,,[DATA] class=other (n=30)
2026-05-21T16:19:51.099675,1779369591.0996757,NEW_SAMPLE,,,,,30,horse,,[DATA] class=horse (n=30)
2026-05-21T16:19:53.098151,1779369593.0981512,NEW_SAMPLE,,,,,30,cat,,[DATA] class=cat (n=30)
2026-05-21T16:19:55.100013,1779369595.100013,NEW_SAMPLE,,,,,30,horse,,[DATA] class=horse (n=30)
2026-05-21T16:19:57.099339,1779369597.0993395,NEW_SAMPLE,,,,,30,cat,,[DATA] class=cat (n=30)
2026-05-21T16:19:59.095687,1779369599.0956876,NEW_SAMPLE,,,,,30,cat,,[DATA] class=cat (n=30)
2026-05-21T16:20:00.839544,1779369600.839544,FL,,,,,,,Local training (4-class cross-entropy),[FL] Local training (4-class cross-entropy)
2026-05-21T16:20:00.977004,1779369600.9770045,TRAIN_EPOCH,0,0.7965,63.3,,,,,  Epoch  0  Loss=0.7965  Acc=63.3%
2026-05-21T16:20:01.136300,1779369601.1363003,TRAIN_EPOCH,1,0.7278,60.0,,,,,  Epoch  1  Loss=0.7278  Acc=60.0%
2026-05-21T16:20:01.283197,1779369601.2831974,TRAIN_EPOCH,2,0.7045,63.3,,,,,  Epoch  2  Loss=0.7045  Acc=63.3%
2026-05-21T16:20:01.430561,1779369601.4305618,TRAIN_EPOCH,3,0.6899,63.3,,,,,  Epoch  3  Loss=0.6899  Acc=63.3%
2026-05-21T16:20:01.580230,1779369601.5802302,TRAIN_EPOCH,4,0.6802,63.3,,,,,  Epoch  4  Loss=0.6802  Acc=63.3%
2026-05-21T16:20:01.727739,1779369601.7277393,TRAIN_EPOCH,5,0.669,70.0,,,,,  Epoch  5  Loss=0.6690  Acc=70.0%
2026-05-21T16:20:01.885145,1779369601.8851457,TRAIN_EPOCH,6,0.66,70.0,,,,,  Epoch  6  Loss=0.6600  Acc=70.0%
2026-05-21T16:20:02.033468,1779369602.0334687,TRAIN_EPOCH,7,0.6572,70.0,,,,,  Epoch  7  Loss=0.6572  Acc=70.0%
2026-05-21T16:20:02.181108,1779369602.1811082,TRAIN_EPOCH,8,0.6515,70.0,,,,,  Epoch  8  Loss=0.6515  Acc=70.0%
2026-05-21T16:20:02.327354,1779369602.3273542,TRAIN_EPOCH,9,0.6481,70.0,,,,,  Epoch  9  Loss=0.6481  Acc=70.0%
2026-05-21T16:20:02.483308,1779369602.483308,TRAIN_EPOCH,10,0.6445,70.0,,,,,  Epoch 10  Loss=0.6445  Acc=70.0%
2026-05-21T16:20:02.632712,1779369602.6327121,TRAIN_EPOCH,11,0.6411,70.0,,,,,  Epoch 11  Loss=0.6411  Acc=70.0%
2026-05-21T16:20:02.779223,1779369602.7792232,TRAIN_EPOCH,12,0.6377,70.0,,,,,  Epoch 12  Loss=0.6377  Acc=70.0%
2026-05-21T16:20:02.936713,1779369602.936713,TRAIN_EPOCH,13,0.6362,70.0,,,,,  Epoch 13  Loss=0.6362  Acc=70.0%
2026-05-21T16:20:03.083534,1779369603.083534,TRAIN_EPOCH,14,0.6319,70.0,,,,,  Epoch 14  Loss=0.6319  Acc=70.0%
2026-05-21T16:20:03.088025,1779369603.0880256,VALIDATION,,,,80.0,10,,,[ACCURACY] Validation: 80.0% (n=10)
2026-05-21T16:20:03.090021,1779369603.0900211,FL,,,,,,,"B1 pre-pack: min=-9.3293, max=7.6289, mean=0.2940","[FL] B1 pre-pack: min=-9.3293, max=7.6289, mean=0.2940"
2026-05-21T16:20:03.093065,1779369603.0930657,FL,,,,,,,Model sent (72 bytes),[FL] Model sent (72 bytes)
2026-05-21T16:20:03.093065,1779369603.0930657,NEW_SAMPLE,,,,,30,cat,,[DATA] class=cat (n=30)
2026-05-21T16:20:03.210899,1779369603.2108998,BLE,,,,,,,Received global model (64 bytes),[BLE] Received global model (64 bytes)
2026-05-21T16:20:03.215700,1779369603.2157006,FL,,,,,,,Global model updated (Adam reset),[FL] Global model updated (Adam reset)
2026-05-21T16:20:03.216712,1779369603.2167122,FL,,,,,,,"B1 unpacked: min=-9.5276, max=7.6378, mean=0.3223","[FL] B1 unpacked: min=-9.5276, max=7.6378, mean=0.3223"
2026-05-21T16:20:05.097374,1779369605.0973742,NEW_SAMPLE,,,,,30,dog,,[DATA] class=dog (n=30)
2026-05-21T16:20:07.096377,1779369607.0963776,NEW_SAMPLE,,,,,30,dog,,[DATA] class=dog (n=30)
2026-05-21T16:20:09.094929,1779369609.0949295,NEW_SAMPLE,,,,,30,other,,[DATA] class=other (n=30)
2026-05-21T16:20:11.097844,1779369611.0978444,NEW_SAMPLE,,,,,30,cat,,[DATA] class=cat (n=30)
2026-05-21T16:20:13.092319,1779369613.0923197,NEW_SAMPLE,,,,,30,other,,[DATA] class=other (n=30)
2026-05-21T16:20:15.091390,1779369615.0913906,NEW_SAMPLE,,,,,30,cat,,[DATA] class=cat (n=30)
2026-05-21T16:20:17.098603,1779369617.0986035,NEW_SAMPLE,,,,,30,cat,,[DATA] class=cat (n=30)
2026-05-21T16:20:19.092853,1779369619.0928535,NEW_SAMPLE,,,,,30,other,,[DATA] class=other (n=30)
2026-05-21T16:20:20.839993,1779369620.8399937,FL,,,,,,,Local training (4-class cross-entropy),[FL] Local training (4-class cross-entropy)
2026-05-21T16:20:20.985852,1779369620.985853,TRAIN_EPOCH,0,0.6128,66.7,,,,,  Epoch  0  Loss=0.6128  Acc=66.7%
2026-05-21T16:20:21.133615,1779369621.133615,TRAIN_EPOCH,1,0.5561,73.3,,,,,  Epoch  1  Loss=0.5561  Acc=73.3%
2026-05-21T16:20:21.282102,1779369621.282102,TRAIN_EPOCH,2,0.5451,76.7,,,,,  Epoch  2  Loss=0.5451  Acc=76.7%
2026-05-21T16:20:21.431226,1779369621.4312267,TRAIN_EPOCH,3,0.5367,76.7,,,,,  Epoch  3  Loss=0.5367  Acc=76.7%
2026-05-21T16:20:21.578684,1779369621.5786846,TRAIN_EPOCH,4,0.5296,76.7,,,,,  Epoch  4  Loss=0.5296  Acc=76.7%
2026-05-21T16:20:21.737008,1779369621.7370083,TRAIN_EPOCH,5,0.5238,76.7,,,,,  Epoch  5  Loss=0.5238  Acc=76.7%
2026-05-21T16:20:21.887225,1779369621.8872252,TRAIN_EPOCH,6,0.518,76.7,,,,,  Epoch  6  Loss=0.5180  Acc=76.7%
2026-05-21T16:20:22.035890,1779369622.03589,TRAIN_EPOCH,7,0.5142,76.7,,,,,  Epoch  7  Loss=0.5142  Acc=76.7%
2026-05-21T16:20:22.183164,1779369622.1831641,TRAIN_EPOCH,8,0.5102,76.7,,,,,  Epoch  8  Loss=0.5102  Acc=76.7%
2026-05-21T16:20:22.332029,1779369622.3320289,TRAIN_EPOCH,9,0.5069,76.7,,,,,  Epoch  9  Loss=0.5069  Acc=76.7%
2026-05-21T16:20:22.479639,1779369622.4796393,TRAIN_EPOCH,10,0.503,76.7,,,,,  Epoch 10  Loss=0.5030  Acc=76.7%
2026-05-21T16:20:22.629838,1779369622.629838,TRAIN_EPOCH,11,0.5008,76.7,,,,,  Epoch 11  Loss=0.5008  Acc=76.7%
2026-05-21T16:20:22.786715,1779369622.786716,TRAIN_EPOCH,12,0.4981,76.7,,,,,  Epoch 12  Loss=0.4981  Acc=76.7%
2026-05-21T16:20:22.934657,1779369622.934657,TRAIN_EPOCH,13,0.4956,76.7,,,,,  Epoch 13  Loss=0.4956  Acc=76.7%
2026-05-21T16:20:23.092650,1779369623.09265,TRAIN_EPOCH,14,0.4938,76.7,,,,,  Epoch 14  Loss=0.4938  Acc=76.7%
2026-05-21T16:20:23.093688,1779369623.093688,VALIDATION,,,,90.0,10,,,[ACCURACY] Validation: 90.0% (n=10)
2026-05-21T16:20:23.096684,1779369623.0966847,FL,,,,,,,"B1 pre-pack: min=-9.3439, max=7.3697, mean=0.2447","[FL] B1 pre-pack: min=-9.3439, max=7.3697, mean=0.2447"
2026-05-21T16:20:23.097676,1779369623.0976768,FL,,,,,,,Model sent (72 bytes),[FL] Model sent (72 bytes)
2026-05-21T16:20:23.098905,1779369623.0989056,NEW_SAMPLE,,,,,30,dog,,[DATA] class=dog (n=30)
2026-05-21T16:20:23.254330,1779369623.2543302,BLE,,,,,,,Received global model (64 bytes),[BLE] Received global model (64 bytes)
2026-05-21T16:20:23.255355,1779369623.2553554,FL,,,,,,,Global model updated (Adam reset),[FL] Global model updated (Adam reset)
2026-05-21T16:20:23.256566,1779369623.256566,FL,,,,,,,"B1 unpacked: min=-9.4488, max=7.5591, mean=0.2879","[FL] B1 unpacked: min=-9.4488, max=7.5591, mean=0.2879"
2026-05-21T16:20:25.098967,1779369625.0989676,NEW_SAMPLE,,,,,30,cat,,[DATA] class=cat (n=30)
2026-05-21T16:20:27.097292,1779369627.0972927,NEW_SAMPLE,,,,,30,dog,,[DATA] class=dog (n=30)
2026-05-21T16:20:29.095600,1779369629.0956004,NEW_SAMPLE,,,,,30,other,,[DATA] class=other (n=30)
2026-05-21T16:20:31.100208,1779369631.100209,NEW_SAMPLE,,,,,30,dog,,[DATA] class=dog (n=30)
2026-05-21T16:20:33.091998,1779369633.0919988,NEW_SAMPLE,,,,,30,cat,,[DATA] class=cat (n=30)
2026-05-21T16:20:35.100661,1779369635.1006615,NEW_SAMPLE,,,,,30,cat,,[DATA] class=cat (n=30)
2026-05-21T16:20:37.095758,1779369637.095758,NEW_SAMPLE,,,,,30,cat,,[DATA] class=cat (n=30)
2026-05-21T16:20:39.094423,1779369639.0944238,NEW_SAMPLE,,,,,30,dog,,[DATA] class=dog (n=30)
2026-05-21T16:20:40.838226,1779369640.838226,FL,,,,,,,Local training (4-class cross-entropy),[FL] Local training (4-class cross-entropy)
2026-05-21T16:20:40.985627,1779369640.985628,TRAIN_EPOCH,0,0.8458,70.0,,,,,  Epoch  0  Loss=0.8458  Acc=70.0%
2026-05-21T16:20:41.131541,1779369641.1315417,TRAIN_EPOCH,1,0.7726,70.0,,,,,  Epoch  1  Loss=0.7726  Acc=70.0%
2026-05-21T16:20:41.279664,1779369641.2796648,TRAIN_EPOCH,2,0.751,70.0,,,,,  Epoch  2  Loss=0.7510  Acc=70.0%
2026-05-21T16:20:41.438802,1779369641.4388027,TRAIN_EPOCH,3,0.7311,70.0,,,,,  Epoch  3  Loss=0.7311  Acc=70.0%
2026-05-21T16:20:41.586796,1779369641.5867968,TRAIN_EPOCH,4,0.7141,70.0,,,,,  Epoch  4  Loss=0.7141  Acc=70.0%
2026-05-21T16:20:41.729517,1779369641.729518,TRAIN_EPOCH,5,0.7007,73.3,,,,,  Epoch  5  Loss=0.7007  Acc=73.3%
2026-05-21T16:20:41.886087,1779369641.8860874,TRAIN_EPOCH,6,0.6963,73.3,,,,,  Epoch  6  Loss=0.6963  Acc=73.3%
2026-05-21T16:20:42.036664,1779369642.0366645,TRAIN_EPOCH,7,0.6746,73.3,,,,,  Epoch  7  Loss=0.6746  Acc=73.3%
2026-05-21T16:20:42.183527,1779369642.1835275,TRAIN_EPOCH,8,0.6639,73.3,,,,,  Epoch  8  Loss=0.6639  Acc=73.3%
2026-05-21T16:20:42.333221,1779369642.333222,TRAIN_EPOCH,9,0.655,76.7,,,,,  Epoch  9  Loss=0.6550  Acc=76.7%
2026-05-21T16:20:42.482045,1779369642.4820452,TRAIN_EPOCH,10,0.6463,76.7,,,,,  Epoch 10  Loss=0.6463  Acc=76.7%
2026-05-21T16:20:42.630762,1779369642.630762,TRAIN_EPOCH,11,0.6381,76.7,,,,,  Epoch 11  Loss=0.6381  Acc=76.7%
2026-05-21T16:20:42.789079,1779369642.7890797,TRAIN_EPOCH,12,0.6309,76.7,,,,,  Epoch 12  Loss=0.6309  Acc=76.7%
2026-05-21T16:20:42.937113,1779369642.937113,TRAIN_EPOCH,13,0.6242,76.7,,,,,  Epoch 13  Loss=0.6242  Acc=76.7%
2026-05-21T16:20:43.085012,1779369643.0850124,TRAIN_EPOCH,14,0.618,76.7,,,,,  Epoch 14  Loss=0.6180  Acc=76.7%
2026-05-21T16:20:43.088217,1779369643.0882175,VALIDATION,,,,80.0,10,,,[ACCURACY] Validation: 80.0% (n=10)
2026-05-21T16:20:43.088457,1779369643.0894861,FL,,,,,,,"B1 pre-pack: min=-8.1605, max=6.4110, mean=0.2282","[FL] B1 pre-pack: min=-8.1605, max=6.4110, mean=0.2282"
2026-05-21T16:20:43.092593,1779369643.0925937,FL,,,,,,,Model sent (72 bytes),[FL] Model sent (72 bytes)
2026-05-21T16:20:43.093160,1779369643.0931606,NEW_SAMPLE,,,,,30,cat,,[DATA] class=cat (n=30)
2026-05-21T16:20:43.241531,1779369643.2415318,BLE,,,,,,,Received global model (64 bytes),[BLE] Received global model (64 bytes)
2026-05-21T16:20:43.243524,1779369643.2435246,FL,,,,,,,Global model updated (Adam reset),[FL] Global model updated (Adam reset)
2026-05-21T16:20:43.245569,1779369643.2455695,FL,,,,,,,"B1 unpacked: min=-8.8189, max=6.9291, mean=0.2436","[FL] B1 unpacked: min=-8.8189, max=6.9291, mean=0.2436"
2026-05-21T16:20:45.091283,1779369645.091283,NEW_SAMPLE,,,,,30,dog,,[DATA] class=dog (n=30)
2026-05-21T16:20:47.093462,1779369647.0934627,NEW_SAMPLE,,,,,30,cat,,[DATA] class=cat (n=30)
2026-05-21T16:20:49.101252,1779369649.1012523,NEW_SAMPLE,,,,,30,other,,[DATA] class=other (n=30)
2026-05-21T16:20:51.094524,1779369651.0945244,NEW_SAMPLE,,,,,30,other,,[DATA] class=other (n=30)
2026-05-21T16:20:53.091360,1779369653.0913608,NEW_SAMPLE,,,,,30,dog,,[DATA] class=dog (n=30)
2026-05-21T16:20:55.097970,1779369655.0979707,NEW_SAMPLE,,,,,30,dog,,[DATA] class=dog (n=30)
2026-05-21T16:20:57.098129,1779369657.0981295,NEW_SAMPLE,,,,,30,other,,[DATA] class=other (n=30)
2026-05-21T16:20:59.095731,1779369659.0957317,NEW_SAMPLE,,,,,30,dog,,[DATA] class=dog (n=30)
2026-05-21T16:21:00.837296,1779369660.837297,FL,,,,,,,Local training (4-class cross-entropy),[FL] Local training (4-class cross-entropy)
2026-05-21T16:21:00.984582,1779369660.9845824,TRAIN_EPOCH,0,0.6995,70.0,,,,,  Epoch  0  Loss=0.6995  Acc=70.0%
2026-05-21T16:21:01.131656,1779369661.1316562,TRAIN_EPOCH,1,0.5952,76.7,,,,,  Epoch  1  Loss=0.5952  Acc=76.7%
2026-05-21T16:21:01.279839,1779369661.2798395,TRAIN_EPOCH,2,0.5437,83.3,,,,,  Epoch  2  Loss=0.5437  Acc=83.3%
2026-05-21T16:21:01.428578,1779369661.4285786,TRAIN_EPOCH,3,0.5132,83.3,,,,,  Epoch  3  Loss=0.5132  Acc=83.3%
2026-05-21T16:21:01.585657,1779369661.5856571,TRAIN_EPOCH,4,0.4906,86.7,,,,,  Epoch  4  Loss=0.4906  Acc=86.7%
2026-05-21T16:21:01.733808,1779369661.7338088,TRAIN_EPOCH,5,0.4736,86.7,,,,,  Epoch  5  Loss=0.4736  Acc=86.7%
2026-05-21T16:21:01.882940,1779369661.8829405,TRAIN_EPOCH,6,0.4597,93.3,,,,,  Epoch  6  Loss=0.4597  Acc=93.3%
2026-05-21T16:21:02.031444,1779369662.031445,TRAIN_EPOCH,7,0.448,93.3,,,,,  Epoch  7  Loss=0.4480  Acc=93.3%
2026-05-21T16:21:02.178266,1779369662.1782665,TRAIN_EPOCH,8,0.4381,93.3,,,,,  Epoch  8  Loss=0.4381  Acc=93.3%
2026-05-21T16:21:02.337550,1779369662.3375506,TRAIN_EPOCH,9,0.4293,93.3,,,,,  Epoch  9  Loss=0.4293  Acc=93.3%
2026-05-21T16:21:02.485642,1779369662.4856422,TRAIN_EPOCH,10,0.4215,93.3,,,,,  Epoch 10  Loss=0.4215  Acc=93.3%
2026-05-21T16:21:02.635495,1779369662.6354952,TRAIN_EPOCH,11,0.4142,93.3,,,,,  Epoch 11  Loss=0.4142  Acc=93.3%
2026-05-21T16:21:02.782529,1779369662.7835202,TRAIN_EPOCH,12,0.4075,93.3,,,,,  Epoch 12  Loss=0.4075  Acc=93.3%
2026-05-21T16:21:02.931022,1779369662.9310222,TRAIN_EPOCH,13,0.4013,93.3,,,,,  Epoch 13  Loss=0.4013  Acc=93.3%
2026-05-21T16:21:03.088886,1779369663.088886,TRAIN_EPOCH,14,0.3951,93.3,,,,,  Epoch 14  Loss=0.3951  Acc=93.3%
2026-05-21T16:21:03.089886,1779369663.089887,VALIDATION,,,,100.0,10,,,[ACCURACY] Validation: 100.0% (n=10)
2026-05-21T16:21:03.090884,1779369663.0908844,FL,,,,,,,"B1 pre-pack: min=-8.6874, max=6.3213, mean=0.2786","[FL] B1 pre-pack: min=-8.6874, max=6.3213, mean=0.2786"
2026-05-21T16:21:03.092874,1779369663.0928748,FL,,,,,,,Model sent (72 bytes),[FL] Model sent (72 bytes)
2026-05-21T16:21:03.093550,1779369663.0935507,NEW_SAMPLE,,,,,30,dog,,[DATA] class=dog (n=30)
2026-05-21T16:21:03.221014,1779369663.2210145,BLE,,,,,,,Received global model (64 bytes),[BLE] Received global model (64 bytes)
2026-05-21T16:21:03.224015,1779369663.2240155,FL,,,,,,,Global model updated (Adam reset),[FL] Global model updated (Adam reset)
2026-05-21T16:21:03.226000,1779369663.2259998,FL,,,,,,,"B1 unpacked: min=-8.7402, max=6.6142, mean=0.2707","[FL] B1 unpacked: min=-8.7402, max=6.6142, mean=0.2707"
2026-05-21T16:21:05.094106,1779369665.0941062,NEW_SAMPLE,,,,,30,horse,,[DATA] class=horse (n=30)
2026-05-21T16:21:07.094164,1779369667.094165,NEW_SAMPLE,,,,,30,other,,[DATA] class=other (n=30)
2026-05-21T16:21:09.099287,1779369669.0992875,NEW_SAMPLE,,,,,30,cat,,[DATA] class=cat (n=30)
2026-05-21T16:21:11.097201,1779369671.0972013,NEW_SAMPLE,,,,,30,dog,,[DATA] class=dog (n=30)
2026-05-21T16:21:13.091693,1779369673.0916939,NEW_SAMPLE,,,,,30,cat,,[DATA] class=cat (n=30)
2026-05-21T16:21:15.097997,1779369675.097998,NEW_SAMPLE,,,,,30,horse,,[DATA] class=horse (n=30)
2026-05-21T16:21:17.093730,1779369677.09373,NEW_SAMPLE,,,,,30,dog,,[DATA] class=dog (n=30)
2026-05-21T16:21:19.099972,1779369679.099972,NEW_SAMPLE,,,,,30,dog,,[DATA] class=dog (n=30)
2026-05-21T16:21:20.837473,1779369680.8374739,FL,,,,,,,Local training (4-class cross-entropy),[FL] Local training (4-class cross-entropy)
2026-05-21T16:21:20.975668,1779369680.975669,TRAIN_EPOCH,0,0.5237,80.0,,,,,  Epoch  0  Loss=0.5237  Acc=80.0%
2026-05-21T16:21:21.134281,1779369681.1342816,TRAIN_EPOCH,1,0.4547,83.3,,,,,  Epoch  1  Loss=0.4547  Acc=83.3%
2026-05-21T16:21:21.279931,1779369681.279932,TRAIN_EPOCH,2,0.4331,86.7,,,,,  Epoch  2  Loss=0.4331  Acc=86.7%
2026-05-21T16:21:21.427929,1779369681.4279292,TRAIN_EPOCH,3,0.4132,90.0,,,,,  Epoch  3  Loss=0.4132  Acc=90.0%
2026-05-21T16:21:21.586304,1779369681.5863042,TRAIN_EPOCH,4,0.3997,90.0,,,,,  Epoch  4  Loss=0.3997  Acc=90.0%
2026-05-21T16:21:21.735887,1779369681.7358875,TRAIN_EPOCH,5,0.3875,90.0,,,,,  Epoch  5  Loss=0.3875  Acc=90.0%
2026-05-21T16:21:21.884494,1779369681.884494,TRAIN_EPOCH,6,0.3786,90.0,,,,,  Epoch  6  Loss=0.3786  Acc=90.0%
2026-05-21T16:21:22.032981,1779369682.0329812,TRAIN_EPOCH,7,0.3702,90.0,,,,,  Epoch  7  Loss=0.3702  Acc=90.0%
2026-05-21T16:21:22.183653,1779369682.1836536,TRAIN_EPOCH,8,0.3636,90.0,,,,,  Epoch  8  Loss=0.3636  Acc=90.0%
2026-05-21T16:21:22.329696,1779369682.3296962,TRAIN_EPOCH,9,0.3576,90.0,,,,,  Epoch  9  Loss=0.3576  Acc=90.0%
2026-05-21T16:21:22.487273,1779369682.4872732,TRAIN_EPOCH,10,0.352,90.0,,,,,  Epoch 10  Loss=0.3520  Acc=90.0%
2026-05-21T16:21:22.635561,1779369682.6355612,TRAIN_EPOCH,11,0.347,90.0,,,,,  Epoch 11  Loss=0.3470  Acc=90.0%
2026-05-21T16:21:22.782390,1779369682.7823908,TRAIN_EPOCH,12,0.3425,90.0,,,,,  Epoch 12  Loss=0.3425  Acc=90.0%
2026-05-21T16:21:22.932308,1779369682.9323082,TRAIN_EPOCH,13,0.3384,90.0,,,,,  Epoch 13  Loss=0.3384  Acc=90.0%
2026-05-21T16:21:23.090199,1779369683.0901995,TRAIN_EPOCH,14,0.3347,90.0,,,,,  Epoch 14  Loss=0.3347  Acc=90.0%
2026-05-21T16:21:23.090199,1779369683.0901995,VALIDATION,,,,80.0,10,,,[ACCURACY] Validation: 80.0% (n=10)
2026-05-21T16:21:23.091161,1779369683.091161,FL,,,,,,,"B1 pre-pack: min=-8.4942, max=6.1206, mean=0.3043","[FL] B1 pre-pack: min=-8.4942, max=6.1206, mean=0.3043"
2026-05-21T16:21:23.092545,1779369683.092545,FL,,,,,,,Model sent (72 bytes),[FL] Model sent (72 bytes)
2026-05-21T16:21:23.092545,1779369683.092545,NEW_SAMPLE,,,,,30,cat,,[DATA] class=cat (n=30)
2026-05-21T16:21:23.261231,1779369683.2612314,BLE,,,,,,,Received global model (64 bytes),[BLE] Received global model (64 bytes)
2026-05-21T16:21:23.263236,1779369683.2632363,FL,,,,,,,Global model updated (Adam reset),[FL] Global model updated (Adam reset)
2026-05-21T16:21:23.266200,1779369683.2662005,FL,,,,,,,"B1 unpacked: min=-8.5827, max=6.2992, mean=0.2928","[FL] B1 unpacked: min=-8.5827, max=6.2992, mean=0.2928"
2026-05-21T16:21:25.098730,1779369685.0987308,NEW_SAMPLE,,,,,30,horse,,[DATA] class=horse (n=30)
2026-05-21T16:21:27.094022,1779369687.094022,NEW_SAMPLE,,,,,30,cat,,[DATA] class=cat (n=30)
2026-05-21T16:21:29.100765,1779369689.100765,NEW_SAMPLE,,,,,30,cat,,[DATA] class=cat (n=30)
2026-05-21T16:21:31.095243,1779369691.0952432,NEW_SAMPLE,,,,,30,cat,,[DATA] class=cat (n=30)
2026-05-21T16:21:33.092135,1779369693.0921354,NEW_SAMPLE,,,,,30,dog,,[DATA] class=dog (n=30)
2026-05-21T16:21:35.096758,1779369695.0967586,NEW_SAMPLE,,,,,30,horse,,[DATA] class=horse (n=30)
2026-05-21T16:21:37.093681,1779369697.0936816,NEW_SAMPLE,,,,,30,horse,,[DATA] class=horse (n=30)
2026-05-21T16:21:39.093895,1779369699.0938954,NEW_SAMPLE,,,,,30,horse,,[DATA] class=horse (n=30)
2026-05-21T16:21:40.844658,1779369700.8446581,FL,,,,,,,Local training (4-class cross-entropy),[FL] Local training (4-class cross-entropy)
2026-05-21T16:21:40.983962,1779369700.9839628,TRAIN_EPOCH,0,0.7054,66.7,,,,,  Epoch  0  Loss=0.7054  Acc=66.7%
2026-05-21T16:21:41.132825,1779369701.1328259,TRAIN_EPOCH,1,0.5825,66.7,,,,,  Epoch  1  Loss=0.5825  Acc=66.7%
2026-05-21T16:21:41.279802,1779369701.2798023,TRAIN_EPOCH,2,0.5365,76.7,,,,,  Epoch  2  Loss=0.5365  Acc=76.7%
2026-05-21T16:21:41.428778,1779369701.428778,TRAIN_EPOCH,3,0.5057,76.7,,,,,  Epoch  3  Loss=0.5057  Acc=76.7%
2026-05-21T16:21:41.587056,1779369701.5870562,TRAIN_EPOCH,4,0.4891,80.0,,,,,  Epoch  4  Loss=0.4891  Acc=80.0%
2026-05-21T16:21:41.735245,1779369701.7352452,TRAIN_EPOCH,5,0.4762,80.0,,,,,  Epoch  5  Loss=0.4762  Acc=80.0%
2026-05-21T16:21:41.884177,1779369701.8841772,TRAIN_EPOCH,6,0.4693,80.0,,,,,  Epoch  6  Loss=0.4693  Acc=80.0%
2026-05-21T16:21:42.033103,1779369702.033104,TRAIN_EPOCH,7,0.4629,80.0,,,,,  Epoch  7  Loss=0.4629  Acc=80.0%
2026-05-21T16:21:42.181247,1779369702.1812477,TRAIN_EPOCH,8,0.4591,80.0,,,,,  Epoch  8  Loss=0.4591  Acc=80.0%
2026-05-21T16:21:42.328613,1779369702.328613,TRAIN_EPOCH,9,0.455,83.3,,,,,  Epoch  9  Loss=0.4550  Acc=83.3%
2026-05-21T16:21:42.488402,1779369702.4884024,TRAIN_EPOCH,10,0.4502,83.3,,,,,  Epoch 10  Loss=0.4502  Acc=83.3%
2026-05-21T16:21:42.638196,1779369702.6381962,TRAIN_EPOCH,11,0.4551,83.3,,,,,  Epoch 11  Loss=0.4551  Acc=83.3%
2026-05-21T16:21:42.785171,1779369702.7851717,TRAIN_EPOCH,12,0.4439,83.3,,,,,  Epoch 12  Loss=0.4439  Acc=83.3%
2026-05-21T16:21:42.935050,1779369702.9350507,TRAIN_EPOCH,13,0.4496,83.3,,,,,  Epoch 13  Loss=0.4496  Acc=83.3%
2026-05-21T16:21:43.082527,1779369703.0825274,TRAIN_EPOCH,14,0.4428,83.3,,,,,  Epoch 14  Loss=0.4428  Acc=83.3%
2026-05-21T16:21:43.088435,1779369703.0884356,VALIDATION,,,,70.0,10,,,[ACCURACY] Validation: 70.0% (n=10)
2026-05-21T16:21:43.089681,1779369703.0896811,FL,,,,,,,"B1 pre-pack: min=-9.0172, max=6.2857, mean=0.3325","[FL] B1 pre-pack: min=-9.0172, max=6.2857, mean=0.3325"
2026-05-21T16:21:43.092718,1779369703.0927186,FL,,,,,,,Model sent (72 bytes),[FL] Model sent (72 bytes)
2026-05-21T16:21:43.092718,1779369703.0927186,NEW_SAMPLE,,,,,30,dog,,[DATA] class=dog (n=30)
2026-05-21T16:21:43.239088,1779369703.239088,BLE,,,,,,,Received global model (64 bytes),[BLE] Received global model (64 bytes)
2026-05-21T16:21:43.239660,1779369703.2396607,FL,,,,,,,Global model updated (Adam reset),[FL] Global model updated (Adam reset)
2026-05-21T16:21:43.240585,1779369703.2405858,FL,,,,,,,"B1 unpacked: min=-8.8189, max=6.1417, mean=0.3100","[FL] B1 unpacked: min=-8.8189, max=6.1417, mean=0.3100"
2026-05-21T16:21:45.099085,1779369705.099085,NEW_SAMPLE,,,,,30,cat,,[DATA] class=cat (n=30)
2026-05-21T16:21:47.092532,1779369707.0925324,NEW_SAMPLE,,,,,30,horse,,[DATA] class=horse (n=30)
2026-05-21T16:21:49.097898,1779369709.0978985,NEW_SAMPLE,,,,,30,cat,,[DATA] class=cat (n=30)
2026-05-21T16:21:51.095951,1779369711.0959513,NEW_SAMPLE,,,,,30,other,,[DATA] class=other (n=30)
2026-05-21T16:21:53.092180,1779369713.0921805,NEW_SAMPLE,,,,,30,dog,,[DATA] class=dog (n=30)
2026-05-21T16:21:55.098333,1779369715.0983338,NEW_SAMPLE,,,,,30,other,,[DATA] class=other (n=30)
2026-05-21T16:21:57.098840,1779369717.0988402,NEW_SAMPLE,,,,,30,horse,,[DATA] class=horse (n=30)
2026-05-21T16:21:59.090176,1779369719.0901763,NEW_SAMPLE,,,,,30,dog,,[DATA] class=dog (n=30)
2026-05-21T16:22:00.844883,1779369720.8448832,FL,,,,,,,Local training (4-class cross-entropy),[FL] Local training (4-class cross-entropy)
2026-05-21T16:22:00.980113,1779369720.980114,TRAIN_EPOCH,0,0.62,76.7,,,,,  Epoch  0  Loss=0.6200  Acc=76.7%
2026-05-21T16:22:01.128016,1779369721.1280162,TRAIN_EPOCH,1,0.5115,83.3,,,,,  Epoch  1  Loss=0.5115  Acc=83.3%
2026-05-21T16:22:01.277373,1779369721.2773738,TRAIN_EPOCH,2,0.4993,83.3,,,,,  Epoch  2  Loss=0.4993  Acc=83.3%
2026-05-21T16:22:01.435393,1779369721.4353938,TRAIN_EPOCH,3,0.4831,83.3,,,,,  Epoch  3  Loss=0.4831  Acc=83.3%
2026-05-21T16:22:01.582289,1779369721.5822895,TRAIN_EPOCH,4,0.4702,83.3,,,,,  Epoch  4  Loss=0.4702  Acc=83.3%
2026-05-21T16:22:01.728829,1779369721.7288296,TRAIN_EPOCH,5,0.4604,83.3,,,,,  Epoch  5  Loss=0.4604  Acc=83.3%
2026-05-21T16:22:01.877390,1779369721.8773909,TRAIN_EPOCH,6,0.4517,80.0,,,,,  Epoch  6  Loss=0.4517  Acc=80.0%
2026-05-21T16:22:02.035057,1779369722.0350568,TRAIN_EPOCH,7,0.4438,80.0,,,,,  Epoch  7  Loss=0.4438  Acc=80.0%
2026-05-21T16:22:02.179358,1779369722.1793587,TRAIN_EPOCH,8,0.4369,80.0,,,,,  Epoch  8  Loss=0.4369  Acc=80.0%
2026-05-21T16:22:02.327170,1779369722.3271708,TRAIN_EPOCH,9,0.4304,80.0,,,,,  Epoch  9  Loss=0.4304  Acc=80.0%
2026-05-21T16:22:02.482799,1779369722.4827998,TRAIN_EPOCH,10,0.4246,80.0,,,,,  Epoch 10  Loss=0.4246  Acc=80.0%
2026-05-21T16:22:02.629525,1779369722.6295257,TRAIN_EPOCH,11,0.4191,80.0,,,,,  Epoch 11  Loss=0.4191  Acc=80.0%
2026-05-21T16:22:02.788018,1779369722.7880185,TRAIN_EPOCH,12,0.414,80.0,,,,,  Epoch 12  Loss=0.4140  Acc=80.0%
2026-05-21T16:22:02.936876,1779369722.9368763,TRAIN_EPOCH,13,0.4094,80.0,,,,,  Epoch 13  Loss=0.4094  Acc=80.0%
2026-05-21T16:22:03.091374,1779369723.0913744,TRAIN_EPOCH,14,0.4048,76.7,,,,,  Epoch 14  Loss=0.4048  Acc=76.7%
2026-05-21T16:22:03.091374,1779369723.0913744,VALIDATION,,,,80.0,10,,,[ACCURACY] Validation: 80.0% (n=10)
2026-05-21T16:22:03.092372,1779369723.0923722,FL,,,,,,,"B1 pre-pack: min=-9.7549, max=7.3240, mean=0.3397","[FL] B1 pre-pack: min=-9.7549, max=7.3240, mean=0.3397"
2026-05-21T16:22:03.092372,1779369723.0923722,FL,,,,,,,Model sent (72 bytes),[FL] Model sent (72 bytes)
2026-05-21T16:22:03.093368,1779369723.0933688,NEW_SAMPLE,,,,,30,horse,,[DATA] class=horse (n=30)
2026-05-21T16:22:03.220086,1779369723.2200868,BLE,,,,,,,Received global model (64 bytes),[BLE] Received global model (64 bytes)
2026-05-21T16:22:03.221111,1779369723.2211118,FL,,,,,,,Global model updated (Adam reset),[FL] Global model updated (Adam reset)
2026-05-21T16:22:03.221111,1779369723.2211118,FL,,,,,,,"B1 unpacked: min=-9.2913, max=6.7717, mean=0.3199","[FL] B1 unpacked: min=-9.2913, max=6.7717, mean=0.3199"
2026-05-21T16:22:05.098667,1779369725.0986679,NEW_SAMPLE,,,,,30,horse,,[DATA] class=horse (n=30)
2026-05-21T16:22:07.094744,1779369727.094744,NEW_SAMPLE,,,,,30,horse,,[DATA] class=horse (n=30)
2026-05-21T16:22:09.091535,1779369729.0915358,NEW_SAMPLE,,,,,30,horse,,[DATA] class=horse (n=30)
2026-05-21T16:22:11.095542,1779369731.0955424,NEW_SAMPLE,,,,,30,other,,[DATA] class=other (n=30)
2026-05-21T16:22:13.100915,1779369733.1009152,NEW_SAMPLE,,,,,30,horse,,[DATA] class=horse (n=30)
2026-05-21T16:22:15.096233,1779369735.096234,NEW_SAMPLE,,,,,30,horse,,[DATA] class=horse (n=30)
2026-05-21T16:22:17.095088,1779369737.0950885,NEW_SAMPLE,,,,,30,cat,,[DATA] class=cat (n=30)
2026-05-21T16:22:19.094552,1779369739.0945525,NEW_SAMPLE,,,,,30,other,,[DATA] class=other (n=30)
2026-05-21T16:22:20.836895,1779369740.8368955,FL,,,,,,,Local training (4-class cross-entropy),[FL] Local training (4-class cross-entropy)
2026-05-21T16:22:20.984143,1779369740.9841437,TRAIN_EPOCH,0,0.6219,76.7,,,,,  Epoch  0  Loss=0.6219  Acc=76.7%
2026-05-21T16:22:21.134299,1779369741.1342993,TRAIN_EPOCH,1,0.4736,80.0,,,,,  Epoch  1  Loss=0.4736  Acc=80.0%
2026-05-21T16:22:21.282110,1779369741.2821107,TRAIN_EPOCH,2,0.4551,86.7,,,,,  Epoch  2  Loss=0.4551  Acc=86.7%
2026-05-21T16:22:21.430880,1779369741.4308808,TRAIN_EPOCH,3,0.4384,86.7,,,,,  Epoch  3  Loss=0.4384  Acc=86.7%
2026-05-21T16:22:21.579323,1779369741.579323,TRAIN_EPOCH,4,0.4208,86.7,,,,,  Epoch  4  Loss=0.4208  Acc=86.7%
2026-05-21T16:22:21.728565,1779369741.7285655,TRAIN_EPOCH,5,0.4061,90.0,,,,,  Epoch  5  Loss=0.4061  Acc=90.0%
2026-05-21T16:22:21.888093,1779369741.8880937,TRAIN_EPOCH,6,0.395,86.7,,,,,  Epoch  6  Loss=0.3950  Acc=86.7%
2026-05-21T16:22:22.034997,1779369742.0349972,TRAIN_EPOCH,7,0.386,86.7,,,,,  Epoch  7  Loss=0.3860  Acc=86.7%
2026-05-21T16:22:22.183645,1779369742.183646,TRAIN_EPOCH,8,0.3792,90.0,,,,,  Epoch  8  Loss=0.3792  Acc=90.0%
2026-05-21T16:22:22.333237,1779369742.3332374,TRAIN_EPOCH,9,0.3749,86.7,,,,,  Epoch  9  Loss=0.3749  Acc=86.7%
2026-05-21T16:22:22.480307,1779369742.4803069,TRAIN_EPOCH,10,0.3647,86.7,,,,,  Epoch 10  Loss=0.3647  Acc=86.7%
2026-05-21T16:22:22.637279,1779369742.637279,TRAIN_EPOCH,11,0.362,86.7,,,,,  Epoch 11  Loss=0.3620  Acc=86.7%
2026-05-21T16:22:22.786294,1779369742.7862945,TRAIN_EPOCH,12,0.352,86.7,,,,,  Epoch 12  Loss=0.3520  Acc=86.7%
2026-05-21T16:22:22.935691,1779369742.9356916,TRAIN_EPOCH,13,0.3507,86.7,,,,,  Epoch 13  Loss=0.3507  Acc=86.7%
2026-05-21T16:22:23.083976,1779369743.0839763,TRAIN_EPOCH,14,0.3416,86.7,,,,,  Epoch 14  Loss=0.3416  Acc=86.7%
2026-05-21T16:22:23.088700,1779369743.0887,VALIDATION,,,,100.0,10,,,[ACCURACY] Validation: 100.0% (n=10)
2026-05-21T16:22:23.091689,1779369743.0916896,FL,,,,,,,"B1 pre-pack: min=-9.8863, max=7.1127, mean=0.3450","[FL] B1 pre-pack: min=-9.8863, max=7.1127, mean=0.3450"
2026-05-21T16:22:23.093685,1779369743.093685,FL,,,,,,,Model sent (72 bytes),[FL] Model sent (72 bytes)
2026-05-21T16:22:23.094686,1779369743.094687,NEW_SAMPLE,,,,,30,cat,,[DATA] class=cat (n=30)
2026-05-21T16:22:23.261682,1779369743.261682,BLE,,,,,,,Received global model (64 bytes),[BLE] Received global model (64 bytes)
2026-05-21T16:22:23.262684,1779369743.2626843,FL,,,,,,,Global model updated (Adam reset),[FL] Global model updated (Adam reset)
2026-05-21T16:22:23.263717,1779369743.2637174,FL,,,,,,,"B1 unpacked: min=-9.6063, max=6.9291, mean=0.3346","[FL] B1 unpacked: min=-9.6063, max=6.9291, mean=0.3346"
2026-05-21T16:22:25.092779,1779369745.0927792,NEW_SAMPLE,,,,,30,cat,,[DATA] class=cat (n=30)
2026-05-21T16:22:27.096601,1779369747.096601,NEW_SAMPLE,,,,,30,cat,,[DATA] class=cat (n=30)
2026-05-21T16:22:29.097801,1779369749.0978014,NEW_SAMPLE,,,,,30,cat,,[DATA] class=cat (n=30)
2026-05-21T16:22:31.098079,1779369751.0980792,NEW_SAMPLE,,,,,30,horse,,[DATA] class=horse (n=30)
2026-05-21T16:22:33.094539,1779369753.0945392,NEW_SAMPLE,,,,,30,horse,,[DATA] class=horse (n=30)
2026-05-21T16:22:35.100755,1779369755.1007552,NEW_SAMPLE,,,,,30,cat,,[DATA] class=cat (n=30)
2026-05-21T16:22:37.099265,1779369757.0992653,NEW_SAMPLE,,,,,30,cat,,[DATA] class=cat (n=30)
2026-05-21T16:22:39.096674,1779369759.0966744,NEW_SAMPLE,,,,,30,horse,,[DATA] class=horse (n=30)
2026-05-21T16:22:40.843967,1779369760.843967,FL,,,,,,,Local training (4-class cross-entropy),[FL] Local training (4-class cross-entropy)
2026-05-21T16:22:40.981262,1779369760.9812627,TRAIN_EPOCH,0,0.7577,70.0,,,,,  Epoch  0  Loss=0.7577  Acc=70.0%
2026-05-21T16:22:41.129420,1779369761.12942,TRAIN_EPOCH,1,0.672,76.7,,,,,  Epoch  1  Loss=0.6720  Acc=76.7%
2026-05-21T16:22:41.287286,1779369761.2872868,TRAIN_EPOCH,2,0.6604,76.7,,,,,  Epoch  2  Loss=0.6604  Acc=76.7%
2026-05-21T16:22:41.434328,1779369761.4343283,TRAIN_EPOCH,3,0.668,76.7,,,,,  Epoch  3  Loss=0.6680  Acc=76.7%
2026-05-21T16:22:41.583253,1779369761.5832536,TRAIN_EPOCH,4,0.656,76.7,,,,,  Epoch  4  Loss=0.6560  Acc=76.7%
2026-05-21T16:22:41.731018,1779369761.7310185,TRAIN_EPOCH,5,0.6525,76.7,,,,,  Epoch  5  Loss=0.6525  Acc=76.7%
2026-05-21T16:22:41.879404,1779369761.879404,TRAIN_EPOCH,6,0.6425,76.7,,,,,  Epoch  6  Loss=0.6425  Acc=76.7%
2026-05-21T16:22:42.037084,1779369762.0370839,TRAIN_EPOCH,7,0.6491,76.7,,,,,  Epoch  7  Loss=0.6491  Acc=76.7%
2026-05-21T16:22:42.186894,1779369762.186895,TRAIN_EPOCH,8,0.6438,76.7,,,,,  Epoch  8  Loss=0.6438  Acc=76.7%
2026-05-21T16:22:42.334706,1779369762.3347065,TRAIN_EPOCH,9,0.638,76.7,,,,,  Epoch  9  Loss=0.6380  Acc=76.7%
2026-05-21T16:22:42.485425,1779369762.4854257,TRAIN_EPOCH,10,0.6381,76.7,,,,,  Epoch 10  Loss=0.6381  Acc=76.7%
2026-05-21T16:22:42.632422,1779369762.6324222,TRAIN_EPOCH,11,0.6342,76.7,,,,,  Epoch 11  Loss=0.6342  Acc=76.7%
2026-05-21T16:22:42.781370,1779369762.7813706,TRAIN_EPOCH,12,0.629,76.7,,,,,  Epoch 12  Loss=0.6290  Acc=76.7%
2026-05-21T16:22:42.939834,1779369762.939834,TRAIN_EPOCH,13,0.6355,76.7,,,,,  Epoch 13  Loss=0.6355  Acc=76.7%
2026-05-21T16:22:43.089527,1779369763.0895278,TRAIN_EPOCH,14,0.631,76.7,,,,,  Epoch 14  Loss=0.6310  Acc=76.7%
2026-05-21T16:22:43.091556,1779369763.091556,VALIDATION,,,,50.0,10,,,[ACCURACY] Validation: 50.0% (n=10)
2026-05-21T16:22:43.094548,1779369763.0945485,FL,,,,,,,"B1 pre-pack: min=-9.4984, max=6.9690, mean=0.2936","[FL] B1 pre-pack: min=-9.4984, max=6.9690, mean=0.2936"
2026-05-21T16:22:43.095575,1779369763.0955756,FL,,,,,,,Model sent (72 bytes),[FL] Model sent (72 bytes)
2026-05-21T16:22:43.095575,1779369763.0955756,NEW_SAMPLE,,,,,30,horse,,[DATA] class=horse (n=30)
2026-05-21T16:22:43.233067,1779369763.2330675,BLE,,,,,,,Received global model (64 bytes),[BLE] Received global model (64 bytes)
2026-05-21T16:22:43.238455,1779369763.2384553,FL,,,,,,,Global model updated (Adam reset),[FL] Global model updated (Adam reset)
2026-05-21T16:22:43.238862,1779369763.2388623,FL,,,,,,,"B1 unpacked: min=-9.6063, max=6.8504, mean=0.3150","[FL] B1 unpacked: min=-9.6063, max=6.8504, mean=0.3150"
2026-05-21T16:22:45.099222,1779369765.099222,NEW_SAMPLE,,,,,30,dog,,[DATA] class=dog (n=30)
2026-05-21T16:22:47.096718,1779369767.0967188,NEW_SAMPLE,,,,,30,horse,,[DATA] class=horse (n=30)
2026-05-21T16:22:49.091887,1779369769.0918877,NEW_SAMPLE,,,,,30,horse,,[DATA] class=horse (n=30)
2026-05-21T16:22:51.097523,1779369771.0975237,NEW_SAMPLE,,,,,30,cat,,[DATA] class=cat (n=30)
2026-05-21T16:22:53.099052,1779369773.099053,NEW_SAMPLE,,,,,30,horse,,[DATA] class=horse (n=30)
2026-05-21T16:22:55.097860,1779369775.0978603,NEW_SAMPLE,,,,,30,cat,,[DATA] class=cat (n=30)
2026-05-21T16:22:57.093157,1779369777.0931573,NEW_SAMPLE,,,,,30,cat,,[DATA] class=cat (n=30)
2026-05-21T16:22:59.092797,1779369779.0927973,NEW_SAMPLE,,,,,30,other,,[DATA] class=other (n=30)
2026-05-21T16:23:00.842602,1779369780.8426027,FL,,,,,,,Local training (4-class cross-entropy),[FL] Local training (4-class cross-entropy)
2026-05-21T16:23:00.979057,1779369780.9790576,TRAIN_EPOCH,0,0.8435,73.3,,,,,  Epoch  0  Loss=0.8435  Acc=73.3%
2026-05-21T16:23:01.127287,1779369781.1272876,TRAIN_EPOCH,1,0.7542,70.0,,,,,  Epoch  1  Loss=0.7542  Acc=70.0%
2026-05-21T16:23:01.284929,1779369781.2849293,TRAIN_EPOCH,2,0.7458,66.7,,,,,  Epoch  2  Loss=0.7458  Acc=66.7%
2026-05-21T16:23:01.432645,1779369781.4326453,TRAIN_EPOCH,3,0.7235,70.0,,,,,  Epoch  3  Loss=0.7235  Acc=70.0%
2026-05-21T16:23:01.580405,1779369781.580406,TRAIN_EPOCH,4,0.7128,70.0,,,,,  Epoch  4  Loss=0.7128  Acc=70.0%
2026-05-21T16:23:01.731912,1779369781.7319121,TRAIN_EPOCH,5,0.7084,66.7,,,,,  Epoch  5  Loss=0.7084  Acc=66.7%
2026-05-21T16:23:01.881401,1779369781.8814015,TRAIN_EPOCH,6,0.6946,70.0,,,,,  Epoch  6  Loss=0.6946  Acc=70.0%
2026-05-21T16:23:02.029911,1779369782.029911,TRAIN_EPOCH,7,0.6893,70.0,,,,,  Epoch  7  Loss=0.6893  Acc=70.0%
2026-05-21T16:23:02.179647,1779369782.1796474,TRAIN_EPOCH,8,0.6853,70.0,,,,,  Epoch  8  Loss=0.6853  Acc=70.0%
2026-05-21T16:23:02.328916,1779369782.3289168,TRAIN_EPOCH,9,0.6768,70.0,,,,,  Epoch  9  Loss=0.6768  Acc=70.0%
2026-05-21T16:23:02.477937,1779369782.4779372,TRAIN_EPOCH,10,0.674,70.0,,,,,  Epoch 10  Loss=0.6740  Acc=70.0%
2026-05-21T16:23:02.632793,1779369782.6327937,TRAIN_EPOCH,11,0.6692,70.0,,,,,  Epoch 11  Loss=0.6692  Acc=70.0%
2026-05-21T16:23:02.779977,1779369782.7799776,TRAIN_EPOCH,12,0.6654,73.3,,,,,  Epoch 12  Loss=0.6654  Acc=73.3%
2026-05-21T16:23:02.941354,1779369782.9413548,TRAIN_EPOCH,13,0.6651,73.3,,,,,  Epoch 13  Loss=0.6651  Acc=73.3%
2026-05-21T16:23:03.089212,1779369783.0892124,TRAIN_EPOCH,14,0.6593,73.3,,,,,  Epoch 14  Loss=0.6593  Acc=73.3%
2026-05-21T16:23:03.091298,1779369783.0912986,VALIDATION,,,,60.0,10,,,[ACCURACY] Validation: 60.0% (n=10)
2026-05-21T16:23:03.094289,1779369783.09429,FL,,,,,,,"B1 pre-pack: min=-8.9732, max=7.0211, mean=0.2781","[FL] B1 pre-pack: min=-8.9732, max=7.0211, mean=0.2781"
2026-05-21T16:23:03.096233,1779369783.0962334,FL,,,,,,,Model sent (72 bytes),[FL] Model sent (72 bytes)
2026-05-21T16:23:03.097234,1779369783.0972342,NEW_SAMPLE,,,,,30,cat,,[DATA] class=cat (n=30)
2026-05-21T16:23:03.223680,1779369783.223681,BLE,,,,,,,Received global model (64 bytes),[BLE] Received global model (64 bytes)
2026-05-21T16:23:03.225622,1779369783.2256222,FL,,,,,,,Global model updated (Adam reset),[FL] Global model updated (Adam reset)
2026-05-21T16:23:03.227645,1779369783.2276456,FL,,,,,,,"B1 unpacked: min=-9.2913, max=6.9291, mean=0.2953","[FL] B1 unpacked: min=-9.2913, max=6.9291, mean=0.2953"
2026-05-21T16:23:05.099488,1779369785.0994885,NEW_SAMPLE,,,,,30,dog,,[DATA] class=dog (n=30)
2026-05-21T16:23:07.097490,1779369787.0974898,NEW_SAMPLE,,,,,30,dog,,[DATA] class=dog (n=30)
2026-05-21T16:23:09.098847,1779369789.0988474,NEW_SAMPLE,,,,,30,horse,,[DATA] class=horse (n=30)
2026-05-21T16:23:11.092914,1779369791.0929146,NEW_SAMPLE,,,,,30,cat,,[DATA] class=cat (n=30)
2026-05-21T16:23:13.100201,1779369793.1002014,NEW_SAMPLE,,,,,30,cat,,[DATA] class=cat (n=30)
2026-05-21T16:23:15.099009,1779369795.0990093,NEW_SAMPLE,,,,,30,horse,,[DATA] class=horse (n=30)
2026-05-21T16:23:17.093776,1779369797.0937762,NEW_SAMPLE,,,,,30,horse,,[DATA] class=horse (n=30)
2026-05-21T16:23:19.092195,1779369799.0921953,NEW_SAMPLE,,,,,30,cat,,[DATA] class=cat (n=30)
2026-05-21T16:23:20.844360,1779369800.844361,FL,,,,,,,Local training (4-class cross-entropy),[FL] Local training (4-class cross-entropy)
2026-05-21T16:23:20.981473,1779369800.9814732,TRAIN_EPOCH,0,0.8741,60.0,,,,,  Epoch  0  Loss=0.8741  Acc=60.0%
2026-05-21T16:23:21.128980,1779369801.1289802,TRAIN_EPOCH,1,0.7859,60.0,,,,,  Epoch  1  Loss=0.7859  Acc=60.0%
2026-05-21T16:23:21.276460,1779369801.2764606,TRAIN_EPOCH,2,0.7594,63.3,,,,,  Epoch  2  Loss=0.7594  Acc=63.3%
2026-05-21T16:23:21.433416,1779369801.4334161,TRAIN_EPOCH,3,0.7438,63.3,,,,,  Epoch  3  Loss=0.7438  Acc=63.3%
2026-05-21T16:23:21.581267,1779369801.5812676,TRAIN_EPOCH,4,0.7318,63.3,,,,,  Epoch  4  Loss=0.7318  Acc=63.3%
2026-05-21T16:23:21.728965,1779369801.728965,TRAIN_EPOCH,5,0.7218,63.3,,,,,  Epoch  5  Loss=0.7218  Acc=63.3%
2026-05-21T16:23:21.885655,1779369801.8856559,TRAIN_EPOCH,6,0.7132,63.3,,,,,  Epoch  6  Loss=0.7132  Acc=63.3%
2026-05-21T16:23:22.034359,1779369802.034359,TRAIN_EPOCH,7,0.7055,63.3,,,,,  Epoch  7  Loss=0.7055  Acc=63.3%
2026-05-21T16:23:22.181356,1779369802.181356,TRAIN_EPOCH,8,0.694,63.3,,,,,  Epoch  8  Loss=0.6940  Acc=63.3%
2026-05-21T16:23:22.329398,1779369802.329398,TRAIN_EPOCH,9,0.6961,63.3,,,,,  Epoch  9  Loss=0.6961  Acc=63.3%
2026-05-21T16:23:22.479394,1779369802.4793942,TRAIN_EPOCH,10,0.6892,63.3,,,,,  Epoch 10  Loss=0.6892  Acc=63.3%
2026-05-21T16:23:22.629208,1779369802.6292086,TRAIN_EPOCH,11,0.6799,66.7,,,,,  Epoch 11  Loss=0.6799  Acc=66.7%
2026-05-21T16:23:22.788758,1779369802.788758,TRAIN_EPOCH,12,0.6843,66.7,,,,,  Epoch 12  Loss=0.6843  Acc=66.7%
2026-05-21T16:23:22.935988,1779369802.935988,TRAIN_EPOCH,13,0.6749,66.7,,,,,  Epoch 13  Loss=0.6749  Acc=66.7%
2026-05-21T16:23:23.083880,1779369803.0838802,TRAIN_EPOCH,14,0.679,66.7,,,,,  Epoch 14  Loss=0.6790  Acc=66.7%
2026-05-21T16:23:23.088088,1779369803.0880885,VALIDATION,,,,80.0,10,,,[ACCURACY] Validation: 80.0% (n=10)
2026-05-21T16:23:23.090630,1779369803.09063,FL,,,,,,,"B1 pre-pack: min=-8.4447, max=6.7021, mean=0.2352","[FL] B1 pre-pack: min=-8.4447, max=6.7021, mean=0.2352"
2026-05-21T16:23:23.093589,1779369803.0935895,FL,,,,,,,Model sent (72 bytes),[FL] Model sent (72 bytes)
2026-05-21T16:23:23.094586,1779369803.0945866,NEW_SAMPLE,,,,,30,other,,[DATA] class=other (n=30)
2026-05-21T16:23:23.264509,1779369803.2645094,BLE,,,,,,,Received global model (64 bytes),[BLE] Received global model (64 bytes)
2026-05-21T16:23:23.266472,1779369803.266472,FL,,,,,,,Global model updated (Adam reset),[FL] Global model updated (Adam reset)
2026-05-21T16:23:23.268467,1779369803.2684672,FL,,,,,,,"B1 unpacked: min=-8.8189, max=6.7717, mean=0.2608","[FL] B1 unpacked: min=-8.8189, max=6.7717, mean=0.2608"
2026-05-21T16:23:25.100375,1779369805.1003754,NEW_SAMPLE,,,,,30,cat,,[DATA] class=cat (n=30)
2026-05-21T16:23:27.096892,1779369807.0968924,NEW_SAMPLE,,,,,30,dog,,[DATA] class=dog (n=30)
2026-05-21T16:23:29.101026,1779369809.1010265,NEW_SAMPLE,,,,,30,horse,,[DATA] class=horse (n=30)
2026-05-21T16:23:31.096298,1779369811.096299,NEW_SAMPLE,,,,,30,other,,[DATA] class=other (n=30)
2026-05-21T16:23:33.098678,1779369813.0986784,NEW_SAMPLE,,,,,30,other,,[DATA] class=other (n=30)
2026-05-21T16:23:35.095784,1779369815.0957847,NEW_SAMPLE,,,,,30,horse,,[DATA] class=horse (n=30)
2026-05-21T16:23:37.100473,1779369817.1004736,NEW_SAMPLE,,,,,30,horse,,[DATA] class=horse (n=30)
2026-05-21T16:23:39.097422,1779369819.097556,NEW_SAMPLE,,,,,30,dog,,[DATA] class=dog (n=30)
2026-05-21T16:23:40.846006,1779369820.8460066,FL,,,,,,,Local training (4-class cross-entropy),[FL] Local training (4-class cross-entropy)
2026-05-21T16:23:40.984280,1779369820.9842808,TRAIN_EPOCH,0,0.6657,66.7,,,,,  Epoch  0  Loss=0.6657  Acc=66.7%
2026-05-21T16:23:41.130669,1779369821.1306694,TRAIN_EPOCH,1,0.5651,80.0,,,,,  Epoch  1  Loss=0.5651  Acc=80.0%
2026-05-21T16:23:41.279453,1779369821.279453,TRAIN_EPOCH,2,0.5419,80.0,,,,,  Epoch  2  Loss=0.5419  Acc=80.0%
2026-05-21T16:23:41.427435,1779369821.4274352,TRAIN_EPOCH,3,0.509,80.0,,,,,  Epoch  3  Loss=0.5090  Acc=80.0%
2026-05-21T16:23:41.586637,1779369821.5866373,TRAIN_EPOCH,4,0.4877,80.0,,,,,  Epoch  4  Loss=0.4877  Acc=80.0%
2026-05-21T16:23:41.736020,1779369821.7360203,TRAIN_EPOCH,5,0.4705,80.0,,,,,  Epoch  5  Loss=0.4705  Acc=80.0%
2026-05-21T16:23:41.882801,1779369821.882802,TRAIN_EPOCH,6,0.4566,83.3,,,,,  Epoch  6  Loss=0.4566  Acc=83.3%
2026-05-21T16:23:42.029442,1779369822.029442,TRAIN_EPOCH,7,0.4448,86.7,,,,,  Epoch  7  Loss=0.4448  Acc=86.7%
2026-05-21T16:23:42.177601,1779369822.1776018,TRAIN_EPOCH,8,0.4365,86.7,,,,,  Epoch  8  Loss=0.4365  Acc=86.7%
2026-05-21T16:23:42.333369,1779369822.33337,TRAIN_EPOCH,9,0.4314,90.0,,,,,  Epoch  9  Loss=0.4314  Acc=90.0%
2026-05-21T16:23:42.480937,1779369822.4809377,TRAIN_EPOCH,10,0.4272,90.0,,,,,  Epoch 10  Loss=0.4272  Acc=90.0%
2026-05-21T16:23:42.627650,1779369822.6276507,TRAIN_EPOCH,11,0.4235,90.0,,,,,  Epoch 11  Loss=0.4235  Acc=90.0%
2026-05-21T16:23:42.786020,1779369822.7860208,TRAIN_EPOCH,12,0.4203,90.0,,,,,  Epoch 12  Loss=0.4203  Acc=90.0%
2026-05-21T16:23:42.934540,1779369822.9345407,TRAIN_EPOCH,13,0.4173,90.0,,,,,  Epoch 13  Loss=0.4173  Acc=90.0%
2026-05-21T16:23:43.083671,1779369823.0836713,TRAIN_EPOCH,14,0.4145,90.0,,,,,  Epoch 14  Loss=0.4145  Acc=90.0%
2026-05-21T16:23:43.088334,1779369823.0883346,VALIDATION,,,,90.0,10,,,[ACCURACY] Validation: 90.0% (n=10)
2026-05-21T16:23:43.091360,1779369823.0913606,FL,,,,,,,"B1 pre-pack: min=-8.1635, max=6.4260, mean=0.1511","[FL] B1 pre-pack: min=-8.1635, max=6.4260, mean=0.1511"
2026-05-21T16:23:43.093324,1779369823.093325,FL,,,,,,,Model sent (72 bytes),[FL] Model sent (72 bytes)
2026-05-21T16:23:43.095314,1779369823.0953147,NEW_SAMPLE,,,,,30,cat,,[DATA] class=cat (n=30)
2026-05-21T16:23:43.241984,1779369823.2419844,BLE,,,,,,,Received global model (64 bytes),[BLE] Received global model (64 bytes)
2026-05-21T16:23:43.242986,1779369823.2429867,FL,,,,,,,Global model updated (Adam reset),[FL] Global model updated (Adam reset)
2026-05-21T16:23:43.242986,1779369823.2429867,FL,,,,,,,"B1 unpacked: min=-8.5039, max=6.5354, mean=0.2067","[FL] B1 unpacked: min=-8.5039, max=6.5354, mean=0.2067"
2026-05-21T16:23:45.095319,1779369825.0953195,NEW_SAMPLE,,,,,30,other,,[DATA] class=other (n=30)
2026-05-21T16:23:47.093392,1779369827.0933921,NEW_SAMPLE,,,,,30,cat,,[DATA] class=cat (n=30)
2026-05-21T16:23:49.091950,1779369829.0919507,NEW_SAMPLE,,,,,30,other,,[DATA] class=other (n=30)
2026-05-21T16:23:51.098905,1779369831.0989056,NEW_SAMPLE,,,,,30,horse,,[DATA] class=horse (n=30)
2026-05-21T16:23:53.100640,1779369833.1006405,NEW_SAMPLE,,,,,30,dog,,[DATA] class=dog (n=30)
2026-05-21T16:23:55.096313,1779369835.096313,NEW_SAMPLE,,,,,30,other,,[DATA] class=other (n=30)
2026-05-21T16:23:57.099149,1779369837.0991495,NEW_SAMPLE,,,,,30,other,,[DATA] class=other (n=30)
2026-05-21T16:23:59.091818,1779369839.0918183,NEW_SAMPLE,,,,,30,dog,,[DATA] class=dog (n=30)
2026-05-21T16:24:00.838932,1779369840.8389325,FL,,,,,,,Local training (4-class cross-entropy),[FL] Local training (4-class cross-entropy)
2026-05-21T16:24:00.975725,1779369840.9757254,TRAIN_EPOCH,0,0.618,83.3,,,,,  Epoch  0  Loss=0.6180  Acc=83.3%
2026-05-21T16:24:01.134993,1779369841.134994,TRAIN_EPOCH,1,0.5708,83.3,,,,,  Epoch  1  Loss=0.5708  Acc=83.3%
2026-05-21T16:24:01.285952,1779369841.2859526,TRAIN_EPOCH,2,0.5611,83.3,,,,,  Epoch  2  Loss=0.5611  Acc=83.3%
2026-05-21T16:24:01.434586,1779369841.4345868,TRAIN_EPOCH,3,0.5533,83.3,,,,,  Epoch  3  Loss=0.5533  Acc=83.3%
2026-05-21T16:24:01.583705,1779369841.5837052,TRAIN_EPOCH,4,0.5467,83.3,,,,,  Epoch  4  Loss=0.5467  Acc=83.3%
2026-05-21T16:24:01.733331,1779369841.7333312,TRAIN_EPOCH,5,0.5409,83.3,,,,,  Epoch  5  Loss=0.5409  Acc=83.3%
2026-05-21T16:24:01.884799,1779369841.8847995,TRAIN_EPOCH,6,0.5364,83.3,,,,,  Epoch  6  Loss=0.5364  Acc=83.3%
2026-05-21T16:24:02.031019,1779369842.031019,TRAIN_EPOCH,7,0.5319,83.3,,,,,  Epoch  7  Loss=0.5319  Acc=83.3%
2026-05-21T16:24:02.178174,1779369842.1781747,TRAIN_EPOCH,8,0.5278,83.3,,,,,  Epoch  8  Loss=0.5278  Acc=83.3%
2026-05-21T16:24:02.335826,1779369842.3358266,TRAIN_EPOCH,9,0.5246,83.3,,,,,  Epoch  9  Loss=0.5246  Acc=83.3%
2026-05-21T16:24:02.482955,1779369842.4829555,TRAIN_EPOCH,10,0.5218,83.3,,,,,  Epoch 10  Loss=0.5218  Acc=83.3%
2026-05-21T16:24:02.629504,1779369842.6295042,TRAIN_EPOCH,11,0.5193,83.3,,,,,  Epoch 11  Loss=0.5193  Acc=83.3%
2026-05-21T16:24:02.788459,1779369842.788459,TRAIN_EPOCH,12,0.5159,83.3,,,,,  Epoch 12  Loss=0.5159  Acc=83.3%
2026-05-21T16:24:02.937219,1779369842.9372191,TRAIN_EPOCH,13,0.5142,83.3,,,,,  Epoch 13  Loss=0.5142  Acc=83.3%
2026-05-21T16:24:03.084466,1779369843.0844665,TRAIN_EPOCH,14,0.5127,83.3,,,,,  Epoch 14  Loss=0.5127  Acc=83.3%
2026-05-21T16:24:03.087720,1779369843.0877206,VALIDATION,,,,80.0,10,,,[ACCURACY] Validation: 80.0% (n=10)
2026-05-21T16:24:03.087972,1779369843.0879729,FL,,,,,,,"B1 pre-pack: min=-8.6788, max=6.4762, mean=0.1954","[FL] B1 pre-pack: min=-8.6788, max=6.4762, mean=0.1954"
2026-05-21T16:24:03.092779,1779369843.0927792,FL,,,,,,,Model sent (72 bytes),[FL] Model sent (72 bytes)
2026-05-21T16:24:03.093259,1779369843.0932596,NEW_SAMPLE,,,,,30,cat,,[DATA] class=cat (n=30)
2026-05-21T16:24:03.218471,1779369843.2184715,BLE,,,,,,,Received global model (64 bytes),[BLE] Received global model (64 bytes)
2026-05-21T16:24:03.219975,1779369843.2199755,FL,,,,,,,Global model updated (Adam reset),[FL] Global model updated (Adam reset)
2026-05-21T16:24:03.220973,1779369843.2209733,FL,,,,,,,"B1 unpacked: min=-8.5827, max=6.5354, mean=0.1993","[FL] B1 unpacked: min=-8.5827, max=6.5354, mean=0.1993"
2026-05-21T16:24:05.099483,1779369845.0994833,NEW_SAMPLE,,,,,30,other,,[DATA] class=other (n=30)
2026-05-21T16:24:07.092742,1779369847.0927422,NEW_SAMPLE,,,,,30,dog,,[DATA] class=dog (n=30)
2026-05-21T16:24:09.093438,1779369849.0934384,NEW_SAMPLE,,,,,30,cat,,[DATA] class=cat (n=30)
2026-05-21T16:24:11.092755,1779369851.0927553,NEW_SAMPLE,,,,,30,dog,,[DATA] class=dog (n=30)
2026-05-21T16:24:13.099071,1779369853.099072,NEW_SAMPLE,,,,,30,horse,,[DATA] class=horse (n=30)
2026-05-21T16:24:15.098204,1779369855.0982041,NEW_SAMPLE,,,,,30,cat,,[DATA] class=cat (n=30)
2026-05-21T16:24:17.091509,1779369857.0915096,NEW_SAMPLE,,,,,30,horse,,[DATA] class=horse (n=30)
2026-05-21T16:24:19.096114,1779369859.0961142,NEW_SAMPLE,,,,,30,other,,[DATA] class=other (n=30)
2026-05-21T16:24:20.841892,1779369860.8418927,FL,,,,,,,Local training (4-class cross-entropy),[FL] Local training (4-class cross-entropy)
2026-05-21T16:24:20.979321,1779369860.9793212,TRAIN_EPOCH,0,0.6311,76.7,,,,,  Epoch  0  Loss=0.6311  Acc=76.7%
2026-05-21T16:24:21.136290,1779369861.1362903,TRAIN_EPOCH,1,0.6021,80.0,,,,,  Epoch  1  Loss=0.6021  Acc=80.0%
2026-05-21T16:24:21.286990,1779369861.286991,TRAIN_EPOCH,2,0.5953,80.0,,,,,  Epoch  2  Loss=0.5953  Acc=80.0%
2026-05-21T16:24:21.436997,1779369861.436998,TRAIN_EPOCH,3,0.5903,80.0,,,,,  Epoch  3  Loss=0.5903  Acc=80.0%
2026-05-21T16:24:21.586186,1779369861.5861862,TRAIN_EPOCH,4,0.5856,80.0,,,,,  Epoch  4  Loss=0.5856  Acc=80.0%
2026-05-21T16:24:21.735784,1779369861.7357848,TRAIN_EPOCH,5,0.5822,80.0,,,,,  Epoch  5  Loss=0.5822  Acc=80.0%
2026-05-21T16:24:21.882965,1779369861.8829653,TRAIN_EPOCH,6,0.5792,80.0,,,,,  Epoch  6  Loss=0.5792  Acc=80.0%
2026-05-21T16:24:22.030712,1779369862.0307126,TRAIN_EPOCH,7,0.5768,80.0,,,,,  Epoch  7  Loss=0.5768  Acc=80.0%
2026-05-21T16:24:22.178499,1779369862.178499,TRAIN_EPOCH,8,0.5734,83.3,,,,,  Epoch  8  Loss=0.5734  Acc=83.3%
2026-05-21T16:24:22.337224,1779369862.3372245,TRAIN_EPOCH,9,0.5717,83.3,,,,,  Epoch  9  Loss=0.5717  Acc=83.3%
2026-05-21T16:24:22.484500,1779369862.4845004,TRAIN_EPOCH,10,0.5698,83.3,,,,,  Epoch 10  Loss=0.5698  Acc=83.3%
2026-05-21T16:24:22.631420,1779369862.6314209,TRAIN_EPOCH,11,0.5667,83.3,,,,,  Epoch 11  Loss=0.5667  Acc=83.3%
2026-05-21T16:24:22.780524,1779369862.780524,TRAIN_EPOCH,12,0.5662,83.3,,,,,  Epoch 12  Loss=0.5662  Acc=83.3%
2026-05-21T16:24:22.930248,1779369862.9302487,TRAIN_EPOCH,13,0.5629,83.3,,,,,  Epoch 13  Loss=0.5629  Acc=83.3%
2026-05-21T16:24:23.088607,1779369863.0886073,TRAIN_EPOCH,14,0.5623,83.3,,,,,  Epoch 14  Loss=0.5623  Acc=83.3%
2026-05-21T16:24:23.089408,1779369863.0894089,VALIDATION,,,,80.0,10,,,[ACCURACY] Validation: 80.0% (n=10)
2026-05-21T16:24:23.090409,1779369863.0904098,FL,,,,,,,"B1 pre-pack: min=-8.8693, max=6.1945, mean=0.1915","[FL] B1 pre-pack: min=-8.8693, max=6.1945, mean=0.1915"
2026-05-21T16:24:23.092626,1779369863.0926266,FL,,,,,,,Model sent (72 bytes),[FL] Model sent (72 bytes)
2026-05-21T16:24:23.093324,1779369863.093325,NEW_SAMPLE,,,,,30,cat,,[DATA] class=cat (n=30)
2026-05-21T16:24:23.263248,1779369863.2632484,BLE,,,,,,,Received global model (64 bytes),[BLE] Received global model (64 bytes)
2026-05-21T16:24:23.265241,1779369863.2652416,FL,,,,,,,Global model updated (Adam reset),[FL] Global model updated (Adam reset)
2026-05-21T16:24:23.269224,1779369863.2692242,FL,,,,,,,"B1 unpacked: min=-8.7402, max=6.3780, mean=0.1993","[FL] B1 unpacked: min=-8.7402, max=6.3780, mean=0.1993"
2026-05-21T16:24:25.095412,1779369865.095413,NEW_SAMPLE,,,,,30,cat,,[DATA] class=cat (n=30)
2026-05-21T16:24:27.091409,1779369867.09141,NEW_SAMPLE,,,,,30,dog,,[DATA] class=dog (n=30)
2026-05-21T16:24:29.098127,1779369869.0982666,NEW_SAMPLE,,,,,30,horse,,[DATA] class=horse (n=30)
2026-05-21T16:24:31.094636,1779369871.0946364,NEW_SAMPLE,,,,,30,other,,[DATA] class=other (n=30)
2026-05-21T16:24:33.100962,1779369873.1009629,NEW_SAMPLE,,,,,30,horse,,[DATA] class=horse (n=30)
2026-05-21T16:24:35.097115,1779369875.097116,NEW_SAMPLE,,,,,30,dog,,[DATA] class=dog (n=30)
2026-05-21T16:24:37.096976,1779369877.096976,NEW_SAMPLE,,,,,30,other,,[DATA] class=other (n=30)
2026-05-21T16:24:39.100041,1779369879.1000419,NEW_SAMPLE,,,,,30,cat,,[DATA] class=cat (n=30)
2026-05-21T16:24:40.840314,1779369880.8403141,FL,,,,,,,Local training (4-class cross-entropy),[FL] Local training (4-class cross-entropy)
2026-05-21T16:24:40.976164,1779369880.9761648,TRAIN_EPOCH,0,0.7101,70.0,,,,,  Epoch  0  Loss=0.7101  Acc=70.0%
2026-05-21T16:24:41.136042,1779369881.1360426,TRAIN_EPOCH,1,0.6478,73.3,,,,,  Epoch  1  Loss=0.6478  Acc=73.3%
2026-05-21T16:24:41.284749,1779369881.284749,TRAIN_EPOCH,2,0.6292,76.7,,,,,  Epoch  2  Loss=0.6292  Acc=76.7%
2026-05-21T16:24:41.434530,1779369881.4345307,TRAIN_EPOCH,3,0.6168,76.7,,,,,  Epoch  3  Loss=0.6168  Acc=76.7%
2026-05-21T16:24:41.582764,1779369881.5827641,TRAIN_EPOCH,4,0.6087,73.3,,,,,  Epoch  4  Loss=0.6087  Acc=73.3%
2026-05-21T16:24:41.730125,1779369881.7301254,TRAIN_EPOCH,5,0.6024,73.3,,,,,  Epoch  5  Loss=0.6024  Acc=73.3%
2026-05-21T16:24:41.877884,1779369881.8778844,TRAIN_EPOCH,6,0.5975,73.3,,,,,  Epoch  6  Loss=0.5975  Acc=73.3%
2026-05-21T16:24:42.035400,1779369882.0354002,TRAIN_EPOCH,7,0.593,66.7,,,,,  Epoch  7  Loss=0.5930  Acc=66.7%
2026-05-21T16:24:42.183045,1779369882.1830454,TRAIN_EPOCH,8,0.5891,66.7,,,,,  Epoch  8  Loss=0.5891  Acc=66.7%
2026-05-21T16:24:42.330021,1779369882.3300216,TRAIN_EPOCH,9,0.586,66.7,,,,,  Epoch  9  Loss=0.5860  Acc=66.7%
2026-05-21T16:24:42.477882,1779369882.4778824,TRAIN_EPOCH,10,0.5827,66.7,,,,,  Epoch 10  Loss=0.5827  Acc=66.7%
2026-05-21T16:24:42.637178,1779369882.6371787,TRAIN_EPOCH,11,0.5796,66.7,,,,,  Epoch 11  Loss=0.5796  Acc=66.7%
2026-05-21T16:24:42.785165,1779369882.7851653,TRAIN_EPOCH,12,0.5771,66.7,,,,,  Epoch 12  Loss=0.5771  Acc=66.7%
2026-05-21T16:24:42.932995,1779369882.932995,TRAIN_EPOCH,13,0.5742,66.7,,,,,  Epoch 13  Loss=0.5742  Acc=66.7%
2026-05-21T16:24:43.091245,1779369883.091246,TRAIN_EPOCH,14,0.5721,66.7,,,,,  Epoch 14  Loss=0.5721  Acc=66.7%
2026-05-21T16:24:43.093531,1779369883.0935318,VALIDATION,,,,60.0,10,,,[ACCURACY] Validation: 60.0% (n=10)
2026-05-21T16:24:43.096495,1779369883.0974913,FL,,,,,,,"B1 pre-pack: min=-10.2624, max=6.6984, mean=0.3182","[FL] B1 pre-pack: min=-10.2624, max=6.6984, mean=0.3182"
2026-05-21T16:24:43.098056,1779369883.098057,FL,,,,,,,Model sent (72 bytes),[FL] Model sent (72 bytes)
2026-05-21T16:24:43.099066,1779369883.0990663,NEW_SAMPLE,,,,,30,other,,[DATA] class=other (n=30)
2026-05-21T16:24:43.235615,1779369883.235615,BLE,,,,,,,Received global model (64 bytes),[BLE] Received global model (64 bytes)
2026-05-21T16:24:43.241456,1779369883.241457,FL,,,,,,,Global model updated (Adam reset),[FL] Global model updated (Adam reset)
2026-05-21T16:24:43.241843,1779369883.2418432,FL,,,,,,,"B1 unpacked: min=-9.4488, max=6.1417, mean=0.2633","[FL] B1 unpacked: min=-9.4488, max=6.1417, mean=0.2633"
2026-05-21T16:24:45.093952,1779369885.0939522,NEW_SAMPLE,,,,,30,horse,,[DATA] class=horse (n=30)
2026-05-21T16:24:47.094243,1779369887.094243,NEW_SAMPLE,,,,,30,cat,,[DATA] class=cat (n=30)
2026-05-21T16:24:49.100603,1779369889.1006033,NEW_SAMPLE,,,,,30,cat,,[DATA] class=cat (n=30)
2026-05-21T16:24:51.098334,1779369891.0983348,NEW_SAMPLE,,,,,30,other,,[DATA] class=other (n=30)
2026-05-21T16:24:53.095791,1779369893.0957918,NEW_SAMPLE,,,,,30,cat,,[DATA] class=cat (n=30)
2026-05-21T16:24:55.092273,1779369895.092273,NEW_SAMPLE,,,,,30,cat,,[DATA] class=cat (n=30)
2026-05-21T16:24:57.097121,1779369897.0971212,NEW_SAMPLE,,,,,30,other,,[DATA] class=other (n=30)
2026-05-21T16:24:59.094411,1779369899.0944118,NEW_SAMPLE,,,,,30,horse,,[DATA] class=horse (n=30)
2026-05-21T16:25:00.843491,1779369900.8434918,FL,,,,,,,Local training (4-class cross-entropy),[FL] Local training (4-class cross-entropy)
2026-05-21T16:25:00.981133,1779369900.9811332,TRAIN_EPOCH,0,0.4978,80.0,,,,,  Epoch  0  Loss=0.4978  Acc=80.0%
2026-05-21T16:25:01.129343,1779369901.129343,TRAIN_EPOCH,1,0.4707,76.7,,,,,  Epoch  1  Loss=0.4707  Acc=76.7%
2026-05-21T16:25:01.276321,1779369901.276321,TRAIN_EPOCH,2,0.448,76.7,,,,,  Epoch  2  Loss=0.4480  Acc=76.7%
2026-05-21T16:25:01.436098,1779369901.436098,TRAIN_EPOCH,3,0.4415,76.7,,,,,  Epoch  3  Loss=0.4415  Acc=76.7%
2026-05-21T16:25:01.583970,1779369901.5839703,TRAIN_EPOCH,4,0.436,83.3,,,,,  Epoch  4  Loss=0.4360  Acc=83.3%
2026-05-21T16:25:01.731577,1779369901.7315779,TRAIN_EPOCH,5,0.4302,83.3,,,,,  Epoch  5  Loss=0.4302  Acc=83.3%
2026-05-21T16:25:01.879236,1779369901.8792365,TRAIN_EPOCH,6,0.4282,83.3,,,,,  Epoch  6  Loss=0.4282  Acc=83.3%
2026-05-21T16:25:02.026853,1779369902.026853,TRAIN_EPOCH,7,0.4227,83.3,,,,,  Epoch  7  Loss=0.4227  Acc=83.3%
2026-05-21T16:25:02.186346,1779369902.1863465,TRAIN_EPOCH,8,0.4219,83.3,,,,,  Epoch  8  Loss=0.4219  Acc=83.3%
2026-05-21T16:25:02.334922,1779369902.3349228,TRAIN_EPOCH,9,0.4163,83.3,,,,,  Epoch  9  Loss=0.4163  Acc=83.3%
2026-05-21T16:25:02.482538,1779369902.4825382,TRAIN_EPOCH,10,0.4163,83.3,,,,,  Epoch 10  Loss=0.4163  Acc=83.3%
2026-05-21T16:25:02.631894,1779369902.6318948,TRAIN_EPOCH,11,0.4109,83.3,,,,,  Epoch 11  Loss=0.4109  Acc=83.3%
2026-05-21T16:25:02.779327,1779369902.779327,TRAIN_EPOCH,12,0.4111,83.3,,,,,  Epoch 12  Loss=0.4111  Acc=83.3%
2026-05-21T16:25:02.936372,1779369902.9363723,TRAIN_EPOCH,13,0.406,83.3,,,,,  Epoch 13  Loss=0.4060  Acc=83.3%
2026-05-21T16:25:03.083817,1779369903.0838172,TRAIN_EPOCH,14,0.405,83.3,,,,,  Epoch 14  Loss=0.4050  Acc=83.3%
2026-05-21T16:25:03.088118,1779369903.088118,VALIDATION,,,,80.0,10,,,[ACCURACY] Validation: 80.0% (n=10)
2026-05-21T16:25:03.090570,1779369903.0905704,FL,,,,,,,"B1 pre-pack: min=-10.2533, max=6.2398, mean=0.3071","[FL] B1 pre-pack: min=-10.2533, max=6.2398, mean=0.3071"
2026-05-21T16:25:03.092909,1779369903.0929093,FL,,,,,,,Model sent (72 bytes),[FL] Model sent (72 bytes)
2026-05-21T16:25:03.094906,1779369903.0949066,NEW_SAMPLE,,,,,30,dog,,[DATA] class=dog (n=30)
2026-05-21T16:25:03.221796,1779369903.221796,BLE,,,,,,,Received global model (64 bytes),[BLE] Received global model (64 bytes)
2026-05-21T16:25:03.224639,1779369903.2246394,FL,,,,,,,Global model updated (Adam reset),[FL] Global model updated (Adam reset)
2026-05-21T16:25:03.226627,1779369903.2266276,FL,,,,,,,"B1 unpacked: min=-9.7638, max=6.1417, mean=0.2854","[FL] B1 unpacked: min=-9.7638, max=6.1417, mean=0.2854"
2026-05-21T16:25:05.097773,1779369905.0977738,NEW_SAMPLE,,,,,30,dog,,[DATA] class=dog (n=30)
2026-05-21T16:25:07.091240,1779369907.0912402,NEW_SAMPLE,,,,,30,cat,,[DATA] class=cat (n=30)
2026-05-21T16:25:09.097298,1779369909.0972989,NEW_SAMPLE,,,,,30,cat,,[DATA] class=cat (n=30)
2026-05-21T16:25:11.094524,1779369911.0945249,NEW_SAMPLE,,,,,30,cat,,[DATA] class=cat (n=30)
2026-05-21T16:25:13.091324,1779369913.0913243,NEW_SAMPLE,,,,,30,cat,,[DATA] class=cat (n=30)
2026-05-21T16:25:15.098141,1779369915.098141,NEW_SAMPLE,,,,,30,other,,[DATA] class=other (n=30)
2026-05-21T16:25:17.095521,1779369917.0955212,NEW_SAMPLE,,,,,30,dog,,[DATA] class=dog (n=30)
2026-05-21T16:25:19.093066,1779369919.0930665,NEW_SAMPLE,,,,,30,other,,[DATA] class=other (n=30)
2026-05-21T16:25:20.836288,1779369920.8362885,FL,,,,,,,Local training (4-class cross-entropy),[FL] Local training (4-class cross-entropy)
2026-05-21T16:25:20.982896,1779369920.9828963,TRAIN_EPOCH,0,0.4717,73.3,,,,,  Epoch  0  Loss=0.4717  Acc=73.3%
2026-05-21T16:25:21.132404,1779369921.1324046,TRAIN_EPOCH,1,0.4414,80.0,,,,,  Epoch  1  Loss=0.4414  Acc=80.0%
2026-05-21T16:25:21.280205,1779369921.2802052,TRAIN_EPOCH,2,0.4291,80.0,,,,,  Epoch  2  Loss=0.4291  Acc=80.0%
2026-05-21T16:25:21.427419,1779369921.4274192,TRAIN_EPOCH,3,0.4204,80.0,,,,,  Epoch  3  Loss=0.4204  Acc=80.0%
2026-05-21T16:25:21.587329,1779369921.587329,TRAIN_EPOCH,4,0.4136,80.0,,,,,  Epoch  4  Loss=0.4136  Acc=80.0%
2026-05-21T16:25:21.734345,1779369921.734345,TRAIN_EPOCH,5,0.4078,86.7,,,,,  Epoch  5  Loss=0.4078  Acc=86.7%
2026-05-21T16:25:21.880620,1779369921.88062,TRAIN_EPOCH,6,0.4026,86.7,,,,,  Epoch  6  Loss=0.4026  Acc=86.7%
2026-05-21T16:25:22.029325,1779369922.0293257,TRAIN_EPOCH,7,0.3978,90.0,,,,,  Epoch  7  Loss=0.3978  Acc=90.0%
2026-05-21T16:25:22.186337,1779369922.1863372,TRAIN_EPOCH,8,0.3923,90.0,,,,,  Epoch  8  Loss=0.3923  Acc=90.0%
2026-05-21T16:25:22.335447,1779369922.335447,TRAIN_EPOCH,9,0.3913,90.0,,,,,  Epoch  9  Loss=0.3913  Acc=90.0%
2026-05-21T16:25:22.483820,1779369922.483821,TRAIN_EPOCH,10,0.3863,93.3,,,,,  Epoch 10  Loss=0.3863  Acc=93.3%
2026-05-21T16:25:22.632377,1779369922.6323771,TRAIN_EPOCH,11,0.3828,93.3,,,,,  Epoch 11  Loss=0.3828  Acc=93.3%
2026-05-21T16:25:22.781134,1779369922.7811341,TRAIN_EPOCH,12,0.3785,93.3,,,,,  Epoch 12  Loss=0.3785  Acc=93.3%
2026-05-21T16:25:22.939869,1779369922.9398694,TRAIN_EPOCH,13,0.3773,93.3,,,,,  Epoch 13  Loss=0.3773  Acc=93.3%
2026-05-21T16:25:23.090125,1779369923.0901256,TRAIN_EPOCH,14,0.3731,93.3,,,,,  Epoch 14  Loss=0.3731  Acc=93.3%
2026-05-21T16:25:23.092119,1779369923.0921197,VALIDATION,,,,100.0,10,,,[ACCURACY] Validation: 100.0% (n=10)
2026-05-21T16:25:23.095111,1779369923.0951116,FL,,,,,,,"B1 pre-pack: min=-10.1226, max=6.9082, mean=0.2833","[FL] B1 pre-pack: min=-10.1226, max=6.9082, mean=0.2833"
2026-05-21T16:25:23.096109,1779369923.0961094,FL,,,,,,,Model sent (72 bytes),[FL] Model sent (72 bytes)
2026-05-21T16:25:23.097068,1779369923.0970683,NEW_SAMPLE,,,,,30,horse,,[DATA] class=horse (n=30)
2026-05-21T16:25:23.264340,1779369923.2643404,BLE,,,,,,,Received global model (64 bytes),[BLE] Received global model (64 bytes)
2026-05-21T16:25:23.265092,1779369923.2650921,FL,,,,,,,Global model updated (Adam reset),[FL] Global model updated (Adam reset)
2026-05-21T16:25:23.265092,1779369923.2650921,FL,,,,,,,"B1 unpacked: min=-9.9213, max=6.5354, mean=0.2904","[FL] B1 unpacked: min=-9.9213, max=6.5354, mean=0.2904"
2026-05-21T16:25:25.092986,1779369925.0929868,NEW_SAMPLE,,,,,30,other,,[DATA] class=other (n=30)
2026-05-21T16:25:27.093041,1779369927.0930414,NEW_SAMPLE,,,,,30,dog,,[DATA] class=dog (n=30)
2026-05-21T16:25:29.100026,1779369929.1000268,NEW_SAMPLE,,,,,30,other,,[DATA] class=other (n=30)
2026-05-21T16:25:31.098982,1779369931.098982,NEW_SAMPLE,,,,,30,cat,,[DATA] class=cat (n=30)
2026-05-21T16:25:33.098976,1779369933.0989766,NEW_SAMPLE,,,,,30,cat,,[DATA] class=cat (n=30)
2026-05-21T16:25:35.092946,1779369935.092947,NEW_SAMPLE,,,,,30,other,,[DATA] class=other (n=30)
2026-05-21T16:25:37.092866,1779369937.0928664,NEW_SAMPLE,,,,,30,horse,,[DATA] class=horse (n=30)
2026-05-21T16:25:39.092926,1779369939.0929265,NEW_SAMPLE,,,,,30,dog,,[DATA] class=dog (n=30)
2026-05-21T16:25:40.839475,1779369940.8394759,FL,,,,,,,Local training (4-class cross-entropy),[FL] Local training (4-class cross-entropy)
2026-05-21T16:25:40.979147,1779369940.9791472,TRAIN_EPOCH,0,0.5842,83.3,,,,,  Epoch  0  Loss=0.5842  Acc=83.3%
2026-05-21T16:25:41.136462,1779369941.1364627,TRAIN_EPOCH,1,0.4952,76.7,,,,,  Epoch  1  Loss=0.4952  Acc=76.7%
2026-05-21T16:25:41.284692,1779369941.2846928,TRAIN_EPOCH,2,0.483,76.7,,,,,  Epoch  2  Loss=0.4830  Acc=76.7%
2026-05-21T16:25:41.431016,1779369941.4310167,TRAIN_EPOCH,3,0.4701,76.7,,,,,  Epoch  3  Loss=0.4701  Acc=76.7%
2026-05-21T16:25:41.578274,1779369941.5782747,TRAIN_EPOCH,4,0.4623,76.7,,,,,  Epoch  4  Loss=0.4623  Acc=76.7%
2026-05-21T16:25:41.738038,1779369941.7380383,TRAIN_EPOCH,5,0.454,76.7,,,,,  Epoch  5  Loss=0.4540  Acc=76.7%
2026-05-21T16:25:41.885546,1779369941.8855467,TRAIN_EPOCH,6,0.448,76.7,,,,,  Epoch  6  Loss=0.4480  Acc=76.7%
2026-05-21T16:25:42.033510,1779369942.0335104,TRAIN_EPOCH,7,0.4427,80.0,,,,,  Epoch  7  Loss=0.4427  Acc=80.0%
2026-05-21T16:25:42.182921,1779369942.1829216,TRAIN_EPOCH,8,0.4372,80.0,,,,,  Epoch  8  Loss=0.4372  Acc=80.0%
2026-05-21T16:25:42.331918,1779369942.3319185,TRAIN_EPOCH,9,0.4325,80.0,,,,,  Epoch  9  Loss=0.4325  Acc=80.0%
2026-05-21T16:25:42.479880,1779369942.4798808,TRAIN_EPOCH,10,0.4281,80.0,,,,,  Epoch 10  Loss=0.4281  Acc=80.0%
2026-05-21T16:25:42.629451,1779369942.6294515,TRAIN_EPOCH,11,0.4242,80.0,,,,,  Epoch 11  Loss=0.4242  Acc=80.0%
2026-05-21T16:25:42.788752,1779369942.7887518,TRAIN_EPOCH,12,0.4198,80.0,,,,,  Epoch 12  Loss=0.4198  Acc=80.0%
2026-05-21T16:25:42.935496,1779369942.935496,TRAIN_EPOCH,13,0.4164,80.0,,,,,  Epoch 13  Loss=0.4164  Acc=80.0%
2026-05-21T16:25:43.083369,1779369943.083369,TRAIN_EPOCH,14,0.4129,80.0,,,,,  Epoch 14  Loss=0.4129  Acc=80.0%
2026-05-21T16:25:43.087514,1779369943.0875142,VALIDATION,,,,70.0,10,,,[ACCURACY] Validation: 70.0% (n=10)
2026-05-21T16:25:43.088835,1779369943.088835,FL,,,,,,,"B1 pre-pack: min=-10.6248, max=6.4912, mean=0.2376","[FL] B1 pre-pack: min=-10.6248, max=6.4912, mean=0.2376"
2026-05-21T16:25:43.092349,1779369943.09235,FL,,,,,,,Model sent (72 bytes),[FL] Model sent (72 bytes)
2026-05-21T16:25:43.093342,1779369943.093342,NEW_SAMPLE,,,,,30,cat,,[DATA] class=cat (n=30)
2026-05-21T16:25:43.239634,1779369943.2396343,BLE,,,,,,,Received global model (64 bytes),[BLE] Received global model (64 bytes)
2026-05-21T16:25:43.242323,1779369943.242323,FL,,,,,,,Global model updated (Adam reset),[FL] Global model updated (Adam reset)
2026-05-21T16:25:43.242717,1779369943.2427175,FL,,,,,,,"B1 unpacked: min=-10.0000, max=6.5354, mean=0.2731","[FL] B1 unpacked: min=-10.0000, max=6.5354, mean=0.2731"
2026-05-21T16:25:45.090245,1779369945.0902455,NEW_SAMPLE,,,,,30,dog,,[DATA] class=dog (n=30)
2026-05-21T16:25:47.090258,1779369947.0902581,NEW_SAMPLE,,,,,30,other,,[DATA] class=other (n=30)
2026-05-21T16:25:49.095261,1779369949.0952613,NEW_SAMPLE,,,,,30,dog,,[DATA] class=dog (n=30)
2026-05-21T16:25:51.090893,1779369951.090893,NEW_SAMPLE,,,,,30,dog,,[DATA] class=dog (n=30)
2026-05-21T16:25:53.093616,1779369953.0936167,NEW_SAMPLE,,,,,30,horse,,[DATA] class=horse (n=30)
2026-05-21T16:25:55.101053,1779369955.1010532,NEW_SAMPLE,,,,,30,other,,[DATA] class=other (n=30)
2026-05-21T16:25:57.095011,1779369957.0950112,NEW_SAMPLE,,,,,30,cat,,[DATA] class=cat (n=30)
2026-05-21T16:25:59.095337,1779369959.0953376,NEW_SAMPLE,,,,,30,cat,,[DATA] class=cat (n=30)
2026-05-21T16:26:00.839539,1779369960.83954,FL,,,,,,,Local training (4-class cross-entropy),[FL] Local training (4-class cross-entropy)
2026-05-21T16:26:00.985324,1779369960.9853241,TRAIN_EPOCH,0,0.468,76.7,,,,,  Epoch  0  Loss=0.4680  Acc=76.7%
2026-05-21T16:26:01.134595,1779369961.1345954,TRAIN_EPOCH,1,0.4048,83.3,,,,,  Epoch  1  Loss=0.4048  Acc=83.3%
2026-05-21T16:26:01.283049,1779369961.283049,TRAIN_EPOCH,2,0.3915,80.0,,,,,  Epoch  2  Loss=0.3915  Acc=80.0%
2026-05-21T16:26:01.430647,1779369961.4306471,TRAIN_EPOCH,3,0.385,76.7,,,,,  Epoch  3  Loss=0.3850  Acc=76.7%
2026-05-21T16:26:01.578695,1779369961.5786958,TRAIN_EPOCH,4,0.3802,76.7,,,,,  Epoch  4  Loss=0.3802  Acc=76.7%
2026-05-21T16:26:01.726403,1779369961.7264035,TRAIN_EPOCH,5,0.3759,80.0,,,,,  Epoch  5  Loss=0.3759  Acc=80.0%
2026-05-21T16:26:01.884031,1779369961.8840315,TRAIN_EPOCH,6,0.3718,80.0,,,,,  Epoch  6  Loss=0.3718  Acc=80.0%
2026-05-21T16:26:02.033242,1779369962.0332422,TRAIN_EPOCH,7,0.368,83.3,,,,,  Epoch  7  Loss=0.3680  Acc=83.3%
2026-05-21T16:26:02.180855,1779369962.1808553,TRAIN_EPOCH,8,0.3644,83.3,,,,,  Epoch  8  Loss=0.3644  Acc=83.3%
2026-05-21T16:26:02.329229,1779369962.3292294,TRAIN_EPOCH,9,0.361,83.3,,,,,  Epoch  9  Loss=0.3610  Acc=83.3%
2026-05-21T16:26:02.486300,1779369962.4863002,TRAIN_EPOCH,10,0.3577,83.3,,,,,  Epoch 10  Loss=0.3577  Acc=83.3%
2026-05-21T16:26:02.635237,1779369962.635238,TRAIN_EPOCH,11,0.3545,83.3,,,,,  Epoch 11  Loss=0.3545  Acc=83.3%
2026-05-21T16:26:02.781945,1779369962.781945,TRAIN_EPOCH,12,0.3515,83.3,,,,,  Epoch 12  Loss=0.3515  Acc=83.3%
2026-05-21T16:26:02.932270,1779369962.9322705,TRAIN_EPOCH,13,0.3486,83.3,,,,,  Epoch 13  Loss=0.3486  Acc=83.3%
2026-05-21T16:26:03.090239,1779369963.0902398,TRAIN_EPOCH,14,0.3458,83.3,,,,,  Epoch 14  Loss=0.3458  Acc=83.3%
2026-05-21T16:26:03.091322,1779369963.0913227,VALIDATION,,,,90.0,10,,,[ACCURACY] Validation: 90.0% (n=10)
2026-05-21T16:26:03.092826,1779369963.0928266,FL,,,,,,,"B1 pre-pack: min=-10.2430, max=6.3493, mean=0.2346","[FL] B1 pre-pack: min=-10.2430, max=6.3493, mean=0.2346"
2026-05-21T16:26:03.093035,1779369963.0930352,FL,,,,,,,Model sent (72 bytes),[FL] Model sent (72 bytes)
2026-05-21T16:26:03.094036,1779369963.0940366,NEW_SAMPLE,,,,,30,other,,[DATA] class=other (n=30)
2026-05-21T16:26:03.221154,1779369963.221155,BLE,,,,,,,Received global model (64 bytes),[BLE] Received global model (64 bytes)
2026-05-21T16:26:03.224096,1779369963.2240965,FL,,,,,,,Global model updated (Adam reset),[FL] Global model updated (Adam reset)
2026-05-21T16:26:03.226592,1779369963.2265928,FL,,,,,,,"B1 unpacked: min=-10.0000, max=6.4567, mean=0.2559","[FL] B1 unpacked: min=-10.0000, max=6.4567, mean=0.2559"
2026-05-21T16:26:05.092828,1779369965.0928288,NEW_SAMPLE,,,,,30,cat,,[DATA] class=cat (n=30)
2026-05-21T16:26:07.095747,1779369967.095747,NEW_SAMPLE,,,,,30,other,,[DATA] class=other (n=30)
2026-05-21T16:26:09.101072,1779369969.1010723,NEW_SAMPLE,,,,,30,horse,,[DATA] class=horse (n=30)
2026-05-21T16:26:11.097348,1779369971.0973482,NEW_SAMPLE,,,,,30,cat,,[DATA] class=cat (n=30)
2026-05-21T16:26:13.097227,1779369973.0972278,NEW_SAMPLE,,,,,30,dog,,[DATA] class=dog (n=30)
2026-05-21T16:26:15.099746,1779369975.0997467,NEW_SAMPLE,,,,,30,cat,,[DATA] class=cat (n=30)
2026-05-21T16:26:17.094837,1779369977.094837,NEW_SAMPLE,,,,,30,other,,[DATA] class=other (n=30)
2026-05-21T16:26:19.098554,1779369979.0985541,NEW_SAMPLE,,,,,30,dog,,[DATA] class=dog (n=30)
2026-05-21T16:26:20.844475,1779369980.8444755,FL,,,,,,,Local training (4-class cross-entropy),[FL] Local training (4-class cross-entropy)
2026-05-21T16:26:20.981430,1779369980.9814303,TRAIN_EPOCH,0,0.3974,80.0,,,,,  Epoch  0  Loss=0.3974  Acc=80.0%
2026-05-21T16:26:21.129207,1779369981.1292074,TRAIN_EPOCH,1,0.3534,83.3,,,,,  Epoch  1  Loss=0.3534  Acc=83.3%
2026-05-21T16:26:21.279504,1779369981.2795043,TRAIN_EPOCH,2,0.3442,80.0,,,,,  Epoch  2  Loss=0.3442  Acc=80.0%
2026-05-21T16:26:21.427132,1779369981.4271321,TRAIN_EPOCH,3,0.3285,83.3,,,,,  Epoch  3  Loss=0.3285  Acc=83.3%
2026-05-21T16:26:21.586027,1779369981.5860271,TRAIN_EPOCH,4,0.323,86.7,,,,,  Epoch  4  Loss=0.3230  Acc=86.7%
2026-05-21T16:26:21.734979,1779369981.7349796,TRAIN_EPOCH,5,0.3198,86.7,,,,,  Epoch  5  Loss=0.3198  Acc=86.7%
2026-05-21T16:26:21.884765,1779369981.884765,TRAIN_EPOCH,6,0.315,86.7,,,,,  Epoch  6  Loss=0.3150  Acc=86.7%
2026-05-21T16:26:22.032070,1779369982.0320706,TRAIN_EPOCH,7,0.3132,86.7,,,,,  Epoch  7  Loss=0.3132  Acc=86.7%
2026-05-21T16:26:22.179622,1779369982.1796227,TRAIN_EPOCH,8,0.3095,86.7,,,,,  Epoch  8  Loss=0.3095  Acc=86.7%
2026-05-21T16:26:22.328257,1779369982.328257,TRAIN_EPOCH,9,0.3087,86.7,,,,,  Epoch  9  Loss=0.3087  Acc=86.7%
2026-05-21T16:26:22.485478,1779369982.4854786,TRAIN_EPOCH,10,0.3053,86.7,,,,,  Epoch 10  Loss=0.3053  Acc=86.7%
2026-05-21T16:26:22.632700,1779369982.632701,TRAIN_EPOCH,11,0.3051,86.7,,,,,  Epoch 11  Loss=0.3051  Acc=86.7%
2026-05-21T16:26:22.779219,1779369982.7792196,TRAIN_EPOCH,12,0.3019,86.7,,,,,  Epoch 12  Loss=0.3019  Acc=86.7%
2026-05-21T16:26:22.938300,1779369982.9383006,TRAIN_EPOCH,13,0.3018,86.7,,,,,  Epoch 13  Loss=0.3018  Acc=86.7%
2026-05-21T16:26:23.084662,1779369983.0846627,TRAIN_EPOCH,14,0.2988,86.7,,,,,  Epoch 14  Loss=0.2988  Acc=86.7%
2026-05-21T16:26:23.088278,1779369983.0882783,VALIDATION,,,,100.0,10,,,[ACCURACY] Validation: 100.0% (n=10)
2026-05-21T16:26:23.090313,1779369983.090314,FL,,,,,,,"B1 pre-pack: min=-10.8483, max=6.5047, mean=0.2389","[FL] B1 pre-pack: min=-10.8483, max=6.5047, mean=0.2389"
2026-05-21T16:26:23.102051,1779369983.1020515,FL,,,,,,,Model sent (72 bytes),[FL] Model sent (72 bytes)
2026-05-21T16:26:23.102051,1779369983.1020515,NEW_SAMPLE,,,,,30,dog,,[DATA] class=dog (n=30)
2026-05-21T16:26:23.260903,1779369983.2609036,BLE,,,,,,,Received global model (64 bytes),[BLE] Received global model (64 bytes)
2026-05-21T16:26:23.263868,1779369983.2638683,FL,,,,,,,Global model updated (Adam reset),[FL] Global model updated (Adam reset)
2026-05-21T16:26:23.266884,1779369983.2668848,FL,,,,,,,"B1 unpacked: min=-10.0787, max=6.2992, mean=0.2559","[FL] B1 unpacked: min=-10.0787, max=6.2992, mean=0.2559"
2026-05-21T16:26:25.097657,1779369985.0976572,NEW_SAMPLE,,,,,30,cat,,[DATA] class=cat (n=30)
2026-05-21T16:26:27.092476,1779369987.0924761,NEW_SAMPLE,,,,,30,horse,,[DATA] class=horse (n=30)
2026-05-21T16:26:29.096083,1779369989.0960836,NEW_SAMPLE,,,,,30,cat,,[DATA] class=cat (n=30)
2026-05-21T16:26:31.095285,1779369991.095285,NEW_SAMPLE,,,,,30,dog,,[DATA] class=dog (n=30)
2026-05-21T16:26:33.092961,1779369993.0929613,NEW_SAMPLE,,,,,30,other,,[DATA] class=other (n=30)
2026-05-21T16:26:35.099121,1779369995.0991209,NEW_SAMPLE,,,,,30,horse,,[DATA] class=horse (n=30)
2026-05-21T16:26:37.097432,1779369997.0974326,NEW_SAMPLE,,,,,30,horse,,[DATA] class=horse (n=30)
2026-05-21T16:26:39.089993,1779369999.0899932,NEW_SAMPLE,,,,,30,cat,,[DATA] class=cat (n=30)
2026-05-21T16:26:40.843932,1779370000.8439329,FL,,,,,,,Local training (4-class cross-entropy),[FL] Local training (4-class cross-entropy)
2026-05-21T16:26:40.981594,1779370000.981594,TRAIN_EPOCH,0,0.4392,80.0,,,,,  Epoch  0  Loss=0.4392  Acc=80.0%
2026-05-21T16:26:41.129308,1779370001.1293085,TRAIN_EPOCH,1,0.3735,86.7,,,,,  Epoch  1  Loss=0.3735  Acc=86.7%
2026-05-21T16:26:41.286347,1779370001.286347,TRAIN_EPOCH,2,0.3694,90.0,,,,,  Epoch  2  Loss=0.3694  Acc=90.0%
2026-05-21T16:26:41.434145,1779370001.4341452,TRAIN_EPOCH,3,0.3595,90.0,,,,,  Epoch  3  Loss=0.3595  Acc=90.0%
2026-05-21T16:26:41.582168,1779370001.5821683,TRAIN_EPOCH,4,0.3506,90.0,,,,,  Epoch  4  Loss=0.3506  Acc=90.0%
2026-05-21T16:26:41.729872,1779370001.729873,TRAIN_EPOCH,5,0.3476,90.0,,,,,  Epoch  5  Loss=0.3476  Acc=90.0%
2026-05-21T16:26:41.877263,1779370001.877263,TRAIN_EPOCH,6,0.3449,90.0,,,,,  Epoch  6  Loss=0.3449  Acc=90.0%
2026-05-21T16:26:42.035000,1779370002.035,TRAIN_EPOCH,7,0.3427,90.0,,,,,  Epoch  7  Loss=0.3427  Acc=90.0%
2026-05-21T16:26:42.182518,1779370002.1825182,TRAIN_EPOCH,8,0.3408,90.0,,,,,  Epoch  8  Loss=0.3408  Acc=90.0%
2026-05-21T16:26:42.328807,1779370002.328807,TRAIN_EPOCH,9,0.339,90.0,,,,,  Epoch  9  Loss=0.3390  Acc=90.0%
2026-05-21T16:26:42.478489,1779370002.4784894,TRAIN_EPOCH,10,0.3372,90.0,,,,,  Epoch 10  Loss=0.3372  Acc=90.0%
2026-05-21T16:26:42.628684,1779370002.628684,TRAIN_EPOCH,11,0.3355,90.0,,,,,  Epoch 11  Loss=0.3355  Acc=90.0%
2026-05-21T16:26:42.786341,1779370002.786342,TRAIN_EPOCH,12,0.3339,90.0,,,,,  Epoch 12  Loss=0.3339  Acc=90.0%
2026-05-21T16:26:42.935539,1779370002.935539,TRAIN_EPOCH,13,0.3324,90.0,,,,,  Epoch 13  Loss=0.3324  Acc=90.0%
2026-05-21T16:26:43.086708,1779370003.0867085,TRAIN_EPOCH,14,0.3308,90.0,,,,,  Epoch 14  Loss=0.3308  Acc=90.0%
2026-05-21T16:26:43.089241,1779370003.089241,VALIDATION,,,,90.0,10,,,[ACCURACY] Validation: 90.0% (n=10)
2026-05-21T16:26:43.092239,1779370003.0922396,FL,,,,,,,"B1 pre-pack: min=-10.7625, max=6.7015, mean=0.2116","[FL] B1 pre-pack: min=-10.7625, max=6.7015, mean=0.2116"
2026-05-21T16:26:43.093283,1779370003.0932832,FL,,,,,,,Model sent (72 bytes),[FL] Model sent (72 bytes)
2026-05-21T16:26:43.094232,1779370003.0942326,NEW_SAMPLE,,,,,30,dog,,[DATA] class=dog (n=30)
2026-05-21T16:26:43.243334,1779370003.2433348,BLE,,,,,,,Received global model (64 bytes),[BLE] Received global model (64 bytes)
2026-05-21T16:26:43.244332,1779370003.2443326,FL,,,,,,,Global model updated (Adam reset),[FL] Global model updated (Adam reset)
2026-05-21T16:26:43.244332,1779370003.2443326,FL,,,,,,,"B1 unpacked: min=-10.0787, max=6.4567, mean=0.2411","[FL] B1 unpacked: min=-10.0787, max=6.4567, mean=0.2411"
2026-05-21T16:26:45.097747,1779370005.0977478,NEW_SAMPLE,,,,,30,dog,,[DATA] class=dog (n=30)
2026-05-21T16:26:47.097177,1779370007.0971775,NEW_SAMPLE,,,,,30,other,,[DATA] class=other (n=30)
2026-05-21T16:26:49.099004,1779370009.099005,NEW_SAMPLE,,,,,30,dog,,[DATA] class=dog (n=30)
2026-05-21T16:26:51.099580,1779370011.0995808,NEW_SAMPLE,,,,,30,dog,,[DATA] class=dog (n=30)
2026-05-21T16:26:53.096353,1779370013.0963538,NEW_SAMPLE,,,,,30,horse,,[DATA] class=horse (n=30)
2026-05-21T16:26:55.095151,1779370015.095152,NEW_SAMPLE,,,,,30,dog,,[DATA] class=dog (n=30)
2026-05-21T16:26:57.097473,1779370017.0974734,NEW_SAMPLE,,,,,30,cat,,[DATA] class=cat (n=30)
2026-05-21T16:26:59.095062,1779370019.0950625,NEW_SAMPLE,,,,,30,other,,[DATA] class=other (n=30)
2026-05-21T16:27:00.843098,1779370020.8430986,FL,,,,,,,Local training (4-class cross-entropy),[FL] Local training (4-class cross-entropy)
2026-05-21T16:27:00.980007,1779370020.980008,TRAIN_EPOCH,0,0.4221,76.7,,,,,  Epoch  0  Loss=0.4221  Acc=76.7%
2026-05-21T16:27:01.127288,1779370021.127288,TRAIN_EPOCH,1,0.3896,86.7,,,,,  Epoch  1  Loss=0.3896  Acc=86.7%
2026-05-21T16:27:01.278624,1779370021.2786243,TRAIN_EPOCH,2,0.3753,86.7,,,,,  Epoch  2  Loss=0.3753  Acc=86.7%
2026-05-21T16:27:01.427544,1779370021.4275444,TRAIN_EPOCH,3,0.3665,86.7,,,,,  Epoch  3  Loss=0.3665  Acc=86.7%
2026-05-21T16:27:01.586092,1779370021.5860927,TRAIN_EPOCH,4,0.3565,90.0,,,,,  Epoch  4  Loss=0.3565  Acc=90.0%
2026-05-21T16:27:01.735611,1779370021.735612,TRAIN_EPOCH,5,0.352,90.0,,,,,  Epoch  5  Loss=0.3520  Acc=90.0%
2026-05-21T16:27:01.885077,1779370021.8850772,TRAIN_EPOCH,6,0.3462,90.0,,,,,  Epoch  6  Loss=0.3462  Acc=90.0%
2026-05-21T16:27:02.033247,1779370022.033247,TRAIN_EPOCH,7,0.3395,90.0,,,,,  Epoch  7  Loss=0.3395  Acc=90.0%
2026-05-21T16:27:02.180836,1779370022.1808364,TRAIN_EPOCH,8,0.3367,90.0,,,,,  Epoch  8  Loss=0.3367  Acc=90.0%
2026-05-21T16:27:02.329669,1779370022.3296695,TRAIN_EPOCH,9,0.3338,90.0,,,,,  Epoch  9  Loss=0.3338  Acc=90.0%
2026-05-21T16:27:02.477856,1779370022.4778562,TRAIN_EPOCH,10,0.3308,90.0,,,,,  Epoch 10  Loss=0.3308  Acc=90.0%
2026-05-21T16:27:02.636948,1779370022.636948,TRAIN_EPOCH,11,0.3276,90.0,,,,,  Epoch 11  Loss=0.3276  Acc=90.0%
2026-05-21T16:27:02.784860,1779370022.7848606,TRAIN_EPOCH,12,0.325,90.0,,,,,  Epoch 12  Loss=0.3250  Acc=90.0%
2026-05-21T16:27:02.933340,1779370022.93334,TRAIN_EPOCH,13,0.3222,90.0,,,,,  Epoch 13  Loss=0.3222  Acc=90.0%
2026-05-21T16:27:03.091473,1779370023.0914733,TRAIN_EPOCH,14,0.3195,90.0,,,,,  Epoch 14  Loss=0.3195  Acc=90.0%
2026-05-21T16:27:03.094460,1779370023.0944607,VALIDATION,,,,90.0,10,,,[ACCURACY] Validation: 90.0% (n=10)
2026-05-21T16:27:03.097451,1779370023.0974514,FL,,,,,,,"B1 pre-pack: min=-10.7611, max=7.0997, mean=0.1743","[FL] B1 pre-pack: min=-10.7611, max=7.0997, mean=0.1743"
2026-05-21T16:27:03.098967,1779370023.0989678,FL,,,,,,,Model sent (72 bytes),[FL] Model sent (72 bytes)
2026-05-21T16:27:03.099971,1779370023.0999713,NEW_SAMPLE,,,,,30,horse,,[DATA] class=horse (n=30)
2026-05-21T16:27:03.225779,1779370023.2257793,BLE,,,,,,,Received global model (64 bytes),[BLE] Received global model (64 bytes)
2026-05-21T16:27:03.226819,1779370023.2268198,FL,,,,,,,Global model updated (Adam reset),[FL] Global model updated (Adam reset)
2026-05-21T16:27:03.227810,1779370023.2278109,FL,,,,,,,"B1 unpacked: min=-10.0787, max=6.7717, mean=0.2165","[FL] B1 unpacked: min=-10.0787, max=6.7717, mean=0.2165"
2026-05-21T16:27:05.098997,1779370025.0989974,NEW_SAMPLE,,,,,30,dog,,[DATA] class=dog (n=30)
2026-05-21T16:27:07.092906,1779370027.0929067,NEW_SAMPLE,,,,,30,dog,,[DATA] class=dog (n=30)
2026-05-21T16:27:09.094249,1779370029.0942492,NEW_SAMPLE,,,,,30,cat,,[DATA] class=cat (n=30)
2026-05-21T16:27:11.091287,1779370031.0912874,NEW_SAMPLE,,,,,30,cat,,[DATA] class=cat (n=30)
2026-05-21T16:27:13.099503,1779370033.0995033,NEW_SAMPLE,,,,,30,other,,[DATA] class=other (n=30)
2026-05-21T16:27:15.097950,1779370035.0979502,NEW_SAMPLE,,,,,30,other,,[DATA] class=other (n=30)
2026-05-21T16:27:17.093125,1779370037.093125,NEW_SAMPLE,,,,,30,other,,[DATA] class=other (n=30)
2026-05-21T16:27:19.099857,1779370039.0998578,NEW_SAMPLE,,,,,30,other,,[DATA] class=other (n=30)
2026-05-21T16:27:20.846340,1779370040.8463404,FL,,,,,,,Local training (4-class cross-entropy),[FL] Local training (4-class cross-entropy)
2026-05-21T16:27:20.983329,1779370040.9833295,TRAIN_EPOCH,0,0.4816,80.0,,,,,  Epoch  0  Loss=0.4816  Acc=80.0%
2026-05-21T16:27:21.131557,1779370041.1315577,TRAIN_EPOCH,1,0.4209,83.3,,,,,  Epoch  1  Loss=0.4209  Acc=83.3%
2026-05-21T16:27:21.280839,1779370041.2808394,TRAIN_EPOCH,2,0.3994,83.3,,,,,  Epoch  2  Loss=0.3994  Acc=83.3%
2026-05-21T16:27:21.429090,1779370041.42909,TRAIN_EPOCH,3,0.3916,83.3,,,,,  Epoch  3  Loss=0.3916  Acc=83.3%
2026-05-21T16:27:21.580076,1779370041.580076,TRAIN_EPOCH,4,0.3867,83.3,,,,,  Epoch  4  Loss=0.3867  Acc=83.3%
2026-05-21T16:27:21.730360,1779370041.7303605,TRAIN_EPOCH,5,0.3829,86.7,,,,,  Epoch  5  Loss=0.3829  Acc=86.7%
2026-05-21T16:27:21.878662,1779370041.878662,TRAIN_EPOCH,6,0.3783,86.7,,,,,  Epoch  6  Loss=0.3783  Acc=86.7%
2026-05-21T16:27:22.036632,1779370042.036632,TRAIN_EPOCH,7,0.3749,86.7,,,,,  Epoch  7  Loss=0.3749  Acc=86.7%
2026-05-21T16:27:22.184507,1779370042.1845074,TRAIN_EPOCH,8,0.3727,86.7,,,,,  Epoch  8  Loss=0.3727  Acc=86.7%
2026-05-21T16:27:22.334571,1779370042.3345714,TRAIN_EPOCH,9,0.3703,86.7,,,,,  Epoch  9  Loss=0.3703  Acc=86.7%
2026-05-21T16:27:22.484077,1779370042.4840775,TRAIN_EPOCH,10,0.3682,86.7,,,,,  Epoch 10  Loss=0.3682  Acc=86.7%
2026-05-21T16:27:22.632567,1779370042.632568,TRAIN_EPOCH,11,0.3666,86.7,,,,,  Epoch 11  Loss=0.3666  Acc=86.7%
2026-05-21T16:27:22.782024,1779370042.7820241,TRAIN_EPOCH,12,0.364,86.7,,,,,  Epoch 12  Loss=0.3640  Acc=86.7%
2026-05-21T16:27:22.940190,1779370042.940191,TRAIN_EPOCH,13,0.3633,86.7,,,,,  Epoch 13  Loss=0.3633  Acc=86.7%
2026-05-21T16:27:23.089654,1779370043.0896544,TRAIN_EPOCH,14,0.3596,86.7,,,,,  Epoch 14  Loss=0.3596  Acc=86.7%
2026-05-21T16:27:23.090576,1779370043.0905766,VALIDATION,,,,80.0,10,,,[ACCURACY] Validation: 80.0% (n=10)
2026-05-21T16:27:23.091577,1779370043.0915775,FL,,,,,,,"B1 pre-pack: min=-10.4254, max=7.3415, mean=0.1865","[FL] B1 pre-pack: min=-10.4254, max=7.3415, mean=0.1865"
2026-05-21T16:27:23.092573,1779370043.0925736,FL,,,,,,,Model sent (72 bytes),[FL] Model sent (72 bytes)
2026-05-21T16:27:23.093572,1779370043.0935726,NEW_SAMPLE,,,,,30,cat,,[DATA] class=cat (n=30)
2026-05-21T16:27:23.324493,1779370043.324494,BLE,,,,,,,Received global model (64 bytes),[BLE] Received global model (64 bytes)
2026-05-21T16:27:23.325361,1779370043.3253613,FL,,,,,,,Global model updated (Adam reset),[FL] Global model updated (Adam reset)
2026-05-21T16:27:23.326362,1779370043.3263626,FL,,,,,,,"B1 unpacked: min=-10.0787, max=7.0866, mean=0.2141","[FL] B1 unpacked: min=-10.0787, max=7.0866, mean=0.2141"
2026-05-21T16:27:25.092766,1779370045.0927668,NEW_SAMPLE,,,,,30,other,,[DATA] class=other (n=30)
2026-05-21T16:27:27.101195,1779370047.101195,NEW_SAMPLE,,,,,30,horse,,[DATA] class=horse (n=30)
2026-05-21T16:27:29.099815,1779370049.0998158,NEW_SAMPLE,,,,,30,cat,,[DATA] class=cat (n=30)
2026-05-21T16:27:31.094266,1779370051.094267,NEW_SAMPLE,,,,,30,other,,[DATA] class=other (n=30)
2026-05-21T16:27:33.099401,1779370053.099401,NEW_SAMPLE,,,,,30,other,,[DATA] class=other (n=30)
2026-05-21T16:27:35.097971,1779370055.097971,NEW_SAMPLE,,,,,30,other,,[DATA] class=other (n=30)
2026-05-21T16:27:37.096017,1779370057.0960176,NEW_SAMPLE,,,,,30,other,,[DATA] class=other (n=30)
2026-05-21T16:27:39.094296,1779370059.094296,NEW_SAMPLE,,,,,30,horse,,[DATA] class=horse (n=30)
2026-05-21T16:27:40.836573,1779370060.8365736,FL,,,,,,,Local training (4-class cross-entropy),[FL] Local training (4-class cross-entropy)
2026-05-21T16:27:40.984491,1779370060.984491,TRAIN_EPOCH,0,0.5465,76.7,,,,,  Epoch  0  Loss=0.5465  Acc=76.7%
2026-05-21T16:27:41.133360,1779370061.1333606,TRAIN_EPOCH,1,0.3747,83.3,,,,,  Epoch  1  Loss=0.3747  Acc=83.3%
2026-05-21T16:27:41.282310,1779370061.2823105,TRAIN_EPOCH,2,0.3875,86.7,,,,,  Epoch  2  Loss=0.3875  Acc=86.7%
2026-05-21T16:27:41.432468,1779370061.432469,TRAIN_EPOCH,3,0.3729,86.7,,,,,  Epoch  3  Loss=0.3729  Acc=86.7%
2026-05-21T16:27:41.580954,1779370061.5809543,TRAIN_EPOCH,4,0.3695,86.7,,,,,  Epoch  4  Loss=0.3695  Acc=86.7%
2026-05-21T16:27:41.731193,1779370061.7311933,TRAIN_EPOCH,5,0.3659,86.7,,,,,  Epoch  5  Loss=0.3659  Acc=86.7%
2026-05-21T16:27:41.881593,1779370061.881593,TRAIN_EPOCH,6,0.3629,86.7,,,,,  Epoch  6  Loss=0.3629  Acc=86.7%
2026-05-21T16:27:42.030324,1779370062.0303245,TRAIN_EPOCH,7,0.3603,86.7,,,,,  Epoch  7  Loss=0.3603  Acc=86.7%
2026-05-21T16:27:42.187879,1779370062.187879,TRAIN_EPOCH,8,0.3575,86.7,,,,,  Epoch  8  Loss=0.3575  Acc=86.7%
2026-05-21T16:27:42.335637,1779370062.3356376,TRAIN_EPOCH,9,0.3552,86.7,,,,,  Epoch  9  Loss=0.3552  Acc=86.7%
2026-05-21T16:27:42.486291,1779370062.4862912,TRAIN_EPOCH,10,0.3528,86.7,,,,,  Epoch 10  Loss=0.3528  Acc=86.7%
2026-05-21T16:27:42.636886,1779370062.6368866,TRAIN_EPOCH,11,0.3508,86.7,,,,,  Epoch 11  Loss=0.3508  Acc=86.7%
2026-05-21T16:27:42.786851,1779370062.7868512,TRAIN_EPOCH,12,0.3486,86.7,,,,,  Epoch 12  Loss=0.3486  Acc=86.7%
2026-05-21T16:27:42.936120,1779370062.93612,TRAIN_EPOCH,13,0.3466,86.7,,,,,  Epoch 13  Loss=0.3466  Acc=86.7%
2026-05-21T16:27:43.082913,1779370063.0829139,TRAIN_EPOCH,14,0.345,86.7,,,,,  Epoch 14  Loss=0.3450  Acc=86.7%
2026-05-21T16:27:43.087913,1779370063.0879138,VALIDATION,,,,90.0,10,,,[ACCURACY] Validation: 90.0% (n=10)
2026-05-21T16:27:43.090382,1779370063.090382,FL,,,,,,,"B1 pre-pack: min=-10.2916, max=7.5046, mean=0.1955","[FL] B1 pre-pack: min=-10.2916, max=7.5046, mean=0.1955"
2026-05-21T16:27:43.092337,1779370063.093333,FL,,,,,,,Model sent (72 bytes),[FL] Model sent (72 bytes)
2026-05-21T16:27:43.094319,1779370063.0943193,NEW_SAMPLE,,,,,30,cat,,[DATA] class=cat (n=30)
2026-05-21T16:27:43.242662,1779370063.242662,BLE,,,,,,,Received global model (64 bytes),[BLE] Received global model (64 bytes)
2026-05-21T16:27:43.245001,1779370063.2450013,FL,,,,,,,Global model updated (Adam reset),[FL] Global model updated (Adam reset)
2026-05-21T16:27:43.245408,1779370063.245408,FL,,,,,,,"B1 unpacked: min=-10.0787, max=7.2441, mean=0.2042","[FL] B1 unpacked: min=-10.0787, max=7.2441, mean=0.2042"
2026-05-21T16:27:45.096914,1779370065.0969145,NEW_SAMPLE,,,,,30,horse,,[DATA] class=horse (n=30)
2026-05-21T16:27:47.095497,1779370067.095498,NEW_SAMPLE,,,,,30,other,,[DATA] class=other (n=30)
2026-05-21T16:27:49.094207,1779370069.094207,NEW_SAMPLE,,,,,30,cat,,[DATA] class=cat (n=30)
2026-05-21T16:27:51.093781,1779370071.093781,NEW_SAMPLE,,,,,30,cat,,[DATA] class=cat (n=30)
2026-05-21T16:27:53.098588,1779370073.0985885,NEW_SAMPLE,,,,,30,dog,,[DATA] class=dog (n=30)
2026-05-21T16:27:55.100666,1779370075.100666,NEW_SAMPLE,,,,,30,horse,,[DATA] class=horse (n=30)
2026-05-21T16:27:57.100551,1779370077.1005514,NEW_SAMPLE,,,,,30,other,,[DATA] class=other (n=30)
2026-05-21T16:27:59.097843,1779370079.0978432,NEW_SAMPLE,,,,,30,other,,[DATA] class=other (n=30)
2026-05-21T16:28:00.835963,1779370080.8359632,FL,,,,,,,Local training (4-class cross-entropy),[FL] Local training (4-class cross-entropy)
2026-05-21T16:28:00.982424,1779370080.982424,TRAIN_EPOCH,0,0.6921,70.0,,,,,  Epoch  0  Loss=0.6921  Acc=70.0%
2026-05-21T16:28:01.131052,1779370081.1310523,TRAIN_EPOCH,1,0.5318,70.0,,,,,  Epoch  1  Loss=0.5318  Acc=70.0%
2026-05-21T16:28:01.279482,1779370081.2794826,TRAIN_EPOCH,2,0.5008,73.3,,,,,  Epoch  2  Loss=0.5008  Acc=73.3%
2026-05-21T16:28:01.428212,1779370081.4285903,TRAIN_EPOCH,3,0.488,73.3,,,,,  Epoch  3  Loss=0.4880  Acc=73.3%
2026-05-21T16:28:01.586288,1779370081.5862885,TRAIN_EPOCH,4,0.4789,73.3,,,,,  Epoch  4  Loss=0.4789  Acc=73.3%
2026-05-21T16:28:01.734818,1779370081.7348187,TRAIN_EPOCH,5,0.4717,73.3,,,,,  Epoch  5  Loss=0.4717  Acc=73.3%
2026-05-21T16:28:01.883218,1779370081.8832185,TRAIN_EPOCH,6,0.4655,70.0,,,,,  Epoch  6  Loss=0.4655  Acc=70.0%
2026-05-21T16:28:02.031055,1779370082.0310557,TRAIN_EPOCH,7,0.4599,73.3,,,,,  Epoch  7  Loss=0.4599  Acc=73.3%
2026-05-21T16:28:02.179151,1779370082.1791518,TRAIN_EPOCH,8,0.4547,73.3,,,,,  Epoch  8  Loss=0.4547  Acc=73.3%
2026-05-21T16:28:02.328787,1779370082.3287878,TRAIN_EPOCH,9,0.4498,73.3,,,,,  Epoch  9  Loss=0.4498  Acc=73.3%
2026-05-21T16:28:02.477612,1779370082.4776127,TRAIN_EPOCH,10,0.4452,76.7,,,,,  Epoch 10  Loss=0.4452  Acc=76.7%
2026-05-21T16:28:02.636279,1779370082.636279,TRAIN_EPOCH,11,0.4406,76.7,,,,,  Epoch 11  Loss=0.4406  Acc=76.7%
2026-05-21T16:28:02.782981,1779370082.7829816,TRAIN_EPOCH,12,0.4373,80.0,,,,,  Epoch 12  Loss=0.4373  Acc=80.0%
2026-05-21T16:28:02.930833,1779370082.9308336,TRAIN_EPOCH,13,0.4339,80.0,,,,,  Epoch 13  Loss=0.4339  Acc=80.0%
2026-05-21T16:28:03.089839,1779370083.0898392,TRAIN_EPOCH,14,0.4304,80.0,,,,,  Epoch 14  Loss=0.4304  Acc=80.0%
2026-05-21T16:28:03.092139,1779370083.0921395,VALIDATION,,,,80.0,10,,,[ACCURACY] Validation: 80.0% (n=10)
2026-05-21T16:28:03.095129,1779370083.0951295,FL,,,,,,,"B1 pre-pack: min=-9.5139, max=7.3231, mean=0.2210","[FL] B1 pre-pack: min=-9.5139, max=7.3231, mean=0.2210"
2026-05-21T16:28:03.097126,1779370083.0971267,FL,,,,,,,Model sent (72 bytes),[FL] Model sent (72 bytes)
2026-05-21T16:28:03.097126,1779370083.0971267,NEW_SAMPLE,,,,,30,cat,,[DATA] class=cat (n=30)
2026-05-21T16:28:03.223700,1779370083.2237,BLE,,,,,,,Received global model (64 bytes),[BLE] Received global model (64 bytes)
2026-05-21T16:28:03.225269,1779370083.225269,FL,,,,,,,Global model updated (Adam reset),[FL] Global model updated (Adam reset)
2026-05-21T16:28:03.225767,1779370083.2257676,FL,,,,,,,"B1 unpacked: min=-9.7638, max=7.3228, mean=0.2141","[FL] B1 unpacked: min=-9.7638, max=7.3228, mean=0.2141"
2026-05-21T16:28:05.099105,1779370085.0991054,NEW_SAMPLE,,,,,30,other,,[DATA] class=other (n=30)
2026-05-21T16:28:07.099939,1779370087.0999398,NEW_SAMPLE,,,,,30,cat,,[DATA] class=cat (n=30)
2026-05-21T16:28:09.095151,1779370089.0951517,NEW_SAMPLE,,,,,30,cat,,[DATA] class=cat (n=30)
2026-05-21T16:28:11.099774,1779370091.0997741,NEW_SAMPLE,,,,,30,cat,,[DATA] class=cat (n=30)
2026-05-21T16:28:13.093189,1779370093.093189,NEW_SAMPLE,,,,,30,other,,[DATA] class=other (n=30)
2026-05-21T16:28:15.098628,1779370095.0986285,NEW_SAMPLE,,,,,30,horse,,[DATA] class=horse (n=30)
2026-05-21T16:28:17.095478,1779370097.0954785,NEW_SAMPLE,,,,,30,cat,,[DATA] class=cat (n=30)
2026-05-21T16:28:19.100484,1779370099.1004844,NEW_SAMPLE,,,,,30,horse,,[DATA] class=horse (n=30)
2026-05-21T16:28:20.844331,1779370100.8443315,FL,,,,,,,Local training (4-class cross-entropy),[FL] Local training (4-class cross-entropy)
2026-05-21T16:28:20.980472,1779370100.9804726,TRAIN_EPOCH,0,0.7573,76.7,,,,,  Epoch  0  Loss=0.7573  Acc=76.7%
2026-05-21T16:28:21.129544,1779370101.1295447,TRAIN_EPOCH,1,0.5325,80.0,,,,,  Epoch  1  Loss=0.5325  Acc=80.0%
2026-05-21T16:28:21.277399,1779370101.2773993,TRAIN_EPOCH,2,0.5212,76.7,,,,,  Epoch  2  Loss=0.5212  Acc=76.7%
2026-05-21T16:28:21.435106,1779370101.4351065,TRAIN_EPOCH,3,0.5014,80.0,,,,,  Epoch  3  Loss=0.5014  Acc=80.0%
2026-05-21T16:28:21.583866,1779370101.5838661,TRAIN_EPOCH,4,0.4918,83.3,,,,,  Epoch  4  Loss=0.4918  Acc=83.3%
2026-05-21T16:28:21.731211,1779370101.731211,TRAIN_EPOCH,5,0.482,83.3,,,,,  Epoch  5  Loss=0.4820  Acc=83.3%
2026-05-21T16:28:21.879867,1779370101.8798673,TRAIN_EPOCH,6,0.4751,83.3,,,,,  Epoch  6  Loss=0.4751  Acc=83.3%
2026-05-21T16:28:22.027051,1779370102.027051,TRAIN_EPOCH,7,0.4677,83.3,,,,,  Epoch  7  Loss=0.4677  Acc=83.3%
2026-05-21T16:28:22.186326,1779370102.1863267,TRAIN_EPOCH,8,0.4612,86.7,,,,,  Epoch  8  Loss=0.4612  Acc=86.7%
2026-05-21T16:28:22.334976,1779370102.334976,TRAIN_EPOCH,9,0.455,83.3,,,,,  Epoch  9  Loss=0.4550  Acc=83.3%
2026-05-21T16:28:22.481402,1779370102.4814026,TRAIN_EPOCH,10,0.45,83.3,,,,,  Epoch 10  Loss=0.4500  Acc=83.3%
2026-05-21T16:28:22.630655,1779370102.6306555,TRAIN_EPOCH,11,0.4455,83.3,,,,,  Epoch 11  Loss=0.4455  Acc=83.3%
2026-05-21T16:28:22.779926,1779370102.7799268,TRAIN_EPOCH,12,0.4413,83.3,,,,,  Epoch 12  Loss=0.4413  Acc=83.3%
2026-05-21T16:28:22.938851,1779370102.9388514,TRAIN_EPOCH,13,0.4375,83.3,,,,,  Epoch 13  Loss=0.4375  Acc=83.3%
2026-05-21T16:28:23.089046,1779370103.0890465,TRAIN_EPOCH,14,0.4337,83.3,,,,,  Epoch 14  Loss=0.4337  Acc=83.3%
2026-05-21T16:28:23.090845,1779370103.0908453,VALIDATION,,,,80.0,10,,,[ACCURACY] Validation: 80.0% (n=10)
2026-05-21T16:28:23.094813,1779370103.0948136,FL,,,,,,,"B1 pre-pack: min=-9.0449, max=7.6616, mean=0.1703","[FL] B1 pre-pack: min=-9.0449, max=7.6616, mean=0.1703"
2026-05-21T16:28:23.095230,1779370103.09523,FL,,,,,,,Model sent (72 bytes),[FL] Model sent (72 bytes)
2026-05-21T16:28:23.095230,1779370103.09523,NEW_SAMPLE,,,,,30,other,,[DATA] class=other (n=30)
2026-05-21T16:28:23.328105,1779370103.3281054,BLE,,,,,,,Received global model (64 bytes),[BLE] Received global model (64 bytes)
2026-05-21T16:28:23.328105,1779370103.3281054,FL,,,,,,,Global model updated (Adam reset),[FL] Global model updated (Adam reset)
2026-05-21T16:28:23.329168,1779370103.329168,FL,,,,,,,"B1 unpacked: min=-9.4488, max=7.4803, mean=0.1944","[FL] B1 unpacked: min=-9.4488, max=7.4803, mean=0.1944"
2026-05-21T16:28:25.092342,1779370105.0923429,NEW_SAMPLE,,,,,30,dog,,[DATA] class=dog (n=30)
2026-05-21T16:28:27.094018,1779370107.094018,NEW_SAMPLE,,,,,30,dog,,[DATA] class=dog (n=30)
2026-05-21T16:28:29.090234,1779370109.0902345,NEW_SAMPLE,,,,,30,horse,,[DATA] class=horse (n=30)
2026-05-21T16:28:31.094920,1779370111.0949202,NEW_SAMPLE,,,,,30,dog,,[DATA] class=dog (n=30)
2026-05-21T16:28:33.096514,1779370113.0965147,NEW_SAMPLE,,,,,30,dog,,[DATA] class=dog (n=30)
2026-05-21T16:28:35.091787,1779370115.0917876,NEW_SAMPLE,,,,,30,dog,,[DATA] class=dog (n=30)
2026-05-21T16:28:37.092530,1779370117.0925307,NEW_SAMPLE,,,,,30,cat,,[DATA] class=cat (n=30)
2026-05-21T16:28:39.090900,1779370119.0909007,NEW_SAMPLE,,,,,30,cat,,[DATA] class=cat (n=30)
2026-05-21T16:28:40.843361,1779370120.8433614,FL,,,,,,,Local training (4-class cross-entropy),[FL] Local training (4-class cross-entropy)
2026-05-21T16:28:40.980835,1779370120.980835,TRAIN_EPOCH,0,0.7165,73.3,,,,,  Epoch  0  Loss=0.7165  Acc=73.3%
2026-05-21T16:28:41.131064,1779370121.1310642,TRAIN_EPOCH,1,0.6341,76.7,,,,,  Epoch  1  Loss=0.6341  Acc=76.7%
2026-05-21T16:28:41.279663,1779370121.279663,TRAIN_EPOCH,2,0.6282,73.3,,,,,  Epoch  2  Loss=0.6282  Acc=73.3%
2026-05-21T16:28:41.428567,1779370121.428568,TRAIN_EPOCH,3,0.6262,73.3,,,,,  Epoch  3  Loss=0.6262  Acc=73.3%
2026-05-21T16:28:41.587202,1779370121.5872028,TRAIN_EPOCH,4,0.6215,70.0,,,,,  Epoch  4  Loss=0.6215  Acc=70.0%
2026-05-21T16:28:41.734053,1779370121.7340534,TRAIN_EPOCH,5,0.6149,70.0,,,,,  Epoch  5  Loss=0.6149  Acc=70.0%
2026-05-21T16:28:41.879821,1779370121.8798218,TRAIN_EPOCH,6,0.6085,70.0,,,,,  Epoch  6  Loss=0.6085  Acc=70.0%
2026-05-21T16:28:42.028007,1779370122.028007,TRAIN_EPOCH,7,0.6022,70.0,,,,,  Epoch  7  Loss=0.6022  Acc=70.0%
2026-05-21T16:28:42.186900,1779370122.186901,TRAIN_EPOCH,8,0.5954,70.0,,,,,  Epoch  8  Loss=0.5954  Acc=70.0%
2026-05-21T16:28:42.336448,1779370122.3364487,TRAIN_EPOCH,9,0.5902,70.0,,,,,  Epoch  9  Loss=0.5902  Acc=70.0%
2026-05-21T16:28:42.485412,1779370122.4854124,TRAIN_EPOCH,10,0.5839,70.0,,,,,  Epoch 10  Loss=0.5839  Acc=70.0%
2026-05-21T16:28:42.632560,1779370122.6325605,TRAIN_EPOCH,11,0.5793,70.0,,,,,  Epoch 11  Loss=0.5793  Acc=70.0%
2026-05-21T16:28:42.780645,1779370122.7806451,TRAIN_EPOCH,12,0.5735,70.0,,,,,  Epoch 12  Loss=0.5735  Acc=70.0%
2026-05-21T16:28:42.931231,1779370122.9312317,TRAIN_EPOCH,13,0.5676,70.0,,,,,  Epoch 13  Loss=0.5676  Acc=70.0%
2026-05-21T16:28:43.090962,1779370123.0909622,TRAIN_EPOCH,14,0.5646,70.0,,,,,  Epoch 14  Loss=0.5646  Acc=70.0%
2026-05-21T16:28:43.093949,1779370123.0939498,VALIDATION,,,,60.0,10,,,[ACCURACY] Validation: 60.0% (n=10)
2026-05-21T16:28:43.096941,1779370123.0969415,FL,,,,,,,"B1 pre-pack: min=-10.5084, max=8.6969, mean=0.2629","[FL] B1 pre-pack: min=-10.5084, max=8.6969, mean=0.2629"
2026-05-21T16:28:43.097901,1779370123.097901,FL,,,,,,,Model sent (72 bytes),[FL] Model sent (72 bytes)
2026-05-21T16:28:43.097901,1779370123.097901,NEW_SAMPLE,,,,,30,other,,[DATA] class=other (n=30)
2026-05-21T16:28:43.309103,1779370123.3091033,BLE,,,,,,,Received global model (64 bytes),[BLE] Received global model (64 bytes)
2026-05-21T16:28:43.310066,1779370123.3100667,FL,,,,,,,Global model updated (Adam reset),[FL] Global model updated (Adam reset)
2026-05-21T16:28:43.310066,1779370123.3100667,FL,,,,,,,"B1 unpacked: min=-9.7638, max=8.0315, mean=0.2313","[FL] B1 unpacked: min=-9.7638, max=8.0315, mean=0.2313"
2026-05-21T16:28:45.097104,1779370125.0971048,NEW_SAMPLE,,,,,30,cat,,[DATA] class=cat (n=30)
2026-05-21T16:28:47.090719,1779370127.0907195,NEW_SAMPLE,,,,,30,cat,,[DATA] class=cat (n=30)
2026-05-21T16:28:49.093360,1779370129.093361,NEW_SAMPLE,,,,,30,other,,[DATA] class=other (n=30)
2026-05-21T16:28:51.091678,1779370131.0916786,NEW_SAMPLE,,,,,30,cat,,[DATA] class=cat (n=30)
2026-05-21T16:28:53.092091,1779370133.092091,NEW_SAMPLE,,,,,30,dog,,[DATA] class=dog (n=30)
2026-05-21T16:28:55.092146,1779370135.0921466,NEW_SAMPLE,,,,,30,dog,,[DATA] class=dog (n=30)
2026-05-21T16:28:57.095892,1779370137.0958927,NEW_SAMPLE,,,,,30,other,,[DATA] class=other (n=30)
2026-05-21T16:28:59.097877,1779370139.097877,NEW_SAMPLE,,,,,30,cat,,[DATA] class=cat (n=30)
2026-05-21T16:29:00.836728,1779370140.8367286,FL,,,,,,,Local training (4-class cross-entropy),[FL] Local training (4-class cross-entropy)
2026-05-21T16:29:00.984784,1779370140.9847844,TRAIN_EPOCH,0,0.8236,73.3,,,,,  Epoch  0  Loss=0.8236  Acc=73.3%
2026-05-21T16:29:01.133761,1779370141.1337616,TRAIN_EPOCH,1,0.724,73.3,,,,,  Epoch  1  Loss=0.7240  Acc=73.3%
2026-05-21T16:29:01.283657,1779370141.2836576,TRAIN_EPOCH,2,0.7044,73.3,,,,,  Epoch  2  Loss=0.7044  Acc=73.3%
2026-05-21T16:29:01.432827,1779370141.432828,TRAIN_EPOCH,3,0.6907,73.3,,,,,  Epoch  3  Loss=0.6907  Acc=73.3%
2026-05-21T16:29:01.580546,1779370141.5805469,TRAIN_EPOCH,4,0.6783,73.3,,,,,  Epoch  4  Loss=0.6783  Acc=73.3%
2026-05-21T16:29:01.729831,1779370141.7298312,TRAIN_EPOCH,5,0.6669,73.3,,,,,  Epoch  5  Loss=0.6669  Acc=73.3%
2026-05-21T16:29:01.878757,1779370141.878758,TRAIN_EPOCH,6,0.6567,73.3,,,,,  Epoch  6  Loss=0.6567  Acc=73.3%
2026-05-21T16:29:02.036681,1779370142.0366812,TRAIN_EPOCH,7,0.6464,73.3,,,,,  Epoch  7  Loss=0.6464  Acc=73.3%
2026-05-21T16:29:02.186559,1779370142.1865592,TRAIN_EPOCH,8,0.6368,73.3,,,,,  Epoch  8  Loss=0.6368  Acc=73.3%
2026-05-21T16:29:02.334512,1779370142.3345125,TRAIN_EPOCH,9,0.6292,73.3,,,,,  Epoch  9  Loss=0.6292  Acc=73.3%
2026-05-21T16:29:02.483567,1779370142.4835675,TRAIN_EPOCH,10,0.6224,73.3,,,,,  Epoch 10  Loss=0.6224  Acc=73.3%
2026-05-21T16:29:02.632098,1779370142.6320987,TRAIN_EPOCH,11,0.6163,76.7,,,,,  Epoch 11  Loss=0.6163  Acc=76.7%
2026-05-21T16:29:02.778079,1779370142.7780795,TRAIN_EPOCH,12,0.6104,76.7,,,,,  Epoch 12  Loss=0.6104  Acc=76.7%
2026-05-21T16:29:02.938782,1779370142.9387825,TRAIN_EPOCH,13,0.6063,76.7,,,,,  Epoch 13  Loss=0.6063  Acc=76.7%
2026-05-21T16:29:03.088810,1779370143.08881,TRAIN_EPOCH,14,0.5998,76.7,,,,,  Epoch 14  Loss=0.5998  Acc=76.7%
2026-05-21T16:29:03.090849,1779370143.0908499,VALIDATION,,,,70.0,10,,,[ACCURACY] Validation: 70.0% (n=10)
2026-05-21T16:29:03.092833,1779370143.0928335,FL,,,,,,,"B1 pre-pack: min=-10.7545, max=9.3309, mean=0.2484","[FL] B1 pre-pack: min=-10.7545, max=9.3309, mean=0.2484"
2026-05-21T16:29:03.093231,1779370143.0932312,FL,,,,,,,Model sent (72 bytes),[FL] Model sent (72 bytes)
2026-05-21T16:29:03.093231,1779370143.0932312,NEW_SAMPLE,,,,,30,dog,,[DATA] class=dog (n=30)
2026-05-21T16:29:03.229374,1779370143.229375,BLE,,,,,,,Received global model (64 bytes),[BLE] Received global model (64 bytes)
2026-05-21T16:29:03.230049,1779370143.2300491,FL,,,,,,,Global model updated (Adam reset),[FL] Global model updated (Adam reset)
2026-05-21T16:29:03.231049,1779370143.2310495,FL,,,,,,,"B1 unpacked: min=-9.9213, max=8.7402, mean=0.2510","[FL] B1 unpacked: min=-9.9213, max=8.7402, mean=0.2510"
2026-05-21T16:29:05.091209,1779370145.0912097,NEW_SAMPLE,,,,,30,horse,,[DATA] class=horse (n=30)
2026-05-21T16:29:07.090161,1779370147.0901616,NEW_SAMPLE,,,,,30,cat,,[DATA] class=cat (n=30)
2026-05-21T16:29:09.092861,1779370149.0928617,NEW_SAMPLE,,,,,30,other,,[DATA] class=other (n=30)
2026-05-21T16:29:11.096449,1779370151.0964494,NEW_SAMPLE,,,,,30,other,,[DATA] class=other (n=30)
2026-05-21T16:29:13.098808,1779370153.0988083,NEW_SAMPLE,,,,,30,dog,,[DATA] class=dog (n=30)
2026-05-21T16:29:15.097510,1779370155.0975099,NEW_SAMPLE,,,,,30,horse,,[DATA] class=horse (n=30)
2026-05-21T16:29:17.093025,1779370157.0930257,NEW_SAMPLE,,,,,30,dog,,[DATA] class=dog (n=30)
2026-05-21T16:29:19.097316,1779370159.097317,NEW_SAMPLE,,,,,30,other,,[DATA] class=other (n=30)
2026-05-21T16:29:20.838335,1779370160.8383358,FL,,,,,,,Local training (4-class cross-entropy),[FL] Local training (4-class cross-entropy)
2026-05-21T16:29:20.975967,1779370160.9759676,TRAIN_EPOCH,0,0.7153,66.7,,,,,  Epoch  0  Loss=0.7153  Acc=66.7%
2026-05-21T16:29:21.133283,1779370161.1332836,TRAIN_EPOCH,1,0.5628,73.3,,,,,  Epoch  1  Loss=0.5628  Acc=73.3%
2026-05-21T16:29:21.281025,1779370161.2810252,TRAIN_EPOCH,2,0.5675,73.3,,,,,  Epoch  2  Loss=0.5675  Acc=73.3%
2026-05-21T16:29:21.429629,1779370161.429629,TRAIN_EPOCH,3,0.5542,73.3,,,,,  Epoch  3  Loss=0.5542  Acc=73.3%
2026-05-21T16:29:21.576934,1779370161.5769346,TRAIN_EPOCH,4,0.5463,73.3,,,,,  Epoch  4  Loss=0.5463  Acc=73.3%
2026-05-21T16:29:21.735324,1779370161.7353249,TRAIN_EPOCH,5,0.5384,73.3,,,,,  Epoch  5  Loss=0.5384  Acc=73.3%
2026-05-21T16:29:21.881854,1779370161.8818548,TRAIN_EPOCH,6,0.5309,73.3,,,,,  Epoch  6  Loss=0.5309  Acc=73.3%
2026-05-21T16:29:22.030538,1779370162.0305386,TRAIN_EPOCH,7,0.5241,76.7,,,,,  Epoch  7  Loss=0.5241  Acc=76.7%
2026-05-21T16:29:22.179760,1779370162.1797605,TRAIN_EPOCH,8,0.5177,76.7,,,,,  Epoch  8  Loss=0.5177  Acc=76.7%
2026-05-21T16:29:22.328516,1779370162.3285162,TRAIN_EPOCH,9,0.5119,76.7,,,,,  Epoch  9  Loss=0.5119  Acc=76.7%
2026-05-21T16:29:22.487836,1779370162.4878366,TRAIN_EPOCH,10,0.5062,76.7,,,,,  Epoch 10  Loss=0.5062  Acc=76.7%
2026-05-21T16:29:22.638558,1779370162.6385584,TRAIN_EPOCH,11,0.5008,76.7,,,,,  Epoch 11  Loss=0.5008  Acc=76.7%
2026-05-21T16:29:22.786314,1779370162.786314,TRAIN_EPOCH,12,0.4959,76.7,,,,,  Epoch 12  Loss=0.4959  Acc=76.7%
2026-05-21T16:29:22.934965,1779370162.9349658,TRAIN_EPOCH,13,0.4912,76.7,,,,,  Epoch 13  Loss=0.4912  Acc=76.7%
2026-05-21T16:29:23.082345,1779370163.0823455,TRAIN_EPOCH,14,0.4868,76.7,,,,,  Epoch 14  Loss=0.4868  Acc=76.7%
2026-05-21T16:29:23.087840,1779370163.087937,VALIDATION,,,,80.0,10,,,[ACCURACY] Validation: 80.0% (n=10)
2026-05-21T16:29:23.088198,1779370163.088199,FL,,,,,,,"B1 pre-pack: min=-10.3619, max=9.4334, mean=0.2876","[FL] B1 pre-pack: min=-10.3619, max=9.4334, mean=0.2876"
2026-05-21T16:29:23.092059,1779370163.0920599,FL,,,,,,,Model sent (72 bytes),[FL] Model sent (72 bytes)
2026-05-21T16:29:23.092059,1779370163.0920599,NEW_SAMPLE,,,,,30,cat,,[DATA] class=cat (n=30)
2026-05-21T16:29:23.261433,1779370163.2614336,BLE,,,,,,,Received global model (64 bytes),[BLE] Received global model (64 bytes)
2026-05-21T16:29:23.267272,1779370163.2672727,FL,,,,,,,Global model updated (Adam reset),[FL] Global model updated (Adam reset)
2026-05-21T16:29:23.267272,1779370163.2672727,FL,,,,,,,"B1 unpacked: min=-10.0000, max=9.0551, mean=0.2707","[FL] B1 unpacked: min=-10.0000, max=9.0551, mean=0.2707"
2026-05-21T16:29:25.098230,1779370165.0982304,NEW_SAMPLE,,,,,30,dog,,[DATA] class=dog (n=30)
2026-05-21T16:29:27.096169,1779370167.0961692,NEW_SAMPLE,,,,,30,cat,,[DATA] class=cat (n=30)
2026-05-21T16:29:29.094959,1779370169.09496,NEW_SAMPLE,,,,,30,other,,[DATA] class=other (n=30)
2026-05-21T16:29:31.092711,1779370171.0927112,NEW_SAMPLE,,,,,30,cat,,[DATA] class=cat (n=30)
2026-05-21T16:29:33.090935,1779370173.090935,NEW_SAMPLE,,,,,30,other,,[DATA] class=other (n=30)
2026-05-21T16:29:35.091950,1779370175.091951,NEW_SAMPLE,,,,,30,horse,,[DATA] class=horse (n=30)
2026-05-21T16:29:37.090543,1779370177.0905435,NEW_SAMPLE,,,,,30,dog,,[DATA] class=dog (n=30)
2026-05-21T16:29:39.096350,1779370179.0963507,NEW_SAMPLE,,,,,30,dog,,[DATA] class=dog (n=30)
2026-05-21T16:29:40.843391,1779370180.843392,FL,,,,,,,Local training (4-class cross-entropy),[FL] Local training (4-class cross-entropy)
2026-05-21T16:29:40.979899,1779370180.9798992,TRAIN_EPOCH,0,0.5227,80.0,,,,,  Epoch  0  Loss=0.5227  Acc=80.0%
2026-05-21T16:29:41.128299,1779370181.1282992,TRAIN_EPOCH,1,0.4295,80.0,,,,,  Epoch  1  Loss=0.4295  Acc=80.0%
2026-05-21T16:29:41.276715,1779370181.2767158,TRAIN_EPOCH,2,0.4173,83.3,,,,,  Epoch  2  Loss=0.4173  Acc=83.3%
2026-05-21T16:29:41.436065,1779370181.4360654,TRAIN_EPOCH,3,0.4056,83.3,,,,,  Epoch  3  Loss=0.4056  Acc=83.3%
2026-05-21T16:29:41.583387,1779370181.5833876,TRAIN_EPOCH,4,0.3967,83.3,,,,,  Epoch  4  Loss=0.3967  Acc=83.3%
2026-05-21T16:29:41.733524,1779370181.7335246,TRAIN_EPOCH,5,0.3897,83.3,,,,,  Epoch  5  Loss=0.3897  Acc=83.3%
2026-05-21T16:29:41.883692,1779370181.8836927,TRAIN_EPOCH,6,0.383,83.3,,,,,  Epoch  6  Loss=0.3830  Acc=83.3%
2026-05-21T16:29:42.033401,1779370182.033402,TRAIN_EPOCH,7,0.3776,83.3,,,,,  Epoch  7  Loss=0.3776  Acc=83.3%
2026-05-21T16:29:42.181123,1779370182.1811235,TRAIN_EPOCH,8,0.3737,83.3,,,,,  Epoch  8  Loss=0.3737  Acc=83.3%
2026-05-21T16:29:42.328930,1779370182.3289301,TRAIN_EPOCH,9,0.3703,83.3,,,,,  Epoch  9  Loss=0.3703  Acc=83.3%
2026-05-21T16:29:42.477155,1779370182.4771557,TRAIN_EPOCH,10,0.3673,83.3,,,,,  Epoch 10  Loss=0.3673  Acc=83.3%
2026-05-21T16:29:42.635344,1779370182.6353447,TRAIN_EPOCH,11,0.3645,83.3,,,,,  Epoch 11  Loss=0.3645  Acc=83.3%
2026-05-21T16:29:42.781243,1779370182.7812438,TRAIN_EPOCH,12,0.362,86.7,,,,,  Epoch 12  Loss=0.3620  Acc=86.7%
2026-05-21T16:29:42.929813,1779370182.9298131,TRAIN_EPOCH,13,0.3597,86.7,,,,,  Epoch 13  Loss=0.3597  Acc=86.7%
2026-05-21T16:29:43.089977,1779370183.0899773,TRAIN_EPOCH,14,0.3574,86.7,,,,,  Epoch 14  Loss=0.3574  Acc=86.7%
2026-05-21T16:29:43.091992,1779370183.0919929,VALIDATION,,,,90.0,10,,,[ACCURACY] Validation: 90.0% (n=10)
2026-05-21T16:29:43.094963,1779370183.0949638,FL,,,,,,,"B1 pre-pack: min=-10.5496, max=9.4610, mean=0.3196","[FL] B1 pre-pack: min=-10.5496, max=9.4610, mean=0.3196"
2026-05-21T16:29:43.095949,1779370183.09595,FL,,,,,,,Model sent (72 bytes),[FL] Model sent (72 bytes)
2026-05-21T16:29:43.096921,1779370183.0969212,NEW_SAMPLE,,,,,30,dog,,[DATA] class=dog (n=30)
2026-05-21T16:29:43.244896,1779370183.2448964,BLE,,,,,,,Received global model (64 bytes),[BLE] Received global model (64 bytes)
2026-05-21T16:29:43.246913,1779370183.246913,FL,,,,,,,Global model updated (Adam reset),[FL] Global model updated (Adam reset)
2026-05-21T16:29:43.249443,1779370183.2494433,FL,,,,,,,"B1 unpacked: min=-10.0000, max=9.2913, mean=0.3076","[FL] B1 unpacked: min=-10.0000, max=9.2913, mean=0.3076"
2026-05-21T16:29:45.090874,1779370185.090875,NEW_SAMPLE,,,,,30,cat,,[DATA] class=cat (n=30)
2026-05-21T16:29:47.090394,1779370187.0903943,NEW_SAMPLE,,,,,30,dog,,[DATA] class=dog (n=30)
2026-05-21T16:29:49.095769,1779370189.0957694,NEW_SAMPLE,,,,,30,cat,,[DATA] class=cat (n=30)
2026-05-21T16:29:51.093568,1779370191.0935686,NEW_SAMPLE,,,,,30,horse,,[DATA] class=horse (n=30)
2026-05-21T16:29:53.096703,1779370193.0967033,NEW_SAMPLE,,,,,30,horse,,[DATA] class=horse (n=30)
2026-05-21T16:29:55.091623,1779370195.0916233,NEW_SAMPLE,,,,,30,cat,,[DATA] class=cat (n=30)
2026-05-21T16:29:57.095060,1779370197.09506,NEW_SAMPLE,,,,,30,cat,,[DATA] class=cat (n=30)
2026-05-21T16:29:59.090507,1779370199.0905077,NEW_SAMPLE,,,,,30,dog,,[DATA] class=dog (n=30)
2026-05-21T16:30:00.840777,1779370200.8407772,FL,,,,,,,Local training (4-class cross-entropy),[FL] Local training (4-class cross-entropy)
2026-05-21T16:30:00.979679,1779370200.9796793,TRAIN_EPOCH,0,0.4891,76.7,,,,,  Epoch  0  Loss=0.4891  Acc=76.7%
2026-05-21T16:30:01.128978,1779370201.1290746,TRAIN_EPOCH,1,0.457,76.7,,,,,  Epoch  1  Loss=0.4570  Acc=76.7%
2026-05-21T16:30:01.277485,1779370201.2774854,TRAIN_EPOCH,2,0.4514,73.3,,,,,  Epoch  2  Loss=0.4514  Acc=73.3%
2026-05-21T16:30:01.434258,1779370201.434258,TRAIN_EPOCH,3,0.4474,73.3,,,,,  Epoch  3  Loss=0.4474  Acc=73.3%
2026-05-21T16:30:01.582920,1779370201.5829208,TRAIN_EPOCH,4,0.4436,73.3,,,,,  Epoch  4  Loss=0.4436  Acc=73.3%
2026-05-21T16:30:01.730852,1779370201.7308521,TRAIN_EPOCH,5,0.4407,76.7,,,,,  Epoch  5  Loss=0.4407  Acc=76.7%
2026-05-21T16:30:01.880218,1779370201.880218,TRAIN_EPOCH,6,0.438,76.7,,,,,  Epoch  6  Loss=0.4380  Acc=76.7%
2026-05-21T16:30:02.029397,1779370202.029398,TRAIN_EPOCH,7,0.4357,76.7,,,,,  Epoch  7  Loss=0.4357  Acc=76.7%
2026-05-21T16:30:02.178624,1779370202.1786246,TRAIN_EPOCH,8,0.4336,76.7,,,,,  Epoch  8  Loss=0.4336  Acc=76.7%
2026-05-21T16:30:02.336196,1779370202.3361964,TRAIN_EPOCH,9,0.4316,76.7,,,,,  Epoch  9  Loss=0.4316  Acc=76.7%
2026-05-21T16:30:02.484180,1779370202.4841807,TRAIN_EPOCH,10,0.4298,76.7,,,,,  Epoch 10  Loss=0.4298  Acc=76.7%
2026-05-21T16:30:02.630696,1779370202.6306963,TRAIN_EPOCH,11,0.4281,76.7,,,,,  Epoch 11  Loss=0.4281  Acc=76.7%
2026-05-21T16:30:02.779038,1779370202.7790384,TRAIN_EPOCH,12,0.4266,76.7,,,,,  Epoch 12  Loss=0.4266  Acc=76.7%
2026-05-21T16:30:02.939160,1779370202.9391608,TRAIN_EPOCH,13,0.4252,76.7,,,,,  Epoch 13  Loss=0.4252  Acc=76.7%
2026-05-21T16:30:03.087011,1779370203.087011,TRAIN_EPOCH,14,0.4238,76.7,,,,,  Epoch 14  Loss=0.4238  Acc=76.7%
2026-05-21T16:30:03.087011,1779370203.087011,VALIDATION,,,,60.0,10,,,[ACCURACY] Validation: 60.0% (n=10)
2026-05-21T16:30:03.088356,1779370203.0883563,FL,,,,,,,"B1 pre-pack: min=-10.1198, max=9.2164, mean=0.3166","[FL] B1 pre-pack: min=-10.1198, max=9.2164, mean=0.3166"
2026-05-21T16:30:03.092225,1779370203.0922253,FL,,,,,,,Model sent (72 bytes),[FL] Model sent (72 bytes)
2026-05-21T16:30:03.092225,1779370203.0922253,NEW_SAMPLE,,,,,30,other,,[DATA] class=other (n=30)
2026-05-21T16:30:03.230432,1779370203.2304327,BLE,,,,,,,Received global model (64 bytes),[BLE] Received global model (64 bytes)
2026-05-21T16:30:03.230432,1779370203.2304327,FL,,,,,,,Global model updated (Adam reset),[FL] Global model updated (Adam reset)
2026-05-21T16:30:03.231430,1779370203.23143,FL,,,,,,,"B1 unpacked: min=-10.0787, max=9.2126, mean=0.3100","[FL] B1 unpacked: min=-10.0787, max=9.2126, mean=0.3100"
2026-05-21T16:30:05.100617,1779370205.1006172,NEW_SAMPLE,,,,,30,cat,,[DATA] class=cat (n=30)
2026-05-21T16:30:07.097532,1779370207.0975325,NEW_SAMPLE,,,,,30,other,,[DATA] class=other (n=30)
2026-05-21T16:30:09.092569,1779370209.0925694,NEW_SAMPLE,,,,,30,other,,[DATA] class=other (n=30)
2026-05-21T16:30:11.099169,1779370211.0991693,NEW_SAMPLE,,,,,30,other,,[DATA] class=other (n=30)
2026-05-21T16:30:13.096754,1779370213.0967546,NEW_SAMPLE,,,,,30,cat,,[DATA] class=cat (n=30)
2026-05-21T16:30:15.093136,1779370215.0931363,NEW_SAMPLE,,,,,30,horse,,[DATA] class=horse (n=30)
2026-05-21T16:30:17.096936,1779370217.0969367,NEW_SAMPLE,,,,,30,horse,,[DATA] class=horse (n=30)
2026-05-21T16:30:19.100241,1779370219.1002412,NEW_SAMPLE,,,,,30,dog,,[DATA] class=dog (n=30)
2026-05-21T16:30:20.842329,1779370220.842329,FL,,,,,,,Local training (4-class cross-entropy),[FL] Local training (4-class cross-entropy)
2026-05-21T16:30:20.980108,1779370220.9801083,TRAIN_EPOCH,0,0.4745,76.7,,,,,  Epoch  0  Loss=0.4745  Acc=76.7%
2026-05-21T16:30:21.127136,1779370221.1271365,TRAIN_EPOCH,1,0.3991,80.0,,,,,  Epoch  1  Loss=0.3991  Acc=80.0%
2026-05-21T16:30:21.286627,1779370221.2866278,TRAIN_EPOCH,2,0.3758,83.3,,,,,  Epoch  2  Loss=0.3758  Acc=83.3%
2026-05-21T16:30:21.434473,1779370221.4344735,TRAIN_EPOCH,3,0.369,83.3,,,,,  Epoch  3  Loss=0.3690  Acc=83.3%
2026-05-21T16:30:21.582222,1779370221.5822227,TRAIN_EPOCH,4,0.3635,83.3,,,,,  Epoch  4  Loss=0.3635  Acc=83.3%
2026-05-21T16:30:21.731215,1779370221.7312155,TRAIN_EPOCH,5,0.3574,83.3,,,,,  Epoch  5  Loss=0.3574  Acc=83.3%
2026-05-21T16:30:21.879885,1779370221.8798852,TRAIN_EPOCH,6,0.3517,83.3,,,,,  Epoch  6  Loss=0.3517  Acc=83.3%
2026-05-21T16:30:22.026589,1779370222.0265896,TRAIN_EPOCH,7,0.3466,83.3,,,,,  Epoch  7  Loss=0.3466  Acc=83.3%
2026-05-21T16:30:22.184601,1779370222.1846013,TRAIN_EPOCH,8,0.3416,83.3,,,,,  Epoch  8  Loss=0.3416  Acc=83.3%
2026-05-21T16:30:22.333068,1779370222.3330684,TRAIN_EPOCH,9,0.3371,83.3,,,,,  Epoch  9  Loss=0.3371  Acc=83.3%
2026-05-21T16:30:22.481446,1779370222.4814465,TRAIN_EPOCH,10,0.333,83.3,,,,,  Epoch 10  Loss=0.3330  Acc=83.3%
2026-05-21T16:30:22.629056,1779370222.6290565,TRAIN_EPOCH,11,0.3292,83.3,,,,,  Epoch 11  Loss=0.3292  Acc=83.3%
2026-05-21T16:30:22.778030,1779370222.7780304,TRAIN_EPOCH,12,0.3258,83.3,,,,,  Epoch 12  Loss=0.3258  Acc=83.3%
2026-05-21T16:30:22.939201,1779370222.9392014,TRAIN_EPOCH,13,0.3228,86.7,,,,,  Epoch 13  Loss=0.3228  Acc=86.7%
2026-05-21T16:30:23.086898,1779370223.086898,TRAIN_EPOCH,14,0.32,86.7,,,,,  Epoch 14  Loss=0.3200  Acc=86.7%
2026-05-21T16:30:23.089465,1779370223.0894651,VALIDATION,,,,100.0,10,,,[ACCURACY] Validation: 100.0% (n=10)
2026-05-21T16:30:23.092456,1779370223.0924568,FL,,,,,,,"B1 pre-pack: min=-10.1908, max=9.0546, mean=0.2950","[FL] B1 pre-pack: min=-10.1908, max=9.0546, mean=0.2950"
2026-05-21T16:30:23.093428,1779370223.0934281,FL,,,,,,,Model sent (72 bytes),[FL] Model sent (72 bytes)
2026-05-21T16:30:23.095418,1779370223.0954182,NEW_SAMPLE,,,,,30,cat,,[DATA] class=cat (n=30)
2026-05-21T16:30:23.264208,1779370223.2642086,BLE,,,,,,,Received global model (64 bytes),[BLE] Received global model (64 bytes)
2026-05-21T16:30:23.268845,1779370223.2688456,FL,,,,,,,Global model updated (Adam reset),[FL] Global model updated (Adam reset)
2026-05-21T16:30:23.271836,1779370223.2718358,FL,,,,,,,"B1 unpacked: min=-10.0787, max=9.1339, mean=0.2977","[FL] B1 unpacked: min=-10.0787, max=9.1339, mean=0.2977"
2026-05-21T16:30:25.091197,1779370225.0911977,NEW_SAMPLE,,,,,30,cat,,[DATA] class=cat (n=30)
2026-05-21T16:30:27.098069,1779370227.0980694,NEW_SAMPLE,,,,,30,other,,[DATA] class=other (n=30)
2026-05-21T16:30:29.099337,1779370229.099338,NEW_SAMPLE,,,,,30,cat,,[DATA] class=cat (n=30)
2026-05-21T16:30:31.094648,1779370231.0946488,NEW_SAMPLE,,,,,30,cat,,[DATA] class=cat (n=30)
2026-05-21T16:30:33.092642,1779370233.0926428,NEW_SAMPLE,,,,,30,other,,[DATA] class=other (n=30)
2026-05-21T16:30:35.091091,1779370235.0910919,NEW_SAMPLE,,,,,30,dog,,[DATA] class=dog (n=30)
2026-05-21T16:30:37.090829,1779370237.0908298,NEW_SAMPLE,,,,,30,dog,,[DATA] class=dog (n=30)
2026-05-21T16:30:39.092154,1779370239.0921543,NEW_SAMPLE,,,,,30,horse,,[DATA] class=horse (n=30)
2026-05-21T16:30:40.839024,1779370240.8390248,FL,,,,,,,Local training (4-class cross-entropy),[FL] Local training (4-class cross-entropy)
2026-05-21T16:30:40.986248,1779370240.9862483,TRAIN_EPOCH,0,0.5241,70.0,,,,,  Epoch  0  Loss=0.5241  Acc=70.0%
2026-05-21T16:30:41.135062,1779370241.1350627,TRAIN_EPOCH,1,0.4856,73.3,,,,,  Epoch  1  Loss=0.4856  Acc=73.3%
2026-05-21T16:30:41.283791,1779370241.2837913,TRAIN_EPOCH,2,0.4777,76.7,,,,,  Epoch  2  Loss=0.4777  Acc=76.7%
2026-05-21T16:30:41.431551,1779370241.4315517,TRAIN_EPOCH,3,0.4721,76.7,,,,,  Epoch  3  Loss=0.4721  Acc=76.7%
2026-05-21T16:30:41.580407,1779370241.5804071,TRAIN_EPOCH,4,0.4678,76.7,,,,,  Epoch  4  Loss=0.4678  Acc=76.7%
2026-05-21T16:30:41.728919,1779370241.7289193,TRAIN_EPOCH,5,0.4639,76.7,,,,,  Epoch  5  Loss=0.4639  Acc=76.7%
2026-05-21T16:30:41.885354,1779370241.8853548,TRAIN_EPOCH,6,0.4604,76.7,,,,,  Epoch  6  Loss=0.4604  Acc=76.7%
2026-05-21T16:30:42.034672,1779370242.034673,TRAIN_EPOCH,7,0.4573,76.7,,,,,  Epoch  7  Loss=0.4573  Acc=76.7%
2026-05-21T16:30:42.183834,1779370242.1838346,TRAIN_EPOCH,8,0.4544,76.7,,,,,  Epoch  8  Loss=0.4544  Acc=76.7%
2026-05-21T16:30:42.332156,1779370242.332157,TRAIN_EPOCH,9,0.4517,76.7,,,,,  Epoch  9  Loss=0.4517  Acc=76.7%
2026-05-21T16:30:42.478893,1779370242.478893,TRAIN_EPOCH,10,0.4492,76.7,,,,,  Epoch 10  Loss=0.4492  Acc=76.7%
2026-05-21T16:30:42.634835,1779370242.6348357,TRAIN_EPOCH,11,0.4476,76.7,,,,,  Epoch 11  Loss=0.4476  Acc=76.7%
2026-05-21T16:30:42.782798,1779370242.7827985,TRAIN_EPOCH,12,0.4448,76.7,,,,,  Epoch 12  Loss=0.4448  Acc=76.7%
2026-05-21T16:30:42.930219,1779370242.9302194,TRAIN_EPOCH,13,0.4441,76.7,,,,,  Epoch 13  Loss=0.4441  Acc=76.7%
2026-05-21T16:30:43.089103,1779370243.0891037,TRAIN_EPOCH,14,0.4413,76.7,,,,,  Epoch 14  Loss=0.4413  Acc=76.7%
2026-05-21T16:30:43.091153,1779370243.0911539,VALIDATION,,,,70.0,10,,,[ACCURACY] Validation: 70.0% (n=10)
2026-05-21T16:30:43.094123,1779370243.0941234,FL,,,,,,,"B1 pre-pack: min=-9.4292, max=8.3742, mean=0.2373","[FL] B1 pre-pack: min=-9.4292, max=8.3742, mean=0.2373"
2026-05-21T16:30:43.095412,1779370243.0954127,FL,,,,,,,Model sent (72 bytes),[FL] Model sent (72 bytes)
2026-05-21T16:30:43.096415,1779370243.0964153,NEW_SAMPLE,,,,,30,other,,[DATA] class=other (n=30)
2026-05-21T16:30:43.242809,1779370243.2428098,BLE,,,,,,,Received global model (64 bytes),[BLE] Received global model (64 bytes)
2026-05-21T16:30:43.248683,1779370243.2486832,FL,,,,,,,Global model updated (Adam reset),[FL] Global model updated (Adam reset)
2026-05-21T16:30:43.249080,1779370243.249081,FL,,,,,,,"B1 unpacked: min=-9.7638, max=8.7402, mean=0.2731","[FL] B1 unpacked: min=-9.7638, max=8.7402, mean=0.2731"
2026-05-21T16:30:45.090606,1779370245.090606,NEW_SAMPLE,,,,,30,dog,,[DATA] class=dog (n=30)
2026-05-21T16:30:47.089711,1779370247.0897114,NEW_SAMPLE,,,,,30,dog,,[DATA] class=dog (n=30)
2026-05-21T16:30:49.091535,1779370249.0915358,NEW_SAMPLE,,,,,30,horse,,[DATA] class=horse (n=30)
2026-05-21T16:30:51.097847,1779370251.0978472,NEW_SAMPLE,,,,,30,cat,,[DATA] class=cat (n=30)
2026-05-21T16:30:53.099449,1779370253.0994496,NEW_SAMPLE,,,,,30,dog,,[DATA] class=dog (n=30)
2026-05-21T16:30:55.094265,1779370255.094265,NEW_SAMPLE,,,,,30,cat,,[DATA] class=cat (n=30)
2026-05-21T16:30:57.097941,1779370257.0979412,NEW_SAMPLE,,,,,30,other,,[DATA] class=other (n=30)
2026-05-21T16:30:59.099110,1779370259.0991104,NEW_SAMPLE,,,,,30,cat,,[DATA] class=cat (n=30)
2026-05-21T16:31:00.838408,1779370260.8384087,FL,,,,,,,Local training (4-class cross-entropy),[FL] Local training (4-class cross-entropy)
2026-05-21T16:31:00.974927,1779370260.974928,TRAIN_EPOCH,0,0.3823,83.3,,,,,  Epoch  0  Loss=0.3823  Acc=83.3%
2026-05-21T16:31:01.133657,1779370261.1336575,TRAIN_EPOCH,1,0.3251,86.7,,,,,  Epoch  1  Loss=0.3251  Acc=86.7%
2026-05-21T16:31:01.281871,1779370261.281871,TRAIN_EPOCH,2,0.3194,86.7,,,,,  Epoch  2  Loss=0.3194  Acc=86.7%
2026-05-21T16:31:01.430267,1779370261.4302678,TRAIN_EPOCH,3,0.3161,86.7,,,,,  Epoch  3  Loss=0.3161  Acc=86.7%
2026-05-21T16:31:01.579389,1779370261.5793898,TRAIN_EPOCH,4,0.3136,83.3,,,,,  Epoch  4  Loss=0.3136  Acc=83.3%
2026-05-21T16:31:01.728514,1779370261.728514,TRAIN_EPOCH,5,0.3113,83.3,,,,,  Epoch  5  Loss=0.3113  Acc=83.3%
2026-05-21T16:31:01.886467,1779370261.8864677,TRAIN_EPOCH,6,0.3091,83.3,,,,,  Epoch  6  Loss=0.3091  Acc=83.3%
2026-05-21T16:31:02.035444,1779370262.0354443,TRAIN_EPOCH,7,0.3068,83.3,,,,,  Epoch  7  Loss=0.3068  Acc=83.3%
2026-05-21T16:31:02.184513,1779370262.1845136,TRAIN_EPOCH,8,0.3047,83.3,,,,,  Epoch  8  Loss=0.3047  Acc=83.3%
2026-05-21T16:31:02.332080,1779370262.3320801,TRAIN_EPOCH,9,0.3026,83.3,,,,,  Epoch  9  Loss=0.3026  Acc=83.3%
2026-05-21T16:31:02.480469,1779370262.4804697,TRAIN_EPOCH,10,0.3005,83.3,,,,,  Epoch 10  Loss=0.3005  Acc=83.3%
2026-05-21T16:31:02.628522,1779370262.6285226,TRAIN_EPOCH,11,0.2985,86.7,,,,,  Epoch 11  Loss=0.2985  Acc=86.7%
2026-05-21T16:31:02.787857,1779370262.787857,TRAIN_EPOCH,12,0.2965,86.7,,,,,  Epoch 12  Loss=0.2965  Acc=86.7%
2026-05-21T16:31:02.935357,1779370262.9353573,TRAIN_EPOCH,13,0.2945,86.7,,,,,  Epoch 13  Loss=0.2945  Acc=86.7%
2026-05-21T16:31:03.085072,1779370263.0850728,TRAIN_EPOCH,14,0.2925,86.7,,,,,  Epoch 14  Loss=0.2925  Acc=86.7%
2026-05-21T16:31:03.087216,1779370263.0872166,VALIDATION,,,,90.0,10,,,[ACCURACY] Validation: 90.0% (n=10)
2026-05-21T16:31:03.089560,1779370263.0895605,FL,,,,,,,"B1 pre-pack: min=-9.6382, max=8.4452, mean=0.2472","[FL] B1 pre-pack: min=-9.6382, max=8.4452, mean=0.2472"
2026-05-21T16:31:03.092624,1779370263.0926242,FL,,,,,,,Model sent (72 bytes),[FL] Model sent (72 bytes)
2026-05-21T16:31:03.093581,1779370263.093582,NEW_SAMPLE,,,,,30,horse,,[DATA] class=horse (n=30)
2026-05-21T16:31:03.230712,1779370263.2307127,BLE,,,,,,,Received global model (64 bytes),[BLE] Received global model (64 bytes)
2026-05-21T16:31:03.232882,1779370263.2328827,FL,,,,,,,Global model updated (Adam reset),[FL] Global model updated (Adam reset)
2026-05-21T16:31:03.235873,1779370263.2358737,FL,,,,,,,"B1 unpacked: min=-9.6850, max=8.5827, mean=0.2608","[FL] B1 unpacked: min=-9.6850, max=8.5827, mean=0.2608"
2026-05-21T16:31:05.094691,1779370265.0946915,NEW_SAMPLE,,,,,30,dog,,[DATA] class=dog (n=30)
2026-05-21T16:31:07.095428,1779370267.0954285,NEW_SAMPLE,,,,,30,cat,,[DATA] class=cat (n=30)
2026-05-21T16:31:09.096350,1779370269.0963504,NEW_SAMPLE,,,,,30,cat,,[DATA] class=cat (n=30)
2026-05-21T16:31:11.094688,1779370271.094688,NEW_SAMPLE,,,,,30,cat,,[DATA] class=cat (n=30)
2026-05-21T16:31:13.091095,1779370273.0910952,NEW_SAMPLE,,,,,30,dog,,[DATA] class=dog (n=30)
2026-05-21T16:31:15.097454,1779370275.097454,NEW_SAMPLE,,,,,30,cat,,[DATA] class=cat (n=30)
2026-05-21T16:31:17.092989,1779370277.0929894,NEW_SAMPLE,,,,,30,horse,,[DATA] class=horse (n=30)
2026-05-21T16:31:19.098316,1779370279.0983164,NEW_SAMPLE,,,,,30,dog,,[DATA] class=dog (n=30)
2026-05-21T16:31:20.843913,1779370280.8439136,FL,,,,,,,Local training (4-class cross-entropy),[FL] Local training (4-class cross-entropy)
2026-05-21T16:31:20.980874,1779370280.980875,TRAIN_EPOCH,0,0.5243,73.3,,,,,  Epoch  0  Loss=0.5243  Acc=73.3%
2026-05-21T16:31:21.130053,1779370281.130053,TRAIN_EPOCH,1,0.4917,80.0,,,,,  Epoch  1  Loss=0.4917  Acc=80.0%
2026-05-21T16:31:21.278596,1779370281.2785962,TRAIN_EPOCH,2,0.4865,80.0,,,,,  Epoch  2  Loss=0.4865  Acc=80.0%
2026-05-21T16:31:21.436316,1779370281.4363163,TRAIN_EPOCH,3,0.4786,80.0,,,,,  Epoch  3  Loss=0.4786  Acc=80.0%
2026-05-21T16:31:21.585696,1779370281.5856967,TRAIN_EPOCH,4,0.4729,80.0,,,,,  Epoch  4  Loss=0.4729  Acc=80.0%
2026-05-21T16:31:21.732045,1779370281.7320452,TRAIN_EPOCH,5,0.467,80.0,,,,,  Epoch  5  Loss=0.4670  Acc=80.0%
2026-05-21T16:31:21.880274,1779370281.880274,TRAIN_EPOCH,6,0.463,76.7,,,,,  Epoch  6  Loss=0.4630  Acc=76.7%
2026-05-21T16:31:22.027040,1779370282.0270402,TRAIN_EPOCH,7,0.4592,80.0,,,,,  Epoch  7  Loss=0.4592  Acc=80.0%
2026-05-21T16:31:22.183947,1779370282.1839476,TRAIN_EPOCH,8,0.4558,80.0,,,,,  Epoch  8  Loss=0.4558  Acc=80.0%
2026-05-21T16:31:22.333305,1779370282.3333051,TRAIN_EPOCH,9,0.4532,80.0,,,,,  Epoch  9  Loss=0.4532  Acc=80.0%
2026-05-21T16:31:22.482006,1779370282.4820068,TRAIN_EPOCH,10,0.4516,76.7,,,,,  Epoch 10  Loss=0.4516  Acc=76.7%
2026-05-21T16:31:22.630913,1779370282.6309137,TRAIN_EPOCH,11,0.4489,76.7,,,,,  Epoch 11  Loss=0.4489  Acc=76.7%
2026-05-21T16:31:22.778004,1779370282.7780044,TRAIN_EPOCH,12,0.4459,76.7,,,,,  Epoch 12  Loss=0.4459  Acc=76.7%
2026-05-21T16:31:22.935270,1779370282.935271,TRAIN_EPOCH,13,0.4437,76.7,,,,,  Epoch 13  Loss=0.4437  Acc=76.7%
2026-05-21T16:31:23.084755,1779370283.0847557,TRAIN_EPOCH,14,0.4416,76.7,,,,,  Epoch 14  Loss=0.4416  Acc=76.7%
2026-05-21T16:31:23.087582,1779370283.0875823,VALIDATION,,,,70.0,10,,,[ACCURACY] Validation: 70.0% (n=10)
2026-05-21T16:31:23.088393,1779370283.0883937,FL,,,,,,,"B1 pre-pack: min=-9.9082, max=9.2563, mean=0.2573","[FL] B1 pre-pack: min=-9.9082, max=9.2563, mean=0.2573"
2026-05-21T16:31:23.092314,1779370283.0923145,FL,,,,,,,Model sent (72 bytes),[FL] Model sent (72 bytes)
2026-05-21T16:31:23.092314,1779370283.0923145,NEW_SAMPLE,,,,,30,cat,,[DATA] class=cat (n=30)
2026-05-21T16:31:23.269413,1779370283.2694137,BLE,,,,,,,Received global model (64 bytes),[BLE] Received global model (64 bytes)
2026-05-21T16:31:23.270415,1779370283.270415,FL,,,,,,,Global model updated (Adam reset),[FL] Global model updated (Adam reset)
2026-05-21T16:31:23.270415,1779370283.270415,FL,,,,,,,"B1 unpacked: min=-9.7638, max=8.9764, mean=0.2608","[FL] B1 unpacked: min=-9.7638, max=8.9764, mean=0.2608"
2026-05-21T16:31:25.091056,1779370285.0910566,NEW_SAMPLE,,,,,30,dog,,[DATA] class=dog (n=30)
2026-05-21T16:31:27.091528,1779370287.0915282,NEW_SAMPLE,,,,,30,cat,,[DATA] class=cat (n=30)
2026-05-21T16:31:29.092324,1779370289.0923245,NEW_SAMPLE,,,,,30,other,,[DATA] class=other (n=30)
2026-05-21T16:31:31.095819,1779370291.0958197,NEW_SAMPLE,,,,,30,cat,,[DATA] class=cat (n=30)
2026-05-21T16:31:33.095038,1779370293.0950387,NEW_SAMPLE,,,,,30,dog,,[DATA] class=dog (n=30)
2026-05-21T16:31:35.094958,1779370295.094958,NEW_SAMPLE,,,,,30,horse,,[DATA] class=horse (n=30)
2026-05-21T16:31:37.093611,1779370297.0936117,NEW_SAMPLE,,,,,30,cat,,[DATA] class=cat (n=30)
2026-05-21T16:31:39.091519,1779370299.0915196,NEW_SAMPLE,,,,,30,other,,[DATA] class=other (n=30)
2026-05-21T16:31:40.842348,1779370300.842348,FL,,,,,,,Local training (4-class cross-entropy),[FL] Local training (4-class cross-entropy)
2026-05-21T16:31:40.979706,1779370300.979706,TRAIN_EPOCH,0,0.5326,76.7,,,,,  Epoch  0  Loss=0.5326  Acc=76.7%
2026-05-21T16:31:41.129555,1779370301.1295557,TRAIN_EPOCH,1,0.4325,83.3,,,,,  Epoch  1  Loss=0.4325  Acc=83.3%
2026-05-21T16:31:41.280591,1779370301.2805912,TRAIN_EPOCH,2,0.46,83.3,,,,,  Epoch  2  Loss=0.4600  Acc=83.3%
2026-05-21T16:31:41.430491,1779370301.430491,TRAIN_EPOCH,3,0.4427,83.3,,,,,  Epoch  3  Loss=0.4427  Acc=83.3%
2026-05-21T16:31:41.580012,1779370301.580012,TRAIN_EPOCH,4,0.4355,83.3,,,,,  Epoch  4  Loss=0.4355  Acc=83.3%
2026-05-21T16:31:41.727353,1779370301.727353,TRAIN_EPOCH,5,0.4296,83.3,,,,,  Epoch  5  Loss=0.4296  Acc=83.3%
2026-05-21T16:31:41.876941,1779370301.8769417,TRAIN_EPOCH,6,0.4215,83.3,,,,,  Epoch  6  Loss=0.4215  Acc=83.3%
2026-05-21T16:31:42.026311,1779370302.0263112,TRAIN_EPOCH,7,0.4165,83.3,,,,,  Epoch  7  Loss=0.4165  Acc=83.3%
2026-05-21T16:31:42.183745,1779370302.1837456,TRAIN_EPOCH,8,0.4095,83.3,,,,,  Epoch  8  Loss=0.4095  Acc=83.3%
2026-05-21T16:31:42.331168,1779370302.3311682,TRAIN_EPOCH,9,0.4037,83.3,,,,,  Epoch  9  Loss=0.4037  Acc=83.3%
2026-05-21T16:31:42.479478,1779370302.4794786,TRAIN_EPOCH,10,0.3978,83.3,,,,,  Epoch 10  Loss=0.3978  Acc=83.3%
2026-05-21T16:31:42.637779,1779370302.6377792,TRAIN_EPOCH,11,0.392,83.3,,,,,  Epoch 11  Loss=0.3920  Acc=83.3%
2026-05-21T16:31:42.785582,1779370302.7855825,TRAIN_EPOCH,12,0.3871,83.3,,,,,  Epoch 12  Loss=0.3871  Acc=83.3%
2026-05-21T16:31:42.935411,1779370302.9354117,TRAIN_EPOCH,13,0.382,83.3,,,,,  Epoch 13  Loss=0.3820  Acc=83.3%
2026-05-21T16:31:43.082232,1779370303.0822322,TRAIN_EPOCH,14,0.3761,83.3,,,,,  Epoch 14  Loss=0.3761  Acc=83.3%
2026-05-21T16:31:43.087358,1779370303.0873582,VALIDATION,,,,80.0,10,,,[ACCURACY] Validation: 80.0% (n=10)
2026-05-21T16:31:43.089345,1779370303.0893452,FL,,,,,,,"B1 pre-pack: min=-10.9296, max=10.0548, mean=0.3426","[FL] B1 pre-pack: min=-10.9296, max=10.0548, mean=0.3426"
2026-05-21T16:31:43.099797,1779370303.099797,FL,,,,,,,Model sent (72 bytes),[FL] Model sent (72 bytes)
2026-05-21T16:31:43.099797,1779370303.099797,NEW_SAMPLE,,,,,30,cat,,[DATA] class=cat (n=30)
2026-05-21T16:31:43.249635,1779370303.249635,BLE,,,,,,,Received global model (64 bytes),[BLE] Received global model (64 bytes)
2026-05-21T16:31:43.251672,1779370303.2516725,FL,,,,,,,Global model updated (Adam reset),[FL] Global model updated (Adam reset)
2026-05-21T16:31:43.254663,1779370303.2546632,FL,,,,,,,"B1 unpacked: min=-9.9213, max=9.4488, mean=0.3076","[FL] B1 unpacked: min=-9.9213, max=9.4488, mean=0.3076"
2026-05-21T16:31:45.093650,1779370305.0936506,NEW_SAMPLE,,,,,30,horse,,[DATA] class=horse (n=30)
2026-05-21T16:31:47.091488,1779370307.0914884,NEW_SAMPLE,,,,,30,dog,,[DATA] class=dog (n=30)
2026-05-21T16:31:49.091685,1779370309.0916853,NEW_SAMPLE,,,,,30,horse,,[DATA] class=horse (n=30)
2026-05-21T16:31:51.093506,1779370311.093506,NEW_SAMPLE,,,,,30,other,,[DATA] class=other (n=30)
2026-05-21T16:31:53.100128,1779370313.1001282,NEW_SAMPLE,,,,,30,horse,,[DATA] class=horse (n=30)
2026-05-21T16:31:55.094513,1779370315.0945132,NEW_SAMPLE,,,,,30,horse,,[DATA] class=horse (n=30)
2026-05-21T16:31:57.094984,1779370317.0949843,NEW_SAMPLE,,,,,30,other,,[DATA] class=other (n=30)
2026-05-21T16:31:59.089826,1779370319.089826,NEW_SAMPLE,,,,,30,other,,[DATA] class=other (n=30)
2026-05-21T16:32:00.838266,1779370320.8382664,FL,,,,,,,Local training (4-class cross-entropy),[FL] Local training (4-class cross-entropy)
2026-05-21T16:32:00.977252,1779370320.977253,TRAIN_EPOCH,0,0.9001,70.0,,,,,  Epoch  0  Loss=0.9001  Acc=70.0%
2026-05-21T16:32:01.130098,1779370321.1300983,TRAIN_EPOCH,1,0.7874,80.0,,,,,  Epoch  1  Loss=0.7874  Acc=80.0%
2026-05-21T16:32:01.277577,1779370321.2775776,TRAIN_EPOCH,2,0.7367,80.0,,,,,  Epoch  2  Loss=0.7367  Acc=80.0%
2026-05-21T16:32:01.425632,1779370321.4256322,TRAIN_EPOCH,3,0.6762,76.7,,,,,  Epoch  3  Loss=0.6762  Acc=76.7%
2026-05-21T16:32:01.584497,1779370321.5844972,TRAIN_EPOCH,4,0.6576,80.0,,,,,  Epoch  4  Loss=0.6576  Acc=80.0%
2026-05-21T16:32:01.734084,1779370321.7340844,TRAIN_EPOCH,5,0.6421,80.0,,,,,  Epoch  5  Loss=0.6421  Acc=80.0%
2026-05-21T16:32:01.884007,1779370321.8840075,TRAIN_EPOCH,6,0.6293,80.0,,,,,  Epoch  6  Loss=0.6293  Acc=80.0%
2026-05-21T16:32:02.032581,1779370322.032581,TRAIN_EPOCH,7,0.6176,76.7,,,,,  Epoch  7  Loss=0.6176  Acc=76.7%
2026-05-21T16:32:02.180477,1779370322.1804771,TRAIN_EPOCH,8,0.6069,76.7,,,,,  Epoch  8  Loss=0.6069  Acc=76.7%
2026-05-21T16:32:02.329973,1779370322.329974,TRAIN_EPOCH,9,0.5981,73.3,,,,,  Epoch  9  Loss=0.5981  Acc=73.3%
2026-05-21T16:32:02.478082,1779370322.4780824,TRAIN_EPOCH,10,0.5913,73.3,,,,,  Epoch 10  Loss=0.5913  Acc=73.3%
2026-05-21T16:32:02.635861,1779370322.6358612,TRAIN_EPOCH,11,0.5838,76.7,,,,,  Epoch 11  Loss=0.5838  Acc=76.7%
2026-05-21T16:32:02.785108,1779370322.7851086,TRAIN_EPOCH,12,0.5774,76.7,,,,,  Epoch 12  Loss=0.5774  Acc=76.7%
2026-05-21T16:32:02.933539,1779370322.9335394,TRAIN_EPOCH,13,0.5709,76.7,,,,,  Epoch 13  Loss=0.5709  Acc=76.7%
2026-05-21T16:32:03.082895,1779370323.0828955,TRAIN_EPOCH,14,0.5654,76.7,,,,,  Epoch 14  Loss=0.5654  Acc=76.7%
2026-05-21T16:32:03.087626,1779370323.0876267,VALIDATION,,,,70.0,10,,,[ACCURACY] Validation: 70.0% (n=10)
2026-05-21T16:32:03.090160,1779370323.0912092,FL,,,,,,,"B1 pre-pack: min=-9.9358, max=9.6835, mean=0.3554","[FL] B1 pre-pack: min=-9.9358, max=9.6835, mean=0.3554"
2026-05-21T16:32:03.092185,1779370323.0921855,FL,,,,,,,Model sent (72 bytes),[FL] Model sent (72 bytes)
2026-05-21T16:32:03.093151,1779370323.0931516,NEW_SAMPLE,,,,,30,cat,,[DATA] class=cat (n=30)
2026-05-21T16:32:03.231737,1779370323.2317376,BLE,,,,,,,Received global model (64 bytes),[BLE] Received global model (64 bytes)
2026-05-21T16:32:03.234722,1779370323.2347224,FL,,,,,,,Global model updated (Adam reset),[FL] Global model updated (Adam reset)
2026-05-21T16:32:03.236717,1779370323.2367172,FL,,,,,,,"B1 unpacked: min=-9.9213, max=9.6063, mean=0.3396","[FL] B1 unpacked: min=-9.9213, max=9.6063, mean=0.3396"
2026-05-21T16:32:05.100327,1779370325.100327,NEW_SAMPLE,,,,,30,horse,,[DATA] class=horse (n=30)
2026-05-21T16:32:07.096751,1779370327.0967517,NEW_SAMPLE,,,,,30,horse,,[DATA] class=horse (n=30)
2026-05-21T16:32:09.097133,1779370329.0971339,NEW_SAMPLE,,,,,30,cat,,[DATA] class=cat (n=30)
2026-05-21T16:32:11.091543,1779370331.0915432,NEW_SAMPLE,,,,,30,cat,,[DATA] class=cat (n=30)
2026-05-21T16:32:13.091217,1779370333.091217,NEW_SAMPLE,,,,,30,other,,[DATA] class=other (n=30)
2026-05-21T16:32:15.095172,1779370335.0951724,NEW_SAMPLE,,,,,30,dog,,[DATA] class=dog (n=30)
2026-05-21T16:32:17.092607,1779370337.092607,NEW_SAMPLE,,,,,30,other,,[DATA] class=other (n=30)
2026-05-21T16:32:19.099442,1779370339.0994425,NEW_SAMPLE,,,,,30,dog,,[DATA] class=dog (n=30)
2026-05-21T16:32:20.844961,1779370340.844961,FL,,,,,,,Local training (4-class cross-entropy),[FL] Local training (4-class cross-entropy)
2026-05-21T16:32:20.982115,1779370340.9821157,TRAIN_EPOCH,0,0.837,66.7,,,,,  Epoch  0  Loss=0.8370  Acc=66.7%
2026-05-21T16:32:21.129410,1779370341.1294105,TRAIN_EPOCH,1,0.7175,73.3,,,,,  Epoch  1  Loss=0.7175  Acc=73.3%
2026-05-21T16:32:21.277884,1779370341.2778847,TRAIN_EPOCH,2,0.6987,73.3,,,,,  Epoch  2  Loss=0.6987  Acc=73.3%
2026-05-21T16:32:21.434684,1779370341.434685,TRAIN_EPOCH,3,0.6803,76.7,,,,,  Epoch  3  Loss=0.6803  Acc=76.7%
2026-05-21T16:32:21.582212,1779370341.582213,TRAIN_EPOCH,4,0.6677,80.0,,,,,  Epoch  4  Loss=0.6677  Acc=80.0%
2026-05-21T16:32:21.730638,1779370341.7306383,TRAIN_EPOCH,5,0.6582,76.7,,,,,  Epoch  5  Loss=0.6582  Acc=76.7%
2026-05-21T16:32:21.880014,1779370341.8800147,TRAIN_EPOCH,6,0.6507,76.7,,,,,  Epoch  6  Loss=0.6507  Acc=76.7%
2026-05-21T16:32:22.029755,1779370342.0297549,TRAIN_EPOCH,7,0.644,76.7,,,,,  Epoch  7  Loss=0.6440  Acc=76.7%
2026-05-21T16:32:22.178703,1779370342.1791506,TRAIN_EPOCH,8,0.6369,76.7,,,,,  Epoch  8  Loss=0.6369  Acc=76.7%
2026-05-21T16:32:22.327058,1779370342.327058,TRAIN_EPOCH,9,0.6305,76.7,,,,,  Epoch  9  Loss=0.6305  Acc=76.7%
2026-05-21T16:32:22.484874,1779370342.4848747,TRAIN_EPOCH,10,0.6244,76.7,,,,,  Epoch 10  Loss=0.6244  Acc=76.7%
2026-05-21T16:32:22.634612,1779370342.6346123,TRAIN_EPOCH,11,0.6185,76.7,,,,,  Epoch 11  Loss=0.6185  Acc=76.7%
2026-05-21T16:32:22.782026,1779370342.782026,TRAIN_EPOCH,12,0.613,76.7,,,,,  Epoch 12  Loss=0.6130  Acc=76.7%
2026-05-21T16:32:22.931762,1779370342.9317627,TRAIN_EPOCH,13,0.6079,76.7,,,,,  Epoch 13  Loss=0.6079  Acc=76.7%
2026-05-21T16:32:23.090426,1779370343.0904262,TRAIN_EPOCH,14,0.6031,76.7,,,,,  Epoch 14  Loss=0.6031  Acc=76.7%
2026-05-21T16:32:23.091362,1779370343.091362,VALIDATION,,,,80.0,10,,,[ACCURACY] Validation: 80.0% (n=10)
2026-05-21T16:32:23.092362,1779370343.0923626,FL,,,,,,,"B1 pre-pack: min=-9.6251, max=9.5997, mean=0.3682","[FL] B1 pre-pack: min=-9.6251, max=9.5997, mean=0.3682"
2026-05-21T16:32:23.093359,1779370343.093359,FL,,,,,,,Model sent (72 bytes),[FL] Model sent (72 bytes)
2026-05-21T16:32:23.094358,1779370343.094358,NEW_SAMPLE,,,,,30,cat,,[DATA] class=cat (n=30)
2026-05-21T16:32:23.274038,1779370343.2740388,BLE,,,,,,,Received global model (64 bytes),[BLE] Received global model (64 bytes)
2026-05-21T16:32:23.276031,1779370343.2760315,FL,,,,,,,Global model updated (Adam reset),[FL] Global model updated (Adam reset)
2026-05-21T16:32:23.278028,1779370343.2780282,FL,,,,,,,"B1 unpacked: min=-9.7638, max=9.6063, mean=0.3445","[FL] B1 unpacked: min=-9.7638, max=9.6063, mean=0.3445"
2026-05-21T16:32:25.091280,1779370345.09128,NEW_SAMPLE,,,,,30,horse,,[DATA] class=horse (n=30)
2026-05-21T16:32:27.097132,1779370347.0971327,NEW_SAMPLE,,,,,30,dog,,[DATA] class=dog (n=30)
2026-05-21T16:32:29.094250,1779370349.094251,NEW_SAMPLE,,,,,30,other,,[DATA] class=other (n=30)
2026-05-21T16:32:31.094763,1779370351.0947638,NEW_SAMPLE,,,,,30,dog,,[DATA] class=dog (n=30)
2026-05-21T16:32:33.092655,1779370353.0926552,NEW_SAMPLE,,,,,30,other,,[DATA] class=other (n=30)
2026-05-21T16:32:35.098251,1779370355.098251,NEW_SAMPLE,,,,,30,cat,,[DATA] class=cat (n=30)
2026-05-21T16:32:37.096834,1779370357.096834,NEW_SAMPLE,,,,,30,cat,,[DATA] class=cat (n=30)
2026-05-21T16:32:39.092371,1779370359.0923712,NEW_SAMPLE,,,,,30,dog,,[DATA] class=dog (n=30)
2026-05-21T16:32:40.842276,1779370360.8422766,FL,,,,,,,Local training (4-class cross-entropy),[FL] Local training (4-class cross-entropy)
2026-05-21T16:32:40.980510,1779370360.9805102,TRAIN_EPOCH,0,0.7529,73.3,,,,,  Epoch  0  Loss=0.7529  Acc=73.3%
2026-05-21T16:32:41.130666,1779370361.1306663,TRAIN_EPOCH,1,0.6519,73.3,,,,,  Epoch  1  Loss=0.6519  Acc=73.3%
2026-05-21T16:32:41.278684,1779370361.2786844,TRAIN_EPOCH,2,0.6298,73.3,,,,,  Epoch  2  Loss=0.6298  Acc=73.3%
2026-05-21T16:32:41.428804,1779370361.4288046,TRAIN_EPOCH,3,0.6193,73.3,,,,,  Epoch  3  Loss=0.6193  Acc=73.3%
2026-05-21T16:32:41.578761,1779370361.5787618,TRAIN_EPOCH,4,0.6084,73.3,,,,,  Epoch  4  Loss=0.6084  Acc=73.3%
2026-05-21T16:32:41.737397,1779370361.7373972,TRAIN_EPOCH,5,0.5945,70.0,,,,,  Epoch  5  Loss=0.5945  Acc=70.0%
2026-05-21T16:32:41.885022,1779370361.8850222,TRAIN_EPOCH,6,0.5849,70.0,,,,,  Epoch  6  Loss=0.5849  Acc=70.0%
2026-05-21T16:32:42.032137,1779370362.0321372,TRAIN_EPOCH,7,0.5768,73.3,,,,,  Epoch  7  Loss=0.5768  Acc=73.3%
2026-05-21T16:32:42.184418,1779370362.1844182,TRAIN_EPOCH,8,0.5675,73.3,,,,,  Epoch  8  Loss=0.5675  Acc=73.3%
2026-05-21T16:32:42.332690,1779370362.3326902,TRAIN_EPOCH,9,0.5589,73.3,,,,,  Epoch  9  Loss=0.5589  Acc=73.3%
2026-05-21T16:32:42.479303,1779370362.4793034,TRAIN_EPOCH,10,0.549,76.7,,,,,  Epoch 10  Loss=0.5490  Acc=76.7%
2026-05-21T16:32:42.637715,1779370362.6377158,TRAIN_EPOCH,11,0.5474,76.7,,,,,  Epoch 11  Loss=0.5474  Acc=76.7%
2026-05-21T16:32:42.787282,1779370362.7872822,TRAIN_EPOCH,12,0.5405,73.3,,,,,  Epoch 12  Loss=0.5405  Acc=73.3%
2026-05-21T16:32:42.934431,1779370362.9344316,TRAIN_EPOCH,13,0.5318,76.7,,,,,  Epoch 13  Loss=0.5318  Acc=76.7%
2026-05-21T16:32:43.083579,1779370363.083579,TRAIN_EPOCH,14,0.5305,76.7,,,,,  Epoch 14  Loss=0.5305  Acc=76.7%
2026-05-21T16:32:43.087717,1779370363.0877173,VALIDATION,,,,70.0,10,,,[ACCURACY] Validation: 70.0% (n=10)
2026-05-21T16:32:43.090222,1779370363.0902226,FL,,,,,,,"B1 pre-pack: min=-9.0457, max=9.1776, mean=0.3181","[FL] B1 pre-pack: min=-9.0457, max=9.1776, mean=0.3181"
2026-05-21T16:32:43.092238,1779370363.0922387,FL,,,,,,,Model sent (72 bytes),[FL] Model sent (72 bytes)
2026-05-21T16:32:43.093211,1779370363.0932112,NEW_SAMPLE,,,,,30,horse,,[DATA] class=horse (n=30)
2026-05-21T16:32:43.253113,1779370363.2531137,BLE,,,,,,,Received global model (64 bytes),[BLE] Received global model (64 bytes)
2026-05-21T16:32:43.256095,1779370363.2560952,FL,,,,,,,Global model updated (Adam reset),[FL] Global model updated (Adam reset)
2026-05-21T16:32:43.259097,1779370363.2590976,FL,,,,,,,"B1 unpacked: min=-9.4488, max=9.3701, mean=0.3346","[FL] B1 unpacked: min=-9.4488, max=9.3701, mean=0.3346"
2026-05-21T16:32:45.091538,1779370365.0915387,NEW_SAMPLE,,,,,30,dog,,[DATA] class=dog (n=30)
2026-05-21T16:32:47.092037,1779370367.0920374,NEW_SAMPLE,,,,,30,cat,,[DATA] class=cat (n=30)
2026-05-21T16:32:49.092863,1779370369.0928636,NEW_SAMPLE,,,,,30,horse,,[DATA] class=horse (n=30)
2026-05-21T16:32:51.092252,1779370371.0922523,NEW_SAMPLE,,,,,30,horse,,[DATA] class=horse (n=30)
2026-05-21T16:32:53.098395,1779370373.0983953,NEW_SAMPLE,,,,,30,other,,[DATA] class=other (n=30)
2026-05-21T16:32:55.095292,1779370375.0952919,NEW_SAMPLE,,,,,30,other,,[DATA] class=other (n=30)
2026-05-21T16:32:57.092166,1779370377.0921664,NEW_SAMPLE,,,,,30,horse,,[DATA] class=horse (n=30)
2026-05-21T16:32:59.090271,1779370379.0913117,NEW_SAMPLE,,,,,30,other,,[DATA] class=other (n=30)
2026-05-21T16:33:00.837275,1779370380.8372757,FL,,,,,,,Local training (4-class cross-entropy),[FL] Local training (4-class cross-entropy)
2026-05-21T16:33:00.983858,1779370380.983858,TRAIN_EPOCH,0,0.4546,80.0,,,,,  Epoch  0  Loss=0.4546  Acc=80.0%
2026-05-21T16:33:01.132213,1779370381.1322136,TRAIN_EPOCH,1,0.3723,90.0,,,,,  Epoch  1  Loss=0.3723  Acc=90.0%
2026-05-21T16:33:01.282004,1779370381.2820046,TRAIN_EPOCH,2,0.3485,86.7,,,,,  Epoch  2  Loss=0.3485  Acc=86.7%
2026-05-21T16:33:01.429720,1779370381.4297204,TRAIN_EPOCH,3,0.3347,83.3,,,,,  Epoch  3  Loss=0.3347  Acc=83.3%
2026-05-21T16:33:01.576841,1779370381.5768414,TRAIN_EPOCH,4,0.323,83.3,,,,,  Epoch  4  Loss=0.3230  Acc=83.3%
2026-05-21T16:33:01.735009,1779370381.7350092,TRAIN_EPOCH,5,0.3156,83.3,,,,,  Epoch  5  Loss=0.3156  Acc=83.3%
2026-05-21T16:33:01.883012,1779370381.883012,TRAIN_EPOCH,6,0.308,83.3,,,,,  Epoch  6  Loss=0.3080  Acc=83.3%
2026-05-21T16:33:02.030393,1779370382.0303938,TRAIN_EPOCH,7,0.3019,80.0,,,,,  Epoch  7  Loss=0.3019  Acc=80.0%
2026-05-21T16:33:02.177712,1779370382.1777124,TRAIN_EPOCH,8,0.2963,80.0,,,,,  Epoch  8  Loss=0.2963  Acc=80.0%
2026-05-21T16:33:02.336581,1779370382.3365812,TRAIN_EPOCH,9,0.2918,80.0,,,,,  Epoch  9  Loss=0.2918  Acc=80.0%
2026-05-21T16:33:02.483688,1779370382.4836879,TRAIN_EPOCH,10,0.2892,80.0,,,,,  Epoch 10  Loss=0.2892  Acc=80.0%
2026-05-21T16:33:02.632146,1779370382.6321464,TRAIN_EPOCH,11,0.2833,80.0,,,,,  Epoch 11  Loss=0.2833  Acc=80.0%
2026-05-21T16:33:02.779108,1779370382.779108,TRAIN_EPOCH,12,0.2799,80.0,,,,,  Epoch 12  Loss=0.2799  Acc=80.0%
2026-05-21T16:33:02.937946,1779370382.937946,TRAIN_EPOCH,13,0.2776,80.0,,,,,  Epoch 13  Loss=0.2776  Acc=80.0%
2026-05-21T16:33:03.087159,1779370383.0871596,TRAIN_EPOCH,14,0.2754,80.0,,,,,  Epoch 14  Loss=0.2754  Acc=80.0%
2026-05-21T16:33:03.088236,1779370383.0882368,VALIDATION,,,,90.0,10,,,[ACCURACY] Validation: 90.0% (n=10)
2026-05-21T16:33:03.088236,1779370383.0882368,FL,,,,,,,"B1 pre-pack: min=-9.4580, max=8.9215, mean=0.3355","[FL] B1 pre-pack: min=-9.4580, max=8.9215, mean=0.3355"
2026-05-21T16:33:03.091706,1779370383.0917063,FL,,,,,,,Model sent (72 bytes),[FL] Model sent (72 bytes)
2026-05-21T16:33:03.092269,1779370383.092269,NEW_SAMPLE,,,,,30,horse,,[DATA] class=horse (n=30)
2026-05-21T16:33:03.228225,1779370383.2282257,BLE,,,,,,,Received global model (64 bytes),[BLE] Received global model (64 bytes)
2026-05-21T16:33:03.231409,1779370383.23141,FL,,,,,,,Global model updated (Adam reset),[FL] Global model updated (Adam reset)
2026-05-21T16:33:03.233298,1779370383.233298,FL,,,,,,,"B1 unpacked: min=-9.4488, max=9.1339, mean=0.3297","[FL] B1 unpacked: min=-9.4488, max=9.1339, mean=0.3297"
2026-05-21T16:33:05.093376,1779370385.0933762,NEW_SAMPLE,,,,,30,dog,,[DATA] class=dog (n=30)
2026-05-21T16:33:07.092145,1779370387.092146,NEW_SAMPLE,,,,,30,other,,[DATA] class=other (n=30)
2026-05-21T16:33:09.095764,1779370389.095764,NEW_SAMPLE,,,,,30,horse,,[DATA] class=horse (n=30)
2026-05-21T16:33:11.099213,1779370391.0992138,NEW_SAMPLE,,,,,30,horse,,[DATA] class=horse (n=30)
2026-05-21T16:33:13.092622,1779370393.092622,NEW_SAMPLE,,,,,30,cat,,[DATA] class=cat (n=30)
2026-05-21T16:33:15.090110,1779370395.0901108,NEW_SAMPLE,,,,,30,cat,,[DATA] class=cat (n=30)
2026-05-21T16:33:17.091629,1779370397.0916293,NEW_SAMPLE,,,,,30,dog,,[DATA] class=dog (n=30)
2026-05-21T16:33:19.093022,1779370399.093022,NEW_SAMPLE,,,,,30,dog,,[DATA] class=dog (n=30)
2026-05-21T16:33:20.840702,1779370400.8407025,FL,,,,,,,Local training (4-class cross-entropy),[FL] Local training (4-class cross-entropy)
2026-05-21T16:33:20.979143,1779370400.9791436,TRAIN_EPOCH,0,0.5898,73.3,,,,,  Epoch  0  Loss=0.5898  Acc=73.3%
2026-05-21T16:33:21.126254,1779370401.1262546,TRAIN_EPOCH,1,0.5277,83.3,,,,,  Epoch  1  Loss=0.5277  Acc=83.3%
2026-05-21T16:33:21.284180,1779370401.2841804,TRAIN_EPOCH,2,0.5208,76.7,,,,,  Epoch  2  Loss=0.5208  Acc=76.7%
2026-05-21T16:33:21.431692,1779370401.4316928,TRAIN_EPOCH,3,0.5163,76.7,,,,,  Epoch  3  Loss=0.5163  Acc=76.7%
2026-05-21T16:33:21.579357,1779370401.5793574,TRAIN_EPOCH,4,0.512,76.7,,,,,  Epoch  4  Loss=0.5120  Acc=76.7%
2026-05-21T16:33:21.726881,1779370401.7278867,TRAIN_EPOCH,5,0.5079,80.0,,,,,  Epoch  5  Loss=0.5079  Acc=80.0%
2026-05-21T16:33:21.885658,1779370401.8856583,TRAIN_EPOCH,6,0.5042,80.0,,,,,  Epoch  6  Loss=0.5042  Acc=80.0%
2026-05-21T16:33:22.034415,1779370402.034415,TRAIN_EPOCH,7,0.5008,80.0,,,,,  Epoch  7  Loss=0.5008  Acc=80.0%
2026-05-21T16:33:22.181728,1779370402.1817284,TRAIN_EPOCH,8,0.4986,80.0,,,,,  Epoch  8  Loss=0.4986  Acc=80.0%
2026-05-21T16:33:22.327811,1779370402.3278115,TRAIN_EPOCH,9,0.4977,80.0,,,,,  Epoch  9  Loss=0.4977  Acc=80.0%
2026-05-21T16:33:22.484095,1779370402.4840958,TRAIN_EPOCH,10,0.4967,80.0,,,,,  Epoch 10  Loss=0.4967  Acc=80.0%
2026-05-21T16:33:22.632998,1779370402.6329982,TRAIN_EPOCH,11,0.4957,80.0,,,,,  Epoch 11  Loss=0.4957  Acc=80.0%
2026-05-21T16:33:22.781736,1779370402.7817361,TRAIN_EPOCH,12,0.4949,80.0,,,,,  Epoch 12  Loss=0.4949  Acc=80.0%
2026-05-21T16:33:22.930617,1779370402.9306176,TRAIN_EPOCH,13,0.4941,80.0,,,,,  Epoch 13  Loss=0.4941  Acc=80.0%
2026-05-21T16:33:23.089884,1779370403.0898848,TRAIN_EPOCH,14,0.4938,80.0,,,,,  Epoch 14  Loss=0.4938  Acc=80.0%
2026-05-21T16:33:23.090936,1779370403.0909364,VALIDATION,,,,60.0,10,,,[ACCURACY] Validation: 60.0% (n=10)
2026-05-21T16:33:23.091253,1779370403.0912535,FL,,,,,,,"B1 pre-pack: min=-9.0781, max=8.6433, mean=0.3120","[FL] B1 pre-pack: min=-9.0781, max=8.6433, mean=0.3120"
2026-05-21T16:33:23.092254,1779370403.092254,FL,,,,,,,Model sent (72 bytes),[FL] Model sent (72 bytes)
2026-05-21T16:33:23.092254,1779370403.092254,NEW_SAMPLE,,,,,30,other,,[DATA] class=other (n=30)
2026-05-21T16:33:23.272885,1779370403.2728858,BLE,,,,,,,Received global model (64 bytes),[BLE] Received global model (64 bytes)
2026-05-21T16:33:23.275869,1779370403.2758696,FL,,,,,,,Global model updated (Adam reset),[FL] Global model updated (Adam reset)
2026-05-21T16:33:23.278866,1779370403.2788668,FL,,,,,,,"B1 unpacked: min=-9.2126, max=8.8976, mean=0.3273","[FL] B1 unpacked: min=-9.2126, max=8.8976, mean=0.3273"
2026-05-21T16:33:25.096050,1779370405.0960507,NEW_SAMPLE,,,,,30,horse,,[DATA] class=horse (n=30)
2026-05-21T16:33:27.095653,1779370407.0956533,NEW_SAMPLE,,,,,30,horse,,[DATA] class=horse (n=30)
2026-05-21T16:33:29.091958,1779370409.0919583,NEW_SAMPLE,,,,,30,cat,,[DATA] class=cat (n=30)
2026-05-21T16:33:31.099423,1779370411.0994234,NEW_SAMPLE,,,,,30,horse,,[DATA] class=horse (n=30)
2026-05-21T16:33:33.092379,1779370413.0923789,NEW_SAMPLE,,,,,30,other,,[DATA] class=other (n=30)
2026-05-21T16:33:35.090498,1779370415.0904984,NEW_SAMPLE,,,,,30,dog,,[DATA] class=dog (n=30)
2026-05-21T16:33:37.099431,1779370417.099432,NEW_SAMPLE,,,,,30,other,,[DATA] class=other (n=30)
2026-05-21T16:33:39.100650,1779370419.1006503,NEW_SAMPLE,,,,,30,horse,,[DATA] class=horse (n=30)
2026-05-21T16:33:40.836754,1779370420.8367548,FL,,,,,,,Local training (4-class cross-entropy),[FL] Local training (4-class cross-entropy)
2026-05-21T16:33:40.984627,1779370420.9846272,TRAIN_EPOCH,0,0.606,70.0,,,,,  Epoch  0  Loss=0.6060  Acc=70.0%
2026-05-21T16:33:41.131364,1779370421.1313646,TRAIN_EPOCH,1,0.4849,86.7,,,,,  Epoch  1  Loss=0.4849  Acc=86.7%
2026-05-21T16:33:41.279127,1779370421.2791274,TRAIN_EPOCH,2,0.4668,86.7,,,,,  Epoch  2  Loss=0.4668  Acc=86.7%
2026-05-21T16:33:41.429245,1779370421.4292455,TRAIN_EPOCH,3,0.4476,86.7,,,,,  Epoch  3  Loss=0.4476  Acc=86.7%
2026-05-21T16:33:41.577681,1779370421.577682,TRAIN_EPOCH,4,0.444,86.7,,,,,  Epoch  4  Loss=0.4440  Acc=86.7%
2026-05-21T16:33:41.733670,1779370421.733671,TRAIN_EPOCH,5,0.4392,83.3,,,,,  Epoch  5  Loss=0.4392  Acc=83.3%
2026-05-21T16:33:41.882787,1779370421.8827875,TRAIN_EPOCH,6,0.4356,83.3,,,,,  Epoch  6  Loss=0.4356  Acc=83.3%
2026-05-21T16:33:42.029171,1779370422.029172,TRAIN_EPOCH,7,0.4337,83.3,,,,,  Epoch  7  Loss=0.4337  Acc=83.3%
2026-05-21T16:33:42.178591,1779370422.178591,TRAIN_EPOCH,8,0.4304,83.3,,,,,  Epoch  8  Loss=0.4304  Acc=83.3%
2026-05-21T16:33:42.336730,1779370422.33673,TRAIN_EPOCH,9,0.4278,83.3,,,,,  Epoch  9  Loss=0.4278  Acc=83.3%
2026-05-21T16:33:42.476975,1779370422.4769754,TRAIN_EPOCH,10,0.4262,83.3,,,,,  Epoch 10  Loss=0.4262  Acc=83.3%
2026-05-21T16:33:42.635133,1779370422.6351335,TRAIN_EPOCH,11,0.4241,83.3,,,,,  Epoch 11  Loss=0.4241  Acc=83.3%
2026-05-21T16:33:42.781574,1779370422.7815742,TRAIN_EPOCH,12,0.4217,83.3,,,,,  Epoch 12  Loss=0.4217  Acc=83.3%
2026-05-21T16:33:42.930489,1779370422.9304898,TRAIN_EPOCH,13,0.421,83.3,,,,,  Epoch 13  Loss=0.4210  Acc=83.3%
2026-05-21T16:33:43.088985,1779370423.0889852,TRAIN_EPOCH,14,0.4187,86.7,,,,,  Epoch 14  Loss=0.4187  Acc=86.7%
2026-05-21T16:33:43.091227,1779370423.091228,VALIDATION,,,,100.0,10,,,[ACCURACY] Validation: 100.0% (n=10)
2026-05-21T16:33:43.094284,1779370423.0942843,FL,,,,,,,"B1 pre-pack: min=-9.2055, max=8.9868, mean=0.3313","[FL] B1 pre-pack: min=-9.2055, max=8.9868, mean=0.3313"
2026-05-21T16:33:43.095277,1779370423.0952778,FL,,,,,,,Model sent (72 bytes),[FL] Model sent (72 bytes)
2026-05-21T16:33:43.096790,1779370423.0967906,NEW_SAMPLE,,,,,30,other,,[DATA] class=other (n=30)
2026-05-21T16:33:43.254453,1779370423.254454,BLE,,,,,,,Received global model (64 bytes),[BLE] Received global model (64 bytes)
2026-05-21T16:33:43.255203,1779370423.2552032,FL,,,,,,,Global model updated (Adam reset),[FL] Global model updated (Adam reset)
2026-05-21T16:33:43.255203,1779370423.2552032,FL,,,,,,,"B1 unpacked: min=-9.2126, max=8.9764, mean=0.3346","[FL] B1 unpacked: min=-9.2126, max=8.9764, mean=0.3346"
2026-05-21T16:33:45.095637,1779370425.0956378,NEW_SAMPLE,,,,,30,other,,[DATA] class=other (n=30)
2026-05-21T16:33:47.091122,1779370427.0911229,NEW_SAMPLE,,,,,30,other,,[DATA] class=other (n=30)
2026-05-21T16:33:49.090670,1779370429.0906703,NEW_SAMPLE,,,,,30,other,,[DATA] class=other (n=30)
2026-05-21T16:33:51.094808,1779370431.0948086,NEW_SAMPLE,,,,,30,other,,[DATA] class=other (n=30)
2026-05-21T16:33:53.099788,1779370433.099789,NEW_SAMPLE,,,,,30,cat,,[DATA] class=cat (n=30)
2026-05-21T16:33:55.096845,1779370435.0968456,NEW_SAMPLE,,,,,30,cat,,[DATA] class=cat (n=30)
2026-05-21T16:33:57.090748,1779370437.090748,NEW_SAMPLE,,,,,30,cat,,[DATA] class=cat (n=30)
2026-05-21T16:33:59.097845,1779370439.0978456,NEW_SAMPLE,,,,,30,horse,,[DATA] class=horse (n=30)
2026-05-21T16:34:00.840541,1779370440.8405416,FL,,,,,,,Local training (4-class cross-entropy),[FL] Local training (4-class cross-entropy)
2026-05-21T16:34:00.978536,1779370440.9785361,TRAIN_EPOCH,0,0.6644,66.7,,,,,  Epoch  0  Loss=0.6644  Acc=66.7%
2026-05-21T16:34:01.126140,1779370441.1261408,TRAIN_EPOCH,1,0.4825,83.3,,,,,  Epoch  1  Loss=0.4825  Acc=83.3%
2026-05-21T16:34:01.276103,1779370441.2761037,TRAIN_EPOCH,2,0.4718,80.0,,,,,  Epoch  2  Loss=0.4718  Acc=80.0%
2026-05-21T16:34:01.435011,1779370441.4350111,TRAIN_EPOCH,3,0.4593,80.0,,,,,  Epoch  3  Loss=0.4593  Acc=80.0%
2026-05-21T16:34:01.583044,1779370441.5830443,TRAIN_EPOCH,4,0.4504,83.3,,,,,  Epoch  4  Loss=0.4504  Acc=83.3%
2026-05-21T16:34:01.730263,1779370441.7302632,TRAIN_EPOCH,5,0.4435,86.7,,,,,  Epoch  5  Loss=0.4435  Acc=86.7%
2026-05-21T16:34:01.877254,1779370441.877255,TRAIN_EPOCH,6,0.4387,86.7,,,,,  Epoch  6  Loss=0.4387  Acc=86.7%
2026-05-21T16:34:02.036759,1779370442.0367591,TRAIN_EPOCH,7,0.4325,86.7,,,,,  Epoch  7  Loss=0.4325  Acc=86.7%
2026-05-21T16:34:02.186364,1779370442.186365,TRAIN_EPOCH,8,0.4265,86.7,,,,,  Epoch  8  Loss=0.4265  Acc=86.7%
2026-05-21T16:34:02.334595,1779370442.3345957,TRAIN_EPOCH,9,0.42,86.7,,,,,  Epoch  9  Loss=0.4200  Acc=86.7%
2026-05-21T16:34:02.482147,1779370442.482148,TRAIN_EPOCH,10,0.4131,86.7,,,,,  Epoch 10  Loss=0.4131  Acc=86.7%
2026-05-21T16:34:02.631004,1779370442.6310043,TRAIN_EPOCH,11,0.4072,86.7,,,,,  Epoch 11  Loss=0.4072  Acc=86.7%
2026-05-21T16:34:02.778674,1779370442.7786741,TRAIN_EPOCH,12,0.4007,86.7,,,,,  Epoch 12  Loss=0.4007  Acc=86.7%
2026-05-21T16:34:02.937848,1779370442.9378483,TRAIN_EPOCH,13,0.3952,86.7,,,,,  Epoch 13  Loss=0.3952  Acc=86.7%
2026-05-21T16:34:03.085237,1779370443.0852375,TRAIN_EPOCH,14,0.3893,86.7,,,,,  Epoch 14  Loss=0.3893  Acc=86.7%
2026-05-21T16:34:03.088274,1779370443.0882742,VALIDATION,,,,90.0,10,,,[ACCURACY] Validation: 90.0% (n=10)
2026-05-21T16:34:03.090714,1779370443.0907147,FL,,,,,,,"B1 pre-pack: min=-9.9610, max=10.2227, mean=0.3576","[FL] B1 pre-pack: min=-9.9610, max=10.2227, mean=0.3576"
2026-05-21T16:34:03.092716,1779370443.0927167,FL,,,,,,,Model sent (72 bytes),[FL] Model sent (72 bytes)
2026-05-21T16:34:03.093675,1779370443.093675,NEW_SAMPLE,,,,,30,cat,,[DATA] class=cat (n=30)
2026-05-21T16:34:03.229424,1779370443.229425,BLE,,,,,,,Received global model (64 bytes),[BLE] Received global model (64 bytes)
2026-05-21T16:34:03.233266,1779370443.2332659,FL,,,,,,,Global model updated (Adam reset),[FL] Global model updated (Adam reset)
2026-05-21T16:34:03.233266,1779370443.2332659,FL,,,,,,,"B1 unpacked: min=-9.6063, max=9.4488, mean=0.3371","[FL] B1 unpacked: min=-9.6063, max=9.4488, mean=0.3371"
2026-05-21T16:34:05.091364,1779370445.0913646,NEW_SAMPLE,,,,,30,cat,,[DATA] class=cat (n=30)
2026-05-21T16:34:07.100167,1779370447.1001675,NEW_SAMPLE,,,,,30,dog,,[DATA] class=dog (n=30)
2026-05-21T16:34:09.094489,1779370449.094489,NEW_SAMPLE,,,,,30,cat,,[DATA] class=cat (n=30)
2026-05-21T16:34:11.091081,1779370451.0910814,NEW_SAMPLE,,,,,30,dog,,[DATA] class=dog (n=30)
2026-05-21T16:34:13.097091,1779370453.097092,NEW_SAMPLE,,,,,30,dog,,[DATA] class=dog (n=30)
2026-05-21T16:34:15.095543,1779370455.0955431,NEW_SAMPLE,,,,,30,cat,,[DATA] class=cat (n=30)
2026-05-21T16:34:17.093509,1779370457.0935097,NEW_SAMPLE,,,,,30,horse,,[DATA] class=horse (n=30)
2026-05-21T16:34:19.092398,1779370459.092399,NEW_SAMPLE,,,,,30,other,,[DATA] class=other (n=30)
2026-05-21T16:34:20.839571,1779370460.8395712,FL,,,,,,,Local training (4-class cross-entropy),[FL] Local training (4-class cross-entropy)
2026-05-21T16:34:20.976921,1779370460.9769218,TRAIN_EPOCH,0,0.6069,80.0,,,,,  Epoch  0  Loss=0.6069  Acc=80.0%
2026-05-21T16:34:21.125031,1779370461.125031,TRAIN_EPOCH,1,0.5475,83.3,,,,,  Epoch  1  Loss=0.5475  Acc=83.3%
2026-05-21T16:34:21.283657,1779370461.283658,TRAIN_EPOCH,2,0.5395,80.0,,,,,  Epoch  2  Loss=0.5395  Acc=80.0%
2026-05-21T16:34:21.430365,1779370461.430365,TRAIN_EPOCH,3,0.5336,80.0,,,,,  Epoch  3  Loss=0.5336  Acc=80.0%
2026-05-21T16:34:21.578964,1779370461.5789645,TRAIN_EPOCH,4,0.5289,80.0,,,,,  Epoch  4  Loss=0.5289  Acc=80.0%
2026-05-21T16:34:21.730018,1779370461.7300184,TRAIN_EPOCH,5,0.5245,83.3,,,,,  Epoch  5  Loss=0.5245  Acc=83.3%
2026-05-21T16:34:21.880095,1779370461.8800955,TRAIN_EPOCH,6,0.5203,83.3,,,,,  Epoch  6  Loss=0.5203  Acc=83.3%
2026-05-21T16:34:22.029375,1779370462.029376,TRAIN_EPOCH,7,0.5165,83.3,,,,,  Epoch  7  Loss=0.5165  Acc=83.3%
2026-05-21T16:34:22.177307,1779370462.177307,TRAIN_EPOCH,8,0.5131,83.3,,,,,  Epoch  8  Loss=0.5131  Acc=83.3%
2026-05-21T16:34:22.336343,1779370462.3363438,TRAIN_EPOCH,9,0.5101,83.3,,,,,  Epoch  9  Loss=0.5101  Acc=83.3%
2026-05-21T16:34:22.484719,1779370462.4847198,TRAIN_EPOCH,10,0.5073,83.3,,,,,  Epoch 10  Loss=0.5073  Acc=83.3%
2026-05-21T16:34:22.633341,1779370462.6333418,TRAIN_EPOCH,11,0.5047,83.3,,,,,  Epoch 11  Loss=0.5047  Acc=83.3%
2026-05-21T16:34:22.780268,1779370462.7802684,TRAIN_EPOCH,12,0.5023,83.3,,,,,  Epoch 12  Loss=0.5023  Acc=83.3%
2026-05-21T16:34:22.939141,1779370462.939142,TRAIN_EPOCH,13,0.5001,83.3,,,,,  Epoch 13  Loss=0.5001  Acc=83.3%
2026-05-21T16:34:23.087775,1779370463.0877752,TRAIN_EPOCH,14,0.4981,83.3,,,,,  Epoch 14  Loss=0.4981  Acc=83.3%
2026-05-21T16:34:23.090444,1779370463.0904448,VALIDATION,,,,80.0,10,,,[ACCURACY] Validation: 80.0% (n=10)
2026-05-21T16:34:23.093436,1779370463.093437,FL,,,,,,,"B1 pre-pack: min=-10.4472, max=10.0676, mean=0.3136","[FL] B1 pre-pack: min=-10.4472, max=10.0676, mean=0.3136"
2026-05-21T16:34:23.094434,1779370463.0944343,FL,,,,,,,Model sent (72 bytes),[FL] Model sent (72 bytes)
2026-05-21T16:34:23.095393,1779370463.095393,NEW_SAMPLE,,,,,30,dog,,[DATA] class=dog (n=30)
2026-05-21T16:34:23.210205,1779370463.2102056,BLE,,,,,,,Received global model (64 bytes),[BLE] Received global model (64 bytes)
2026-05-21T16:34:23.213447,1779370463.213448,FL,,,,,,,Global model updated (Adam reset),[FL] Global model updated (Adam reset)
2026-05-21T16:34:23.215177,1779370463.2151773,FL,,,,,,,"B1 unpacked: min=-9.8425, max=9.7638, mean=0.3248","[FL] B1 unpacked: min=-9.8425, max=9.7638, mean=0.3248"
2026-05-21T16:34:25.096673,1779370465.0966733,NEW_SAMPLE,,,,,30,dog,,[DATA] class=dog (n=30)
2026-05-21T16:34:27.093633,1779370467.093634,NEW_SAMPLE,,,,,30,cat,,[DATA] class=cat (n=30)
2026-05-21T16:34:29.089599,1779370469.0895991,NEW_SAMPLE,,,,,30,other,,[DATA] class=other (n=30)
2026-05-21T16:34:31.096137,1779370471.0961373,NEW_SAMPLE,,,,,30,horse,,[DATA] class=horse (n=30)
2026-05-21T16:34:33.093234,1779370473.093234,NEW_SAMPLE,,,,,30,horse,,[DATA] class=horse (n=30)
2026-05-21T16:34:35.090413,1779370475.0904136,NEW_SAMPLE,,,,,30,cat,,[DATA] class=cat (n=30)
2026-05-21T16:34:37.095341,1779370477.0964005,NEW_SAMPLE,,,,,30,dog,,[DATA] class=dog (n=30)
2026-05-21T16:34:39.095622,1779370479.0956223,NEW_SAMPLE,,,,,30,dog,,[DATA] class=dog (n=30)
2026-05-21T16:34:40.842240,1779370480.8422403,FL,,,,,,,Local training (4-class cross-entropy),[FL] Local training (4-class cross-entropy)
2026-05-21T16:34:40.980126,1779370480.9801266,TRAIN_EPOCH,0,0.6589,76.7,,,,,  Epoch  0  Loss=0.6589  Acc=76.7%
2026-05-21T16:34:41.127199,1779370481.1271994,TRAIN_EPOCH,1,0.5463,73.3,,,,,  Epoch  1  Loss=0.5463  Acc=73.3%
2026-05-21T16:34:41.276764,1779370481.2767644,TRAIN_EPOCH,2,0.5603,73.3,,,,,  Epoch  2  Loss=0.5603  Acc=73.3%
2026-05-21T16:34:41.435765,1779370481.4357657,TRAIN_EPOCH,3,0.5483,76.7,,,,,  Epoch  3  Loss=0.5483  Acc=76.7%
2026-05-21T16:34:41.584663,1779370481.5846639,TRAIN_EPOCH,4,0.5375,76.7,,,,,  Epoch  4  Loss=0.5375  Acc=76.7%
2026-05-21T16:34:41.731217,1779370481.7312176,TRAIN_EPOCH,5,0.5365,76.7,,,,,  Epoch  5  Loss=0.5365  Acc=76.7%
2026-05-21T16:34:41.878699,1779370481.8786993,TRAIN_EPOCH,6,0.5331,76.7,,,,,  Epoch  6  Loss=0.5331  Acc=76.7%
2026-05-21T16:34:42.037227,1779370482.0372279,TRAIN_EPOCH,7,0.5303,76.7,,,,,  Epoch  7  Loss=0.5303  Acc=76.7%
2026-05-21T16:34:42.175687,1779370482.1756873,TRAIN_EPOCH,8,0.5279,80.0,,,,,  Epoch  8  Loss=0.5279  Acc=80.0%
2026-05-21T16:34:42.333862,1779370482.333862,TRAIN_EPOCH,9,0.5258,80.0,,,,,  Epoch  9  Loss=0.5258  Acc=80.0%
2026-05-21T16:34:42.481989,1779370482.4819899,TRAIN_EPOCH,10,0.5239,80.0,,,,,  Epoch 10  Loss=0.5239  Acc=80.0%
2026-05-21T16:34:42.630282,1779370482.6302824,TRAIN_EPOCH,11,0.5221,80.0,,,,,  Epoch 11  Loss=0.5221  Acc=80.0%
2026-05-21T16:34:42.779026,1779370482.7790263,TRAIN_EPOCH,12,0.5214,80.0,,,,,  Epoch 12  Loss=0.5214  Acc=80.0%
2026-05-21T16:34:42.928818,1779370482.9288187,TRAIN_EPOCH,13,0.5193,80.0,,,,,  Epoch 13  Loss=0.5193  Acc=80.0%
2026-05-21T16:34:43.088520,1779370483.0885208,TRAIN_EPOCH,14,0.5185,80.0,,,,,  Epoch 14  Loss=0.5185  Acc=80.0%
2026-05-21T16:34:43.090238,1779370483.090238,VALIDATION,,,,90.0,10,,,[ACCURACY] Validation: 90.0% (n=10)
2026-05-21T16:34:43.092285,1779370483.0922856,FL,,,,,,,"B1 pre-pack: min=-10.5654, max=10.2436, mean=0.2957","[FL] B1 pre-pack: min=-10.5654, max=10.2436, mean=0.2957"
2026-05-21T16:34:43.094259,1779370483.0942593,FL,,,,,,,Model sent (72 bytes),[FL] Model sent (72 bytes)
2026-05-21T16:34:43.094259,1779370483.0942593,NEW_SAMPLE,,,,,30,dog,,[DATA] class=dog (n=30)
2026-05-21T16:34:43.254067,1779370483.2540674,BLE,,,,,,,Received global model (64 bytes),[BLE] Received global model (64 bytes)
2026-05-21T16:34:43.257047,1779370483.2570477,FL,,,,,,,Global model updated (Adam reset),[FL] Global model updated (Adam reset)
2026-05-21T16:34:43.259514,1779370483.259514,FL,,,,,,,"B1 unpacked: min=-10.0000, max=9.8425, mean=0.3174","[FL] B1 unpacked: min=-10.0000, max=9.8425, mean=0.3174"
2026-05-21T16:34:45.093695,1779370485.0936952,NEW_SAMPLE,,,,,30,dog,,[DATA] class=dog (n=30)
2026-05-21T16:34:47.092935,1779370487.092935,NEW_SAMPLE,,,,,30,cat,,[DATA] class=cat (n=30)
2026-05-21T16:34:49.092455,1779370489.0924556,NEW_SAMPLE,,,,,30,dog,,[DATA] class=dog (n=30)
2026-05-21T16:34:51.091780,1779370491.091781,NEW_SAMPLE,,,,,30,dog,,[DATA] class=dog (n=30)
2026-05-21T16:34:53.091175,1779370493.091175,NEW_SAMPLE,,,,,30,dog,,[DATA] class=dog (n=30)
2026-05-21T16:34:55.096671,1779370495.0966713,NEW_SAMPLE,,,,,30,dog,,[DATA] class=dog (n=30)
2026-05-21T16:34:57.096217,1779370497.0962176,NEW_SAMPLE,,,,,30,dog,,[DATA] class=dog (n=30)
2026-05-21T16:34:59.093384,1779370499.0933847,NEW_SAMPLE,,,,,30,other,,[DATA] class=other (n=30)
2026-05-21T16:35:00.842364,1779370500.842365,FL,,,,,,,Local training (4-class cross-entropy),[FL] Local training (4-class cross-entropy)
2026-05-21T16:35:00.979587,1779370500.9795878,TRAIN_EPOCH,0,0.677,70.0,,,,,  Epoch  0  Loss=0.6770  Acc=70.0%
2026-05-21T16:35:01.127290,1779370501.127291,TRAIN_EPOCH,1,0.5058,80.0,,,,,  Epoch  1  Loss=0.5058  Acc=80.0%
2026-05-21T16:35:01.286082,1779370501.2860823,TRAIN_EPOCH,2,0.5192,80.0,,,,,  Epoch  2  Loss=0.5192  Acc=80.0%
2026-05-21T16:35:01.434867,1779370501.4348676,TRAIN_EPOCH,3,0.5082,80.0,,,,,  Epoch  3  Loss=0.5082  Acc=80.0%
2026-05-21T16:35:01.584837,1779370501.5848374,TRAIN_EPOCH,4,0.5049,80.0,,,,,  Epoch  4  Loss=0.5049  Acc=80.0%
2026-05-21T16:35:01.734142,1779370501.734143,TRAIN_EPOCH,5,0.4976,83.3,,,,,  Epoch  5  Loss=0.4976  Acc=83.3%
2026-05-21T16:35:01.882714,1779370501.882714,TRAIN_EPOCH,6,0.4938,83.3,,,,,  Epoch  6  Loss=0.4938  Acc=83.3%
2026-05-21T16:35:02.030218,1779370502.0302186,TRAIN_EPOCH,7,0.4902,83.3,,,,,  Epoch  7  Loss=0.4902  Acc=83.3%
2026-05-21T16:35:02.178683,1779370502.178683,TRAIN_EPOCH,8,0.4871,83.3,,,,,  Epoch  8  Loss=0.4871  Acc=83.3%
2026-05-21T16:35:02.328121,1779370502.3281214,TRAIN_EPOCH,9,0.4851,83.3,,,,,  Epoch  9  Loss=0.4851  Acc=83.3%
2026-05-21T16:35:02.486781,1779370502.486781,TRAIN_EPOCH,10,0.4821,83.3,,,,,  Epoch 10  Loss=0.4821  Acc=83.3%
2026-05-21T16:35:02.636105,1779370502.6361055,TRAIN_EPOCH,11,0.4793,83.3,,,,,  Epoch 11  Loss=0.4793  Acc=83.3%
2026-05-21T16:35:02.783579,1779370502.7835793,TRAIN_EPOCH,12,0.4768,83.3,,,,,  Epoch 12  Loss=0.4768  Acc=83.3%
2026-05-21T16:35:02.929422,1779370502.9294229,TRAIN_EPOCH,13,0.4745,83.3,,,,,  Epoch 13  Loss=0.4745  Acc=83.3%
2026-05-21T16:35:03.086413,1779370503.0864139,TRAIN_EPOCH,14,0.4723,83.3,,,,,  Epoch 14  Loss=0.4723  Acc=83.3%
2026-05-21T16:35:03.089353,1779370503.0893538,VALIDATION,,,,90.0,10,,,[ACCURACY] Validation: 90.0% (n=10)
2026-05-21T16:35:03.092371,1779370503.0923717,FL,,,,,,,"B1 pre-pack: min=-10.2816, max=9.8751, mean=0.2439","[FL] B1 pre-pack: min=-10.2816, max=9.8751, mean=0.2439"
2026-05-21T16:35:03.093333,1779370503.0933337,FL,,,,,,,Model sent (72 bytes),[FL] Model sent (72 bytes)
2026-05-21T16:35:03.093333,1779370503.0933337,NEW_SAMPLE,,,,,30,dog,,[DATA] class=dog (n=30)
2026-05-21T16:35:03.231550,1779370503.2315505,BLE,,,,,,,Received global model (64 bytes),[BLE] Received global model (64 bytes)
2026-05-21T16:35:03.233789,1779370503.2337892,FL,,,,,,,Global model updated (Adam reset),[FL] Global model updated (Adam reset)
2026-05-21T16:35:03.236760,1779370503.2367604,FL,,,,,,,"B1 unpacked: min=-10.0000, max=9.8425, mean=0.2854","[FL] B1 unpacked: min=-10.0000, max=9.8425, mean=0.2854"
2026-05-21T16:35:05.098801,1779370505.0988019,NEW_SAMPLE,,,,,30,other,,[DATA] class=other (n=30)
2026-05-21T16:35:07.095826,1779370507.0958266,NEW_SAMPLE,,,,,30,dog,,[DATA] class=dog (n=30)
2026-05-21T16:35:09.092783,1779370509.0927832,NEW_SAMPLE,,,,,30,horse,,[DATA] class=horse (n=30)
2026-05-21T16:35:11.098405,1779370511.0984054,NEW_SAMPLE,,,,,30,horse,,[DATA] class=horse (n=30)
2026-05-21T16:35:13.096452,1779370513.0964527,NEW_SAMPLE,,,,,30,other,,[DATA] class=other (n=30)
2026-05-21T16:35:15.100600,1779370515.1006005,NEW_SAMPLE,,,,,30,cat,,[DATA] class=cat (n=30)
2026-05-21T16:35:17.096526,1779370517.0965261,NEW_SAMPLE,,,,,30,other,,[DATA] class=other (n=30)
2026-05-21T16:35:19.096226,1779370519.096226,NEW_SAMPLE,,,,,30,other,,[DATA] class=other (n=30)
2026-05-21T16:35:20.845439,1779370520.8454392,FL,,,,,,,Local training (4-class cross-entropy),[FL] Local training (4-class cross-entropy)
2026-05-21T16:35:20.982000,1779370520.9820004,TRAIN_EPOCH,0,0.6249,76.7,,,,,  Epoch  0  Loss=0.6249  Acc=76.7%
2026-05-21T16:35:21.130129,1779370521.1301289,TRAIN_EPOCH,1,0.5308,80.0,,,,,  Epoch  1  Loss=0.5308  Acc=80.0%
2026-05-21T16:35:21.281157,1779370521.281158,TRAIN_EPOCH,2,0.4874,76.7,,,,,  Epoch  2  Loss=0.4874  Acc=76.7%
2026-05-21T16:35:21.427281,1779370521.4272819,TRAIN_EPOCH,3,0.4642,76.7,,,,,  Epoch  3  Loss=0.4642  Acc=76.7%
2026-05-21T16:35:21.577217,1779370521.5772173,TRAIN_EPOCH,4,0.4365,80.0,,,,,  Epoch  4  Loss=0.4365  Acc=80.0%
2026-05-21T16:35:21.735317,1779370521.7353175,TRAIN_EPOCH,5,0.4179,83.3,,,,,  Epoch  5  Loss=0.4179  Acc=83.3%
2026-05-21T16:35:21.882528,1779370521.8825285,TRAIN_EPOCH,6,0.3989,83.3,,,,,  Epoch  6  Loss=0.3989  Acc=83.3%
2026-05-21T16:35:22.030304,1779370522.030305,TRAIN_EPOCH,7,0.3898,86.7,,,,,  Epoch  7  Loss=0.3898  Acc=86.7%
2026-05-21T16:35:22.178705,1779370522.1787055,TRAIN_EPOCH,8,0.3772,86.7,,,,,  Epoch  8  Loss=0.3772  Acc=86.7%
2026-05-21T16:35:22.336592,1779370522.3365924,TRAIN_EPOCH,9,0.3685,90.0,,,,,  Epoch  9  Loss=0.3685  Acc=90.0%
2026-05-21T16:35:22.482885,1779370522.4828858,TRAIN_EPOCH,10,0.3603,90.0,,,,,  Epoch 10  Loss=0.3603  Acc=90.0%
2026-05-21T16:35:22.630717,1779370522.6307178,TRAIN_EPOCH,11,0.3542,90.0,,,,,  Epoch 11  Loss=0.3542  Acc=90.0%
2026-05-21T16:35:22.779881,1779370522.7798812,TRAIN_EPOCH,12,0.3492,90.0,,,,,  Epoch 12  Loss=0.3492  Acc=90.0%
2026-05-21T16:35:22.930544,1779370522.9305444,TRAIN_EPOCH,13,0.3435,90.0,,,,,  Epoch 13  Loss=0.3435  Acc=90.0%
2026-05-21T16:35:23.089320,1779370523.0893202,TRAIN_EPOCH,14,0.3438,90.0,,,,,  Epoch 14  Loss=0.3438  Acc=90.0%
2026-05-21T16:35:23.091551,1779370523.091552,VALIDATION,,,,90.0,10,,,[ACCURACY] Validation: 90.0% (n=10)
2026-05-21T16:35:23.094532,1779370523.0945325,FL,,,,,,,"B1 pre-pack: min=-11.8075, max=11.2499, mean=0.3741","[FL] B1 pre-pack: min=-11.8075, max=11.2499, mean=0.3741"
2026-05-21T16:35:23.095842,1779370523.0958421,FL,,,,,,,Model sent (72 bytes),[FL] Model sent (72 bytes)
2026-05-21T16:35:23.096847,1779370523.096847,NEW_SAMPLE,,,,,30,cat,,[DATA] class=cat (n=30)
2026-05-21T16:35:23.211590,1779370523.2115903,BLE,,,,,,,Received global model (64 bytes),[BLE] Received global model (64 bytes)
2026-05-21T16:35:23.213615,1779370523.2136154,FL,,,,,,,Global model updated (Adam reset),[FL] Global model updated (Adam reset)
2026-05-21T16:35:23.214311,1779370523.2143116,FL,,,,,,,"B1 unpacked: min=-10.0787, max=9.9213, mean=0.3297","[FL] B1 unpacked: min=-10.0787, max=9.9213, mean=0.3297"
2026-05-21T16:35:25.093593,1779370525.0935931,NEW_SAMPLE,,,,,30,other,,[DATA] class=other (n=30)
2026-05-21T16:35:27.093797,1779370527.093798,NEW_SAMPLE,,,,,30,dog,,[DATA] class=dog (n=30)
2026-05-21T16:35:29.090279,1779370529.0902793,NEW_SAMPLE,,,,,30,horse,,[DATA] class=horse (n=30)
2026-05-21T16:35:31.099001,1779370531.099002,NEW_SAMPLE,,,,,30,cat,,[DATA] class=cat (n=30)
2026-05-21T16:35:33.098789,1779370533.09879,NEW_SAMPLE,,,,,30,cat,,[DATA] class=cat (n=30)
2026-05-21T16:35:35.098087,1779370535.0980878,NEW_SAMPLE,,,,,30,dog,,[DATA] class=dog (n=30)
2026-05-21T16:35:37.099575,1779370537.0995755,NEW_SAMPLE,,,,,30,horse,,[DATA] class=horse (n=30)
2026-05-21T16:35:39.096699,1779370539.0966997,NEW_SAMPLE,,,,,30,horse,,[DATA] class=horse (n=30)
2026-05-21T16:35:40.836486,1779370540.8364868,FL,,,,,,,Local training (4-class cross-entropy),[FL] Local training (4-class cross-entropy)
2026-05-21T16:35:40.984710,1779370540.9847105,TRAIN_EPOCH,0,0.7622,63.3,,,,,  Epoch  0  Loss=0.7622  Acc=63.3%
2026-05-21T16:35:41.132061,1779370541.1320617,TRAIN_EPOCH,1,0.6594,70.0,,,,,  Epoch  1  Loss=0.6594  Acc=70.0%
2026-05-21T16:35:41.280882,1779370541.2808821,TRAIN_EPOCH,2,0.6289,70.0,,,,,  Epoch  2  Loss=0.6289  Acc=70.0%
2026-05-21T16:35:41.429951,1779370541.4299514,TRAIN_EPOCH,3,0.6108,70.0,,,,,  Epoch  3  Loss=0.6108  Acc=70.0%
2026-05-21T16:35:41.579816,1779370541.5798168,TRAIN_EPOCH,4,0.5973,70.0,,,,,  Epoch  4  Loss=0.5973  Acc=70.0%
2026-05-21T16:35:41.729640,1779370541.729641,TRAIN_EPOCH,5,0.5871,70.0,,,,,  Epoch  5  Loss=0.5871  Acc=70.0%
2026-05-21T16:35:41.876186,1779370541.8772464,TRAIN_EPOCH,6,0.579,73.3,,,,,  Epoch  6  Loss=0.5790  Acc=73.3%
2026-05-21T16:35:42.034536,1779370542.034536,TRAIN_EPOCH,7,0.5721,73.3,,,,,  Epoch  7  Loss=0.5721  Acc=73.3%
2026-05-21T16:35:42.181659,1779370542.1816595,TRAIN_EPOCH,8,0.5632,73.3,,,,,  Epoch  8  Loss=0.5632  Acc=73.3%
2026-05-21T16:35:42.331050,1779370542.3310504,TRAIN_EPOCH,9,0.5591,73.3,,,,,  Epoch  9  Loss=0.5591  Acc=73.3%
2026-05-21T16:35:42.480661,1779370542.4806612,TRAIN_EPOCH,10,0.5547,73.3,,,,,  Epoch 10  Loss=0.5547  Acc=73.3%
2026-05-21T16:35:42.630507,1779370542.6305077,TRAIN_EPOCH,11,0.5471,73.3,,,,,  Epoch 11  Loss=0.5471  Acc=73.3%
2026-05-21T16:35:42.779033,1779370542.7790332,TRAIN_EPOCH,12,0.5469,73.3,,,,,  Epoch 12  Loss=0.5469  Acc=73.3%
2026-05-21T16:35:42.939577,1779370542.9395776,TRAIN_EPOCH,13,0.5552,73.3,,,,,  Epoch 13  Loss=0.5552  Acc=73.3%
2026-05-21T16:35:43.092304,1779370543.0923038,TRAIN_EPOCH,14,0.5414,73.3,,,,,  Epoch 14  Loss=0.5414  Acc=73.3%
2026-05-21T16:35:43.095292,1779370543.0952926,VALIDATION,,,,70.0,10,,,[ACCURACY] Validation: 70.0% (n=10)
2026-05-21T16:35:43.098883,1779370543.0988836,FL,,,,,,,"B1 pre-pack: min=-11.3527, max=10.9222, mean=0.4013","[FL] B1 pre-pack: min=-11.3527, max=10.9222, mean=0.4013"
2026-05-21T16:35:43.099940,1779370543.0999403,FL,,,,,,,Model sent (72 bytes),[FL] Model sent (72 bytes)
2026-05-21T16:35:43.101910,1779370543.1019108,NEW_SAMPLE,,,,,30,other,,[DATA] class=other (n=30)
2026-05-21T16:35:43.250616,1779370543.2506163,BLE,,,,,,,Received global model (64 bytes),[BLE] Received global model (64 bytes)
2026-05-21T16:35:43.254641,1779370543.2546413,FL,,,,,,,Global model updated (Adam reset),[FL] Global model updated (Adam reset)
2026-05-21T16:35:43.257743,1779370543.2577434,FL,,,,,,,"B1 unpacked: min=-10.0787, max=10.0000, mean=0.3740","[FL] B1 unpacked: min=-10.0787, max=10.0000, mean=0.3740"
2026-05-21T16:35:45.099247,1779370545.0992477,NEW_SAMPLE,,,,,30,cat,,[DATA] class=cat (n=30)
2026-05-21T16:35:47.097388,1779370547.0973887,NEW_SAMPLE,,,,,30,cat,,[DATA] class=cat (n=30)
2026-05-21T16:35:49.092556,1779370549.0925567,NEW_SAMPLE,,,,,30,dog,,[DATA] class=dog (n=30)
2026-05-21T16:35:51.099424,1779370551.0994244,NEW_SAMPLE,,,,,30,dog,,[DATA] class=dog (n=30)
2026-05-21T16:35:53.098610,1779370553.0986104,NEW_SAMPLE,,,,,30,other,,[DATA] class=other (n=30)
2026-05-21T16:35:55.093288,1779370555.0932882,NEW_SAMPLE,,,,,30,cat,,[DATA] class=cat (n=30)
2026-05-21T16:35:57.100283,1779370557.1002831,NEW_SAMPLE,,,,,30,horse,,[DATA] class=horse (n=30)
2026-05-21T16:35:59.098182,1779370559.0981822,NEW_SAMPLE,,,,,30,horse,,[DATA] class=horse (n=30)
2026-05-21T16:36:00.844003,1779370560.8440034,FL,,,,,,,Local training (4-class cross-entropy),[FL] Local training (4-class cross-entropy)
2026-05-21T16:36:00.981190,1779370560.981191,TRAIN_EPOCH,0,0.6391,73.3,,,,,  Epoch  0  Loss=0.6391  Acc=73.3%
2026-05-21T16:36:01.130230,1779370561.1302307,TRAIN_EPOCH,1,0.5335,70.0,,,,,  Epoch  1  Loss=0.5335  Acc=70.0%
2026-05-21T16:36:01.279319,1779370561.2793198,TRAIN_EPOCH,2,0.4949,76.7,,,,,  Epoch  2  Loss=0.4949  Acc=76.7%
2026-05-21T16:36:01.426351,1779370561.4263518,TRAIN_EPOCH,3,0.4784,73.3,,,,,  Epoch  3  Loss=0.4784  Acc=73.3%
2026-05-21T16:36:01.585542,1779370561.5855422,TRAIN_EPOCH,4,0.4775,73.3,,,,,  Epoch  4  Loss=0.4775  Acc=73.3%
2026-05-21T16:36:01.734659,1779370561.7346597,TRAIN_EPOCH,5,0.4716,73.3,,,,,  Epoch  5  Loss=0.4716  Acc=73.3%
2026-05-21T16:36:01.880549,1779370561.8805492,TRAIN_EPOCH,6,0.4668,73.3,,,,,  Epoch  6  Loss=0.4668  Acc=73.3%
2026-05-21T16:36:02.029042,1779370562.0290422,TRAIN_EPOCH,7,0.4629,73.3,,,,,  Epoch  7  Loss=0.4629  Acc=73.3%
2026-05-21T16:36:02.176854,1779370562.1768544,TRAIN_EPOCH,8,0.4593,73.3,,,,,  Epoch  8  Loss=0.4593  Acc=73.3%
2026-05-21T16:36:02.327152,1779370562.327152,TRAIN_EPOCH,9,0.4559,73.3,,,,,  Epoch  9  Loss=0.4559  Acc=73.3%
2026-05-21T16:36:02.484858,1779370562.4848583,TRAIN_EPOCH,10,0.4528,73.3,,,,,  Epoch 10  Loss=0.4528  Acc=73.3%
2026-05-21T16:36:02.630663,1779370562.6306639,TRAIN_EPOCH,11,0.4498,73.3,,,,,  Epoch 11  Loss=0.4498  Acc=73.3%
2026-05-21T16:36:02.781238,1779370562.781238,TRAIN_EPOCH,12,0.447,73.3,,,,,  Epoch 12  Loss=0.4470  Acc=73.3%
2026-05-21T16:36:02.929123,1779370562.9291239,TRAIN_EPOCH,13,0.4444,73.3,,,,,  Epoch 13  Loss=0.4444  Acc=73.3%
2026-05-21T16:36:03.087107,1779370563.0871074,TRAIN_EPOCH,14,0.4418,73.3,,,,,  Epoch 14  Loss=0.4418  Acc=73.3%
2026-05-21T16:36:03.089730,1779370563.0897307,VALIDATION,,,,80.0,10,,,[ACCURACY] Validation: 80.0% (n=10)
2026-05-21T16:36:03.092736,1779370563.0927367,FL,,,,,,,"B1 pre-pack: min=-11.2415, max=11.4375, mean=0.3862","[FL] B1 pre-pack: min=-11.2415, max=11.4375, mean=0.3862"
2026-05-21T16:36:03.093731,1779370563.0937319,FL,,,,,,,Model sent (72 bytes),[FL] Model sent (72 bytes)
2026-05-21T16:36:03.094698,1779370563.094698,NEW_SAMPLE,,,,,30,horse,,[DATA] class=horse (n=30)
2026-05-21T16:36:03.232272,1779370563.2322724,BLE,,,,,,,Received global model (64 bytes),[BLE] Received global model (64 bytes)
2026-05-21T16:36:03.235440,1779370563.2354405,FL,,,,,,,Global model updated (Adam reset),[FL] Global model updated (Adam reset)
2026-05-21T16:36:03.237030,1779370563.2370298,FL,,,,,,,"B1 unpacked: min=-10.0787, max=10.0000, mean=0.3789","[FL] B1 unpacked: min=-10.0787, max=10.0000, mean=0.3789"
2026-05-21T16:36:05.099467,1779370565.0994678,NEW_SAMPLE,,,,,30,cat,,[DATA] class=cat (n=30)
2026-05-21T16:36:07.098357,1779370567.0983577,NEW_SAMPLE,,,,,30,cat,,[DATA] class=cat (n=30)
2026-05-21T16:36:09.092958,1779370569.0929582,NEW_SAMPLE,,,,,30,dog,,[DATA] class=dog (n=30)
2026-05-21T16:36:11.092623,1779370571.092624,NEW_SAMPLE,,,,,30,other,,[DATA] class=other (n=30)
2026-05-21T16:36:13.092455,1779370573.0924554,NEW_SAMPLE,,,,,30,horse,,[DATA] class=horse (n=30)
2026-05-21T16:36:15.098001,1779370575.0980015,NEW_SAMPLE,,,,,30,cat,,[DATA] class=cat (n=30)
2026-05-21T16:36:17.091974,1779370577.0919745,NEW_SAMPLE,,,,,30,horse,,[DATA] class=horse (n=30)
2026-05-21T16:36:19.090497,1779370579.0904973,NEW_SAMPLE,,,,,30,cat,,[DATA] class=cat (n=30)
2026-05-21T16:36:20.843820,1779370580.8438206,FL,,,,,,,Local training (4-class cross-entropy),[FL] Local training (4-class cross-entropy)
2026-05-21T16:36:20.981614,1779370580.9816144,TRAIN_EPOCH,0,0.5748,70.0,,,,,  Epoch  0  Loss=0.5748  Acc=70.0%
2026-05-21T16:36:21.130824,1779370581.1308248,TRAIN_EPOCH,1,0.4865,80.0,,,,,  Epoch  1  Loss=0.4865  Acc=80.0%
2026-05-21T16:36:21.277097,1779370581.277097,TRAIN_EPOCH,2,0.4755,83.3,,,,,  Epoch  2  Loss=0.4755  Acc=83.3%
2026-05-21T16:36:21.436111,1779370581.4361117,TRAIN_EPOCH,3,0.4721,83.3,,,,,  Epoch  3  Loss=0.4721  Acc=83.3%
2026-05-21T16:36:21.584535,1779370581.5845356,TRAIN_EPOCH,4,0.4688,83.3,,,,,  Epoch  4  Loss=0.4688  Acc=83.3%
2026-05-21T16:36:21.733245,1779370581.7332451,TRAIN_EPOCH,5,0.4658,80.0,,,,,  Epoch  5  Loss=0.4658  Acc=80.0%
2026-05-21T16:36:21.881750,1779370581.8817503,TRAIN_EPOCH,6,0.4625,80.0,,,,,  Epoch  6  Loss=0.4625  Acc=80.0%
2026-05-21T16:36:22.030083,1779370582.0300837,TRAIN_EPOCH,7,0.4593,80.0,,,,,  Epoch  7  Loss=0.4593  Acc=80.0%
2026-05-21T16:36:22.179959,1779370582.1799593,TRAIN_EPOCH,8,0.4562,80.0,,,,,  Epoch  8  Loss=0.4562  Acc=80.0%
2026-05-21T16:36:22.332020,1779370582.3320205,TRAIN_EPOCH,9,0.4533,80.0,,,,,  Epoch  9  Loss=0.4533  Acc=80.0%
2026-05-21T16:36:22.479836,1779370582.479837,TRAIN_EPOCH,10,0.4512,80.0,,,,,  Epoch 10  Loss=0.4512  Acc=80.0%
2026-05-21T16:36:22.629548,1779370582.6295485,TRAIN_EPOCH,11,0.4481,80.0,,,,,  Epoch 11  Loss=0.4481  Acc=80.0%
2026-05-21T16:36:22.787610,1779370582.78761,TRAIN_EPOCH,12,0.4461,80.0,,,,,  Epoch 12  Loss=0.4461  Acc=80.0%
2026-05-21T16:36:22.936808,1779370582.936808,TRAIN_EPOCH,13,0.4435,80.0,,,,,  Epoch 13  Loss=0.4435  Acc=80.0%
2026-05-21T16:36:23.083504,1779370583.083505,TRAIN_EPOCH,14,0.4425,80.0,,,,,  Epoch 14  Loss=0.4425  Acc=80.0%
2026-05-21T16:36:23.086915,1779370583.0869155,VALIDATION,,,,80.0,10,,,[ACCURACY] Validation: 80.0% (n=10)
2026-05-21T16:36:23.088319,1779370583.0883193,FL,,,,,,,"B1 pre-pack: min=-10.4786, max=10.6184, mean=0.4024","[FL] B1 pre-pack: min=-10.4786, max=10.6184, mean=0.4024"
2026-05-21T16:36:23.099217,1779370583.099217,FL,,,,,,,Model sent (72 bytes),[FL] Model sent (72 bytes)
2026-05-21T16:36:23.099791,1779370583.0997915,NEW_SAMPLE,,,,,30,horse,,[DATA] class=horse (n=30)
2026-05-21T16:36:23.219666,1779370583.2196665,BLE,,,,,,,Received global model (64 bytes),[BLE] Received global model (64 bytes)
2026-05-21T16:36:23.220390,1779370583.22039,FL,,,,,,,Global model updated (Adam reset),[FL] Global model updated (Adam reset)
2026-05-21T16:36:23.221034,1779370583.2210348,FL,,,,,,,"B1 unpacked: min=-10.0787, max=10.0000, mean=0.3839","[FL] B1 unpacked: min=-10.0787, max=10.0000, mean=0.3839"
2026-05-21T16:36:25.093785,1779370585.093785,NEW_SAMPLE,,,,,30,cat,,[DATA] class=cat (n=30)
2026-05-21T16:36:27.094759,1779370587.0947595,NEW_SAMPLE,,,,,30,other,,[DATA] class=other (n=30)
2026-05-21T16:36:29.095930,1779370589.0959303,NEW_SAMPLE,,,,,30,dog,,[DATA] class=dog (n=30)
2026-05-21T16:36:31.093238,1779370591.0932388,NEW_SAMPLE,,,,,30,horse,,[DATA] class=horse (n=30)
2026-05-21T16:36:33.092624,1779370593.0926244,NEW_SAMPLE,,,,,30,other,,[DATA] class=other (n=30)
2026-05-21T16:36:35.099057,1779370595.0990572,NEW_SAMPLE,,,,,30,other,,[DATA] class=other (n=30)
2026-05-21T16:36:37.097825,1779370597.0978258,NEW_SAMPLE,,,,,30,dog,,[DATA] class=dog (n=30)
2026-05-21T16:36:39.094243,1779370599.0942433,NEW_SAMPLE,,,,,30,dog,,[DATA] class=dog (n=30)
2026-05-21T16:36:40.842538,1779370600.8425379,FL,,,,,,,Local training (4-class cross-entropy),[FL] Local training (4-class cross-entropy)
2026-05-21T16:36:40.979527,1779370600.979528,TRAIN_EPOCH,0,0.6234,70.0,,,,,  Epoch  0  Loss=0.6234  Acc=70.0%
2026-05-21T16:36:41.126872,1779370601.1268725,TRAIN_EPOCH,1,0.5726,70.0,,,,,  Epoch  1  Loss=0.5726  Acc=70.0%
2026-05-21T16:36:41.275379,1779370601.2753792,TRAIN_EPOCH,2,0.5622,70.0,,,,,  Epoch  2  Loss=0.5622  Acc=70.0%
2026-05-21T16:36:41.434743,1779370601.4347434,TRAIN_EPOCH,3,0.5531,70.0,,,,,  Epoch  3  Loss=0.5531  Acc=70.0%
2026-05-21T16:36:41.582687,1779370601.5826874,TRAIN_EPOCH,4,0.5462,70.0,,,,,  Epoch  4  Loss=0.5462  Acc=70.0%
2026-05-21T16:36:41.732662,1779370601.7326622,TRAIN_EPOCH,5,0.5396,70.0,,,,,  Epoch  5  Loss=0.5396  Acc=70.0%
2026-05-21T16:36:41.882402,1779370601.882402,TRAIN_EPOCH,6,0.5343,70.0,,,,,  Epoch  6  Loss=0.5343  Acc=70.0%
2026-05-21T16:36:42.029959,1779370602.0299597,TRAIN_EPOCH,7,0.5291,70.0,,,,,  Epoch  7  Loss=0.5291  Acc=70.0%
2026-05-21T16:36:42.178931,1779370602.1789317,TRAIN_EPOCH,8,0.5247,73.3,,,,,  Epoch  8  Loss=0.5247  Acc=73.3%
2026-05-21T16:36:42.329645,1779370602.3296459,TRAIN_EPOCH,9,0.52,73.3,,,,,  Epoch  9  Loss=0.5200  Acc=73.3%
2026-05-21T16:36:42.477532,1779370602.4775324,TRAIN_EPOCH,10,0.5159,73.3,,,,,  Epoch 10  Loss=0.5159  Acc=73.3%
2026-05-21T16:36:42.637378,1779370602.6373785,TRAIN_EPOCH,11,0.51,73.3,,,,,  Epoch 11  Loss=0.5100  Acc=73.3%
2026-05-21T16:36:42.778181,1779370602.7781816,TRAIN_EPOCH,12,0.5067,73.3,,,,,  Epoch 12  Loss=0.5067  Acc=73.3%
2026-05-21T16:36:42.936365,1779370602.9363654,TRAIN_EPOCH,13,0.5025,73.3,,,,,  Epoch 13  Loss=0.5025  Acc=73.3%
2026-05-21T16:36:43.083069,1779370603.0830698,TRAIN_EPOCH,14,0.4988,73.3,,,,,  Epoch 14  Loss=0.4988  Acc=73.3%
2026-05-21T16:36:43.087002,1779370603.087002,VALIDATION,,,,60.0,10,,,[ACCURACY] Validation: 60.0% (n=10)
2026-05-21T16:36:43.089676,1779370603.0896764,FL,,,,,,,"B1 pre-pack: min=-9.5275, max=9.8679, mean=0.3641","[FL] B1 pre-pack: min=-9.5275, max=9.8679, mean=0.3641"
2026-05-21T16:36:43.091676,1779370603.0916765,FL,,,,,,,Model sent (72 bytes),[FL] Model sent (72 bytes)
2026-05-21T16:36:43.093672,1779370603.0936723,NEW_SAMPLE,,,,,30,dog,,[DATA] class=dog (n=30)
2026-05-21T16:36:43.261191,1779370603.2611914,BLE,,,,,,,Received global model (64 bytes),[BLE] Received global model (64 bytes)
2026-05-21T16:36:43.264132,1779370603.2641325,FL,,,,,,,Global model updated (Adam reset),[FL] Global model updated (Adam reset)
2026-05-21T16:36:43.267127,1779370603.2671278,FL,,,,,,,"B1 unpacked: min=-9.7638, max=9.9213, mean=0.3765","[FL] B1 unpacked: min=-9.7638, max=9.9213, mean=0.3765"
2026-05-21T16:36:45.089508,1779370605.0895088,NEW_SAMPLE,,,,,30,dog,,[DATA] class=dog (n=30)
2026-05-21T16:36:47.091984,1779370607.091985,NEW_SAMPLE,,,,,30,dog,,[DATA] class=dog (n=30)
2026-05-21T16:36:49.099444,1779370609.0994442,NEW_SAMPLE,,,,,30,horse,,[DATA] class=horse (n=30)
2026-05-21T16:36:51.093883,1779370611.093884,NEW_SAMPLE,,,,,30,dog,,[DATA] class=dog (n=30)
2026-05-21T16:36:53.092780,1779370613.0927806,NEW_SAMPLE,,,,,30,horse,,[DATA] class=horse (n=30)
2026-05-21T16:36:55.091310,1779370615.0913107,NEW_SAMPLE,,,,,30,cat,,[DATA] class=cat (n=30)
2026-05-21T16:36:57.098175,1779370617.0981758,NEW_SAMPLE,,,,,30,other,,[DATA] class=other (n=30)
2026-05-21T16:36:59.096515,1779370619.0965154,NEW_SAMPLE,,,,,30,cat,,[DATA] class=cat (n=30)
2026-05-21T16:37:00.839474,1779370620.8394742,FL,,,,,,,Local training (4-class cross-entropy),[FL] Local training (4-class cross-entropy)
2026-05-21T16:37:00.979003,1779370620.979003,TRAIN_EPOCH,0,0.6253,73.3,,,,,  Epoch  0  Loss=0.6253  Acc=73.3%
2026-05-21T16:37:01.128872,1779370621.1288726,TRAIN_EPOCH,1,0.571,73.3,,,,,  Epoch  1  Loss=0.5710  Acc=73.3%
2026-05-21T16:37:01.285478,1779370621.2854784,TRAIN_EPOCH,2,0.5637,73.3,,,,,  Epoch  2  Loss=0.5637  Acc=73.3%
2026-05-21T16:37:01.432376,1779370621.4323766,TRAIN_EPOCH,3,0.5563,73.3,,,,,  Epoch  3  Loss=0.5563  Acc=73.3%
2026-05-21T16:37:01.580656,1779370621.580657,TRAIN_EPOCH,4,0.5501,73.3,,,,,  Epoch  4  Loss=0.5501  Acc=73.3%
2026-05-21T16:37:01.728398,1779370621.7283986,TRAIN_EPOCH,5,0.5447,73.3,,,,,  Epoch  5  Loss=0.5447  Acc=73.3%
2026-05-21T16:37:01.878343,1779370621.8783436,TRAIN_EPOCH,6,0.5398,73.3,,,,,  Epoch  6  Loss=0.5398  Acc=73.3%
2026-05-21T16:37:02.025819,1779370622.02582,TRAIN_EPOCH,7,0.5354,73.3,,,,,  Epoch  7  Loss=0.5354  Acc=73.3%
2026-05-21T16:37:02.183302,1779370622.1833024,TRAIN_EPOCH,8,0.5314,73.3,,,,,  Epoch  8  Loss=0.5314  Acc=73.3%
2026-05-21T16:37:02.331015,1779370622.3310156,TRAIN_EPOCH,9,0.5276,73.3,,,,,  Epoch  9  Loss=0.5276  Acc=73.3%
2026-05-21T16:37:02.479064,1779370622.479064,TRAIN_EPOCH,10,0.5242,73.3,,,,,  Epoch 10  Loss=0.5242  Acc=73.3%
2026-05-21T16:37:02.635453,1779370622.6354537,TRAIN_EPOCH,11,0.521,73.3,,,,,  Epoch 11  Loss=0.5210  Acc=73.3%
2026-05-21T16:37:02.781341,1779370622.7813416,TRAIN_EPOCH,12,0.518,70.0,,,,,  Epoch 12  Loss=0.5180  Acc=70.0%
2026-05-21T16:37:02.938117,1779370622.938118,TRAIN_EPOCH,13,0.5152,70.0,,,,,  Epoch 13  Loss=0.5152  Acc=70.0%
2026-05-21T16:37:03.086980,1779370623.0869803,TRAIN_EPOCH,14,0.5126,70.0,,,,,  Epoch 14  Loss=0.5126  Acc=70.0%
2026-05-21T16:37:03.089515,1779370623.0895152,VALIDATION,,,,70.0,10,,,[ACCURACY] Validation: 70.0% (n=10)
2026-05-21T16:37:03.090545,1779370623.0905452,FL,,,,,,,"B1 pre-pack: min=-8.7228, max=9.0365, mean=0.3529","[FL] B1 pre-pack: min=-8.7228, max=9.0365, mean=0.3529"
2026-05-21T16:37:03.091626,1779370623.0916264,FL,,,,,,,Model sent (72 bytes),[FL] Model sent (72 bytes)
2026-05-21T16:37:03.091626,1779370623.0916264,NEW_SAMPLE,,,,,30,other,,[DATA] class=other (n=30)
2026-05-21T16:37:03.240561,1779370623.2405617,BLE,,,,,,,Received global model (64 bytes),[BLE] Received global model (64 bytes)
2026-05-21T16:37:03.243585,1779370623.243585,FL,,,,,,,Global model updated (Adam reset),[FL] Global model updated (Adam reset)
2026-05-21T16:37:03.245580,1779370623.24558,FL,,,,,,,"B1 unpacked: min=-9.2913, max=9.4488, mean=0.3617","[FL] B1 unpacked: min=-9.2913, max=9.4488, mean=0.3617"
2026-05-21T16:37:05.096582,1779370625.0965824,NEW_SAMPLE,,,,,30,other,,[DATA] class=other (n=30)
2026-05-21T16:37:07.094803,1779370627.0948029,NEW_SAMPLE,,,,,30,other,,[DATA] class=other (n=30)
2026-05-21T16:37:09.090496,1779370629.0904963,NEW_SAMPLE,,,,,30,other,,[DATA] class=other (n=30)
2026-05-21T16:37:11.094668,1779370631.0946689,NEW_SAMPLE,,,,,30,other,,[DATA] class=other (n=30)
2026-05-21T16:37:13.090402,1779370633.0904026,NEW_SAMPLE,,,,,30,dog,,[DATA] class=dog (n=30)
2026-05-21T16:37:15.099435,1779370635.0994356,NEW_SAMPLE,,,,,30,cat,,[DATA] class=cat (n=30)
2026-05-21T16:37:17.093953,1779370637.0939536,NEW_SAMPLE,,,,,30,cat,,[DATA] class=cat (n=30)
2026-05-21T16:37:19.090902,1779370639.090902,NEW_SAMPLE,,,,,30,other,,[DATA] class=other (n=30)
2026-05-21T16:37:20.839422,1779370640.8394227,FL,,,,,,,Local training (4-class cross-entropy),[FL] Local training (4-class cross-entropy)
2026-05-21T16:37:20.976048,1779370640.9760482,TRAIN_EPOCH,0,0.6695,73.3,,,,,  Epoch  0  Loss=0.6695  Acc=73.3%
2026-05-21T16:37:21.133701,1779370641.1337018,TRAIN_EPOCH,1,0.6299,83.3,,,,,  Epoch  1  Loss=0.6299  Acc=83.3%
2026-05-21T16:37:21.284833,1779370641.2848332,TRAIN_EPOCH,2,0.6161,83.3,,,,,  Epoch  2  Loss=0.6161  Acc=83.3%
2026-05-21T16:37:21.433525,1779370641.4335258,TRAIN_EPOCH,3,0.6069,83.3,,,,,  Epoch  3  Loss=0.6069  Acc=83.3%
2026-05-21T16:37:21.582617,1779370641.582617,TRAIN_EPOCH,4,0.5997,83.3,,,,,  Epoch  4  Loss=0.5997  Acc=83.3%
2026-05-21T16:37:21.731436,1779370641.7314363,TRAIN_EPOCH,5,0.5934,83.3,,,,,  Epoch  5  Loss=0.5934  Acc=83.3%
2026-05-21T16:37:21.881341,1779370641.8813412,TRAIN_EPOCH,6,0.5873,83.3,,,,,  Epoch  6  Loss=0.5873  Acc=83.3%
2026-05-21T16:37:22.029743,1779370642.0297437,TRAIN_EPOCH,7,0.5816,83.3,,,,,  Epoch  7  Loss=0.5816  Acc=83.3%
2026-05-21T16:37:22.179242,1779370642.1792426,TRAIN_EPOCH,8,0.5763,83.3,,,,,  Epoch  8  Loss=0.5763  Acc=83.3%
2026-05-21T16:37:22.327343,1779370642.3273435,TRAIN_EPOCH,9,0.5713,83.3,,,,,  Epoch  9  Loss=0.5713  Acc=83.3%
2026-05-21T16:37:22.476506,1779370642.476506,TRAIN_EPOCH,10,0.5667,83.3,,,,,  Epoch 10  Loss=0.5667  Acc=83.3%
2026-05-21T16:37:22.634986,1779370642.6349862,TRAIN_EPOCH,11,0.5622,83.3,,,,,  Epoch 11  Loss=0.5622  Acc=83.3%
2026-05-21T16:37:22.782266,1779370642.7822669,TRAIN_EPOCH,12,0.558,83.3,,,,,  Epoch 12  Loss=0.5580  Acc=83.3%
2026-05-21T16:37:22.931024,1779370642.9310243,TRAIN_EPOCH,13,0.554,83.3,,,,,  Epoch 13  Loss=0.5540  Acc=83.3%
2026-05-21T16:37:23.090250,1779370643.09025,TRAIN_EPOCH,14,0.5502,83.3,,,,,  Epoch 14  Loss=0.5502  Acc=83.3%
2026-05-21T16:37:23.092259,1779370643.0922596,VALIDATION,,,,90.0,10,,,[ACCURACY] Validation: 90.0% (n=10)
2026-05-21T16:37:23.095232,1779370643.0952322,FL,,,,,,,"B1 pre-pack: min=-8.7460, max=8.9754, mean=0.3384","[FL] B1 pre-pack: min=-8.7460, max=8.9754, mean=0.3384"
2026-05-21T16:37:23.097199,1779370643.0972,FL,,,,,,,Model sent (72 bytes),[FL] Model sent (72 bytes)
2026-05-21T16:37:23.097199,1779370643.0972,NEW_SAMPLE,,,,,30,other,,[DATA] class=other (n=30)
2026-05-21T16:37:23.214849,1779370643.2148492,BLE,,,,,,,Received global model (64 bytes),[BLE] Received global model (64 bytes)
2026-05-21T16:37:23.217845,1779370643.2178452,FL,,,,,,,Global model updated (Adam reset),[FL] Global model updated (Adam reset)
2026-05-21T16:37:23.218829,1779370643.2188292,FL,,,,,,,"B1 unpacked: min=-8.9764, max=9.2126, mean=0.3568","[FL] B1 unpacked: min=-8.9764, max=9.2126, mean=0.3568"
2026-05-21T16:37:25.089770,1779370645.0897706,NEW_SAMPLE,,,,,30,other,,[DATA] class=other (n=30)
2026-05-21T16:37:27.098902,1779370647.0989022,NEW_SAMPLE,,,,,30,horse,,[DATA] class=horse (n=30)
2026-05-21T16:37:29.090983,1779370649.090983,NEW_SAMPLE,,,,,30,dog,,[DATA] class=dog (n=30)
2026-05-21T16:37:31.090067,1779370651.0900674,NEW_SAMPLE,,,,,30,other,,[DATA] class=other (n=30)
2026-05-21T16:37:33.092542,1779370653.092542,NEW_SAMPLE,,,,,30,horse,,[DATA] class=horse (n=30)
2026-05-21T16:37:35.096391,1779370655.0963914,NEW_SAMPLE,,,,,30,other,,[DATA] class=other (n=30)
2026-05-21T16:37:37.092774,1779370657.0927746,NEW_SAMPLE,,,,,30,horse,,[DATA] class=horse (n=30)
2026-05-21T16:37:39.099350,1779370659.0993505,NEW_SAMPLE,,,,,30,cat,,[DATA] class=cat (n=30)
2026-05-21T16:37:40.844895,1779370660.8448958,FL,,,,,,,Local training (4-class cross-entropy),[FL] Local training (4-class cross-entropy)
2026-05-21T16:37:40.985599,1779370660.9855995,TRAIN_EPOCH,0,0.6137,76.7,,,,,  Epoch  0  Loss=0.6137  Acc=76.7%
2026-05-21T16:37:41.132071,1779370661.1320717,TRAIN_EPOCH,1,0.5398,83.3,,,,,  Epoch  1  Loss=0.5398  Acc=83.3%
2026-05-21T16:37:41.279808,1779370661.2798088,TRAIN_EPOCH,2,0.5245,83.3,,,,,  Epoch  2  Loss=0.5245  Acc=83.3%
2026-05-21T16:37:41.429437,1779370661.4294376,TRAIN_EPOCH,3,0.514,83.3,,,,,  Epoch  3  Loss=0.5140  Acc=83.3%
2026-05-21T16:37:41.578266,1779370661.5782664,TRAIN_EPOCH,4,0.5222,80.0,,,,,  Epoch  4  Loss=0.5222  Acc=80.0%
2026-05-21T16:37:41.733909,1779370661.733909,TRAIN_EPOCH,5,0.5067,80.0,,,,,  Epoch  5  Loss=0.5067  Acc=80.0%
2026-05-21T16:37:41.882567,1779370661.8825674,TRAIN_EPOCH,6,0.5076,80.0,,,,,  Epoch  6  Loss=0.5076  Acc=80.0%
2026-05-21T16:37:42.031566,1779370662.0315661,TRAIN_EPOCH,7,0.5051,80.0,,,,,  Epoch  7  Loss=0.5051  Acc=80.0%
2026-05-21T16:37:42.177794,1779370662.177795,TRAIN_EPOCH,8,0.5016,80.0,,,,,  Epoch  8  Loss=0.5016  Acc=80.0%
2026-05-21T16:37:42.333644,1779370662.3336449,TRAIN_EPOCH,9,0.4985,80.0,,,,,  Epoch  9  Loss=0.4985  Acc=80.0%
2026-05-21T16:37:42.480526,1779370662.4805267,TRAIN_EPOCH,10,0.4888,80.0,,,,,  Epoch 10  Loss=0.4888  Acc=80.0%
2026-05-21T16:37:42.628622,1779370662.6295033,TRAIN_EPOCH,11,0.4924,80.0,,,,,  Epoch 11  Loss=0.4924  Acc=80.0%
2026-05-21T16:37:42.786137,1779370662.786137,TRAIN_EPOCH,12,0.4904,80.0,,,,,  Epoch 12  Loss=0.4904  Acc=80.0%
2026-05-21T16:37:42.934211,1779370662.9342113,TRAIN_EPOCH,13,0.4876,80.0,,,,,  Epoch 13  Loss=0.4876  Acc=80.0%
2026-05-21T16:37:43.083487,1779370663.0834873,TRAIN_EPOCH,14,0.4852,80.0,,,,,  Epoch 14  Loss=0.4852  Acc=80.0%
2026-05-21T16:37:43.086636,1779370663.0866368,VALIDATION,,,,70.0,10,,,[ACCURACY] Validation: 70.0% (n=10)
2026-05-21T16:37:43.090077,1779370663.0900776,FL,,,,,,,"B1 pre-pack: min=-8.3464, max=8.6270, mean=0.3156","[FL] B1 pre-pack: min=-8.3464, max=8.6270, mean=0.3156"
2026-05-21T16:37:43.092039,1779370663.0920396,FL,,,,,,,Model sent (72 bytes),[FL] Model sent (72 bytes)
2026-05-21T16:37:43.093069,1779370663.0930698,NEW_SAMPLE,,,,,30,cat,,[DATA] class=cat (n=30)
2026-05-21T16:37:43.262172,1779370663.2621725,BLE,,,,,,,Received global model (64 bytes),[BLE] Received global model (64 bytes)
2026-05-21T16:37:43.264119,1779370663.2641196,FL,,,,,,,Global model updated (Adam reset),[FL] Global model updated (Adam reset)
2026-05-21T16:37:43.266113,1779370663.266113,FL,,,,,,,"B1 unpacked: min=-8.6614, max=8.9764, mean=0.3346","[FL] B1 unpacked: min=-8.6614, max=8.9764, mean=0.3346"
2026-05-21T16:37:45.094490,1779370665.0944903,NEW_SAMPLE,,,,,30,dog,,[DATA] class=dog (n=30)
2026-05-21T16:37:47.097649,1779370667.0976498,NEW_SAMPLE,,,,,30,dog,,[DATA] class=dog (n=30)
2026-05-21T16:37:49.093321,1779370669.0933218,NEW_SAMPLE,,,,,30,other,,[DATA] class=other (n=30)
2026-05-21T16:37:51.092661,1779370671.0926611,NEW_SAMPLE,,,,,30,other,,[DATA] class=other (n=30)
2026-05-21T16:37:53.090898,1779370673.0908988,NEW_SAMPLE,,,,,30,cat,,[DATA] class=cat (n=30)
2026-05-21T16:37:55.095838,1779370675.0958385,NEW_SAMPLE,,,,,30,cat,,[DATA] class=cat (n=30)
2026-05-21T16:37:57.092180,1779370677.092181,NEW_SAMPLE,,,,,30,horse,,[DATA] class=horse (n=30)
2026-05-21T16:37:59.098106,1779370679.0981064,NEW_SAMPLE,,,,,30,horse,,[DATA] class=horse (n=30)
2026-05-21T16:38:00.844039,1779370680.8440392,FL,,,,,,,Local training (4-class cross-entropy),[FL] Local training (4-class cross-entropy)
2026-05-21T16:38:00.982032,1779370680.982032,TRAIN_EPOCH,0,0.4777,80.0,,,,,  Epoch  0  Loss=0.4777  Acc=80.0%
2026-05-21T16:38:01.129449,1779370681.129449,TRAIN_EPOCH,1,0.3997,83.3,,,,,  Epoch  1  Loss=0.3997  Acc=83.3%
2026-05-21T16:38:01.278201,1779370681.278201,TRAIN_EPOCH,2,0.3967,80.0,,,,,  Epoch  2  Loss=0.3967  Acc=80.0%
2026-05-21T16:38:01.426004,1779370681.4260046,TRAIN_EPOCH,3,0.387,80.0,,,,,  Epoch  3  Loss=0.3870  Acc=80.0%
2026-05-21T16:38:01.584104,1779370681.5841048,TRAIN_EPOCH,4,0.3862,80.0,,,,,  Epoch  4  Loss=0.3862  Acc=80.0%
2026-05-21T16:38:01.733956,1779370681.7339563,TRAIN_EPOCH,5,0.3774,80.0,,,,,  Epoch  5  Loss=0.3774  Acc=80.0%
2026-05-21T16:38:01.880683,1779370681.8806832,TRAIN_EPOCH,6,0.3733,80.0,,,,,  Epoch  6  Loss=0.3733  Acc=80.0%
2026-05-21T16:38:02.027634,1779370682.0276346,TRAIN_EPOCH,7,0.3719,83.3,,,,,  Epoch  7  Loss=0.3719  Acc=83.3%
2026-05-21T16:38:02.183992,1779370682.1839924,TRAIN_EPOCH,8,0.3646,86.7,,,,,  Epoch  8  Loss=0.3646  Acc=86.7%
2026-05-21T16:38:02.333742,1779370682.3337424,TRAIN_EPOCH,9,0.3613,86.7,,,,,  Epoch  9  Loss=0.3613  Acc=86.7%
2026-05-21T16:38:02.480237,1779370682.480237,TRAIN_EPOCH,10,0.3598,86.7,,,,,  Epoch 10  Loss=0.3598  Acc=86.7%
2026-05-21T16:38:02.628737,1779370682.6287377,TRAIN_EPOCH,11,0.3542,86.7,,,,,  Epoch 11  Loss=0.3542  Acc=86.7%
2026-05-21T16:38:02.777643,1779370682.777643,TRAIN_EPOCH,12,0.3516,86.7,,,,,  Epoch 12  Loss=0.3516  Acc=86.7%
2026-05-21T16:38:02.934822,1779370682.9348223,TRAIN_EPOCH,13,0.348,86.7,,,,,  Epoch 13  Loss=0.3480  Acc=86.7%
2026-05-21T16:38:03.084450,1779370683.0844507,TRAIN_EPOCH,14,0.3449,86.7,,,,,  Epoch 14  Loss=0.3449  Acc=86.7%
2026-05-21T16:38:03.086706,1779370683.0867066,VALIDATION,,,,80.0,10,,,[ACCURACY] Validation: 80.0% (n=10)
2026-05-21T16:38:03.090362,1779370683.0903623,FL,,,,,,,"B1 pre-pack: min=-7.3080, max=7.6881, mean=0.2678","[FL] B1 pre-pack: min=-7.3080, max=7.6881, mean=0.2678"
2026-05-21T16:38:03.092324,1779370683.092325,FL,,,,,,,Model sent (72 bytes),[FL] Model sent (72 bytes)
2026-05-21T16:38:03.093332,1779370683.093332,NEW_SAMPLE,,,,,30,horse,,[DATA] class=horse (n=30)
2026-05-21T16:38:03.242185,1779370683.2421854,BLE,,,,,,,Received global model (64 bytes),[BLE] Received global model (64 bytes)
2026-05-21T16:38:03.244162,1779370683.244162,FL,,,,,,,Global model updated (Adam reset),[FL] Global model updated (Adam reset)
2026-05-21T16:38:03.246156,1779370683.2461562,FL,,,,,,,"B1 unpacked: min=-8.0315, max=8.3465, mean=0.3051","[FL] B1 unpacked: min=-8.0315, max=8.3465, mean=0.3051"
2026-05-21T16:38:05.097941,1779370685.097941,NEW_SAMPLE,,,,,30,cat,,[DATA] class=cat (n=30)
2026-05-21T16:38:07.095847,1779370687.0958476,NEW_SAMPLE,,,,,30,dog,,[DATA] class=dog (n=30)
2026-05-21T16:38:09.094058,1779370689.0940583,NEW_SAMPLE,,,,,30,other,,[DATA] class=other (n=30)
2026-05-21T16:38:11.090994,1779370691.0909946,NEW_SAMPLE,,,,,30,cat,,[DATA] class=cat (n=30)
2026-05-21T16:38:13.096790,1779370693.0967903,NEW_SAMPLE,,,,,30,horse,,[DATA] class=horse (n=30)
2026-05-21T16:38:15.098748,1779370695.0987487,NEW_SAMPLE,,,,,30,other,,[DATA] class=other (n=30)
2026-05-21T16:38:17.095301,1779370697.0953014,NEW_SAMPLE,,,,,30,cat,,[DATA] class=cat (n=30)
2026-05-21T16:38:19.090989,1779370699.0909894,NEW_SAMPLE,,,,,30,dog,,[DATA] class=dog (n=30)
2026-05-21T16:38:20.845657,1779370700.8456578,FL,,,,,,,Local training (4-class cross-entropy),[FL] Local training (4-class cross-entropy)
2026-05-21T16:38:20.982345,1779370700.9823456,TRAIN_EPOCH,0,0.3721,83.3,,,,,  Epoch  0  Loss=0.3721  Acc=83.3%
2026-05-21T16:38:21.133389,1779370701.1343844,TRAIN_EPOCH,1,0.3397,83.3,,,,,  Epoch  1  Loss=0.3397  Acc=83.3%
2026-05-21T16:38:21.281751,1779370701.2817516,TRAIN_EPOCH,2,0.3311,83.3,,,,,  Epoch  2  Loss=0.3311  Acc=83.3%
2026-05-21T16:38:21.430238,1779370701.430238,TRAIN_EPOCH,3,0.3261,83.3,,,,,  Epoch  3  Loss=0.3261  Acc=83.3%
2026-05-21T16:38:21.577381,1779370701.5773818,TRAIN_EPOCH,4,0.3219,86.7,,,,,  Epoch  4  Loss=0.3219  Acc=86.7%
2026-05-21T16:38:21.734718,1779370701.7347178,TRAIN_EPOCH,5,0.3188,86.7,,,,,  Epoch  5  Loss=0.3188  Acc=86.7%
2026-05-21T16:38:21.882532,1779370701.8825326,TRAIN_EPOCH,6,0.316,86.7,,,,,  Epoch  6  Loss=0.3160  Acc=86.7%
2026-05-21T16:38:22.030534,1779370702.0305347,TRAIN_EPOCH,7,0.3135,86.7,,,,,  Epoch  7  Loss=0.3135  Acc=86.7%
2026-05-21T16:38:22.177327,1779370702.1773272,TRAIN_EPOCH,8,0.3117,86.7,,,,,  Epoch  8  Loss=0.3117  Acc=86.7%
2026-05-21T16:38:22.334158,1779370702.334159,TRAIN_EPOCH,9,0.3095,86.7,,,,,  Epoch  9  Loss=0.3095  Acc=86.7%
2026-05-21T16:38:22.483651,1779370702.4836519,TRAIN_EPOCH,10,0.3077,86.7,,,,,  Epoch 10  Loss=0.3077  Acc=86.7%
2026-05-21T16:38:22.631631,1779370702.6316311,TRAIN_EPOCH,11,0.3049,86.7,,,,,  Epoch 11  Loss=0.3049  Acc=86.7%
2026-05-21T16:38:22.778481,1779370702.7784815,TRAIN_EPOCH,12,0.2994,86.7,,,,,  Epoch 12  Loss=0.2994  Acc=86.7%
2026-05-21T16:38:22.928459,1779370702.928459,TRAIN_EPOCH,13,0.2954,86.7,,,,,  Epoch 13  Loss=0.2954  Acc=86.7%
2026-05-21T16:38:23.088503,1779370703.0885034,TRAIN_EPOCH,14,0.2927,86.7,,,,,  Epoch 14  Loss=0.2927  Acc=86.7%
2026-05-21T16:38:23.088503,1779370703.0885034,VALIDATION,,,,80.0,10,,,[ACCURACY] Validation: 80.0% (n=10)
2026-05-21T16:38:23.089521,1779370703.0895216,FL,,,,,,,"B1 pre-pack: min=-8.1071, max=8.6197, mean=0.2632","[FL] B1 pre-pack: min=-8.1071, max=8.6197, mean=0.2632"
2026-05-21T16:38:23.090525,1779370703.0905254,FL,,,,,,,Model sent (72 bytes),[FL] Model sent (72 bytes)
2026-05-21T16:38:23.091525,1779370703.0915258,NEW_SAMPLE,,,,,30,dog,,[DATA] class=dog (n=30)
2026-05-21T16:38:23.220338,1779370703.220338,BLE,,,,,,,Received global model (64 bytes),[BLE] Received global model (64 bytes)
2026-05-21T16:38:23.221301,1779370703.221301,FL,,,,,,,Global model updated (Adam reset),[FL] Global model updated (Adam reset)
2026-05-21T16:38:23.222293,1779370703.2222936,FL,,,,,,,"B1 unpacked: min=-8.0315, max=8.4252, mean=0.2756","[FL] B1 unpacked: min=-8.0315, max=8.4252, mean=0.2756"
2026-05-21T16:38:25.097819,1779370705.0978193,NEW_SAMPLE,,,,,30,cat,,[DATA] class=cat (n=30)
2026-05-21T16:38:27.096908,1779370707.0969083,NEW_SAMPLE,,,,,30,horse,,[DATA] class=horse (n=30)
2026-05-21T16:38:29.100012,1779370709.100012,NEW_SAMPLE,,,,,30,horse,,[DATA] class=horse (n=30)
2026-05-21T16:38:31.090903,1779370711.090903,NEW_SAMPLE,,,,,30,cat,,[DATA] class=cat (n=30)
2026-05-21T16:38:33.097729,1779370713.097729,NEW_SAMPLE,,,,,30,dog,,[DATA] class=dog (n=30)
2026-05-21T16:38:35.093251,1779370715.0932515,NEW_SAMPLE,,,,,30,other,,[DATA] class=other (n=30)
2026-05-21T16:38:37.096397,1779370717.0963974,NEW_SAMPLE,,,,,30,other,,[DATA] class=other (n=30)
2026-05-21T16:38:39.095642,1779370719.095642,NEW_SAMPLE,,,,,30,horse,,[DATA] class=horse (n=30)
2026-05-21T16:38:40.842492,1779370720.8424928,FL,,,,,,,Local training (4-class cross-entropy),[FL] Local training (4-class cross-entropy)
2026-05-21T16:38:40.979245,1779370720.979246,TRAIN_EPOCH,0,0.388,80.0,,,,,  Epoch  0  Loss=0.3880  Acc=80.0%
2026-05-21T16:38:41.127332,1779370721.1273322,TRAIN_EPOCH,1,0.3206,83.3,,,,,  Epoch  1  Loss=0.3206  Acc=83.3%
2026-05-21T16:38:41.285427,1779370721.285428,TRAIN_EPOCH,2,0.3197,80.0,,,,,  Epoch  2  Loss=0.3197  Acc=80.0%
2026-05-21T16:38:41.434991,1779370721.4349911,TRAIN_EPOCH,3,0.3048,86.7,,,,,  Epoch  3  Loss=0.3048  Acc=86.7%
2026-05-21T16:38:41.583450,1779370721.5834506,TRAIN_EPOCH,4,0.2975,86.7,,,,,  Epoch  4  Loss=0.2975  Acc=86.7%
2026-05-21T16:38:41.731393,1779370721.731393,TRAIN_EPOCH,5,0.2918,86.7,,,,,  Epoch  5  Loss=0.2918  Acc=86.7%
2026-05-21T16:38:41.880311,1779370721.8803113,TRAIN_EPOCH,6,0.2876,86.7,,,,,  Epoch  6  Loss=0.2876  Acc=86.7%
2026-05-21T16:38:42.027850,1779370722.0278502,TRAIN_EPOCH,7,0.2841,86.7,,,,,  Epoch  7  Loss=0.2841  Acc=86.7%
2026-05-21T16:38:42.185298,1779370722.1852987,TRAIN_EPOCH,8,0.2811,86.7,,,,,  Epoch  8  Loss=0.2811  Acc=86.7%
2026-05-21T16:38:42.332423,1779370722.3324237,TRAIN_EPOCH,9,0.2785,86.7,,,,,  Epoch  9  Loss=0.2785  Acc=86.7%
2026-05-21T16:38:42.479810,1779370722.4798107,TRAIN_EPOCH,10,0.2761,86.7,,,,,  Epoch 10  Loss=0.2761  Acc=86.7%
2026-05-21T16:38:42.628656,1779370722.6286566,TRAIN_EPOCH,11,0.2739,86.7,,,,,  Epoch 11  Loss=0.2739  Acc=86.7%
2026-05-21T16:38:42.786814,1779370722.7868147,TRAIN_EPOCH,12,0.2719,86.7,,,,,  Epoch 12  Loss=0.2719  Acc=86.7%
2026-05-21T16:38:42.934676,1779370722.9346764,TRAIN_EPOCH,13,0.2698,86.7,,,,,  Epoch 13  Loss=0.2698  Acc=86.7%
2026-05-21T16:38:43.083989,1779370723.0839891,TRAIN_EPOCH,14,0.268,86.7,,,,,  Epoch 14  Loss=0.2680  Acc=86.7%
2026-05-21T16:38:43.086978,1779370723.086978,VALIDATION,,,,100.0,10,,,[ACCURACY] Validation: 100.0% (n=10)
2026-05-21T16:38:43.089514,1779370723.0895145,FL,,,,,,,"B1 pre-pack: min=-8.1021, max=7.8725, mean=0.2976","[FL] B1 pre-pack: min=-8.1021, max=7.8725, mean=0.2976"
2026-05-21T16:38:43.091471,1779370723.0914714,FL,,,,,,,Model sent (72 bytes),[FL] Model sent (72 bytes)
2026-05-21T16:38:43.091471,1779370723.0914714,NEW_SAMPLE,,,,,30,cat,,[DATA] class=cat (n=30)
2026-05-21T16:38:43.261979,1779370723.2619796,BLE,,,,,,,Received global model (64 bytes),[BLE] Received global model (64 bytes)
2026-05-21T16:38:43.264329,1779370723.2643297,FL,,,,,,,Global model updated (Adam reset),[FL] Global model updated (Adam reset)
2026-05-21T16:38:43.266293,1779370723.266294,FL,,,,,,,"B1 unpacked: min=-8.1102, max=8.1890, mean=0.2879","[FL] B1 unpacked: min=-8.1102, max=8.1890, mean=0.2879"
2026-05-21T16:38:45.098951,1779370725.098952,NEW_SAMPLE,,,,,30,cat,,[DATA] class=cat (n=30)
2026-05-21T16:38:47.091387,1779370727.091388,NEW_SAMPLE,,,,,30,cat,,[DATA] class=cat (n=30)
2026-05-21T16:38:49.095346,1779370729.0953467,NEW_SAMPLE,,,,,30,other,,[DATA] class=other (n=30)
2026-05-21T16:38:51.089202,1779370731.0892024,NEW_SAMPLE,,,,,30,cat,,[DATA] class=cat (n=30)
2026-05-21T16:38:53.092125,1779370733.0921252,NEW_SAMPLE,,,,,30,dog,,[DATA] class=dog (n=30)
2026-05-21T16:38:55.091085,1779370735.0910857,NEW_SAMPLE,,,,,30,dog,,[DATA] class=dog (n=30)
2026-05-21T16:38:57.098445,1779370737.098446,NEW_SAMPLE,,,,,30,horse,,[DATA] class=horse (n=30)
2026-05-21T16:38:59.095224,1779370739.0952249,NEW_SAMPLE,,,,,30,cat,,[DATA] class=cat (n=30)
2026-05-21T16:39:00.843454,1779370740.8434548,FL,,,,,,,Local training (4-class cross-entropy),[FL] Local training (4-class cross-entropy)
2026-05-21T16:39:00.979065,1779370740.9790652,TRAIN_EPOCH,0,0.2831,93.3,,,,,  Epoch  0  Loss=0.2831  Acc=93.3%
2026-05-21T16:39:01.130018,1779370741.130018,TRAIN_EPOCH,1,0.2493,93.3,,,,,  Epoch  1  Loss=0.2493  Acc=93.3%
2026-05-21T16:39:01.278985,1779370741.2789855,TRAIN_EPOCH,2,0.2401,93.3,,,,,  Epoch  2  Loss=0.2401  Acc=93.3%
2026-05-21T16:39:01.428917,1779370741.4289172,TRAIN_EPOCH,3,0.2333,93.3,,,,,  Epoch  3  Loss=0.2333  Acc=93.3%
2026-05-21T16:39:01.586740,1779370741.5867405,TRAIN_EPOCH,4,0.2266,93.3,,,,,  Epoch  4  Loss=0.2266  Acc=93.3%
2026-05-21T16:39:01.735823,1779370741.7358236,TRAIN_EPOCH,5,0.2207,93.3,,,,,  Epoch  5  Loss=0.2207  Acc=93.3%
2026-05-21T16:39:01.884112,1779370741.8841128,TRAIN_EPOCH,6,0.215,93.3,,,,,  Epoch  6  Loss=0.2150  Acc=93.3%
2026-05-21T16:39:02.031231,1779370742.0312314,TRAIN_EPOCH,7,0.2102,93.3,,,,,  Epoch  7  Loss=0.2102  Acc=93.3%
2026-05-21T16:39:02.182212,1779370742.182212,TRAIN_EPOCH,8,0.206,93.3,,,,,  Epoch  8  Loss=0.2060  Acc=93.3%
2026-05-21T16:39:02.340900,1779370742.3409007,TRAIN_EPOCH,9,0.2021,93.3,,,,,  Epoch  9  Loss=0.2021  Acc=93.3%
2026-05-21T16:39:02.489475,1779370742.489475,TRAIN_EPOCH,10,0.1989,93.3,,,,,  Epoch 10  Loss=0.1989  Acc=93.3%
2026-05-21T16:39:02.639690,1779370742.639691,TRAIN_EPOCH,11,0.196,93.3,,,,,  Epoch 11  Loss=0.1960  Acc=93.3%
2026-05-21T16:39:02.787145,1779370742.7871456,TRAIN_EPOCH,12,0.1932,93.3,,,,,  Epoch 12  Loss=0.1932  Acc=93.3%
2026-05-21T16:39:02.945025,1779370742.9450252,TRAIN_EPOCH,13,0.1905,93.3,,,,,  Epoch 13  Loss=0.1905  Acc=93.3%
2026-05-21T16:39:03.092216,1779370743.092216,TRAIN_EPOCH,14,0.1881,93.3,,,,,  Epoch 14  Loss=0.1881  Acc=93.3%
2026-05-21T16:39:03.094172,1779370743.0941722,VALIDATION,,,,100.0,10,,,[ACCURACY] Validation: 100.0% (n=10)
2026-05-21T16:39:03.096166,1779370743.0961664,FL,,,,,,,"B1 pre-pack: min=-8.1807, max=8.1138, mean=0.2892","[FL] B1 pre-pack: min=-8.1807, max=8.1138, mean=0.2892"
2026-05-21T16:39:03.099735,1779370743.0997355,FL,,,,,,,Model sent (72 bytes),[FL] Model sent (72 bytes)
2026-05-21T16:39:03.100694,1779370743.1006944,NEW_SAMPLE,,,,,30,other,,[DATA] class=other (n=30)
2026-05-21T16:39:03.238585,1779370743.2385857,BLE,,,,,,,Received global model (64 bytes),[BLE] Received global model (64 bytes)
2026-05-21T16:39:03.239586,1779370743.2395864,FL,,,,,,,Global model updated (Adam reset),[FL] Global model updated (Adam reset)
2026-05-21T16:39:03.239826,1779370743.2398262,FL,,,,,,,"B1 unpacked: min=-8.1102, max=7.8740, mean=0.2928","[FL] B1 unpacked: min=-8.1102, max=7.8740, mean=0.2928"
2026-05-21T16:39:05.101763,1779370745.1017632,NEW_SAMPLE,,,,,30,horse,,[DATA] class=horse (n=30)
2026-05-21T16:39:07.101904,1779370747.1019044,NEW_SAMPLE,,,,,30,horse,,[DATA] class=horse (n=30)
2026-05-21T16:39:09.105063,1779370749.1050637,NEW_SAMPLE,,,,,30,dog,,[DATA] class=dog (n=30)
2026-05-21T16:39:11.104026,1779370751.1040266,NEW_SAMPLE,,,,,30,horse,,[DATA] class=horse (n=30)
2026-05-21T16:39:13.105429,1779370753.1054292,NEW_SAMPLE,,,,,30,horse,,[DATA] class=horse (n=30)
2026-05-21T16:39:15.103483,1779370755.103484,NEW_SAMPLE,,,,,30,dog,,[DATA] class=dog (n=30)
2026-05-21T16:39:17.104156,1779370757.1041567,NEW_SAMPLE,,,,,30,dog,,[DATA] class=dog (n=30)
2026-05-21T16:39:19.102173,1779370759.1021733,NEW_SAMPLE,,,,,30,other,,[DATA] class=other (n=30)
2026-05-21T16:39:20.838240,1779370760.83824,FL,,,,,,,Local training (4-class cross-entropy),[FL] Local training (4-class cross-entropy)
2026-05-21T16:39:20.983655,1779370760.983655,TRAIN_EPOCH,0,0.3668,93.3,,,,,  Epoch  0  Loss=0.3668  Acc=93.3%
2026-05-21T16:39:21.131280,1779370761.131281,TRAIN_EPOCH,1,0.3011,83.3,,,,,  Epoch  1  Loss=0.3011  Acc=83.3%
2026-05-21T16:39:21.280207,1779370761.2802072,TRAIN_EPOCH,2,0.294,83.3,,,,,  Epoch  2  Loss=0.2940  Acc=83.3%
2026-05-21T16:39:21.429358,1779370761.4293585,TRAIN_EPOCH,3,0.2917,86.7,,,,,  Epoch  3  Loss=0.2917  Acc=86.7%
2026-05-21T16:39:21.586265,1779370761.586265,TRAIN_EPOCH,4,0.2874,86.7,,,,,  Epoch  4  Loss=0.2874  Acc=86.7%
2026-05-21T16:39:21.734645,1779370761.734645,TRAIN_EPOCH,5,0.2839,86.7,,,,,  Epoch  5  Loss=0.2839  Acc=86.7%
2026-05-21T16:39:21.883249,1779370761.8832488,TRAIN_EPOCH,6,0.2804,86.7,,,,,  Epoch  6  Loss=0.2804  Acc=86.7%
2026-05-21T16:39:22.031394,1779370762.0313942,TRAIN_EPOCH,7,0.2691,86.7,,,,,  Epoch  7  Loss=0.2691  Acc=86.7%
2026-05-21T16:39:22.179118,1779370762.1791184,TRAIN_EPOCH,8,0.2647,86.7,,,,,  Epoch  8  Loss=0.2647  Acc=86.7%
2026-05-21T16:39:22.326716,1779370762.3267162,TRAIN_EPOCH,9,0.26,86.7,,,,,  Epoch  9  Loss=0.2600  Acc=86.7%
2026-05-21T16:39:22.485391,1779370762.4853911,TRAIN_EPOCH,10,0.2556,86.7,,,,,  Epoch 10  Loss=0.2556  Acc=86.7%
2026-05-21T16:39:22.631812,1779370762.631812,TRAIN_EPOCH,11,0.2516,86.7,,,,,  Epoch 11  Loss=0.2516  Acc=86.7%
2026-05-21T16:39:22.780896,1779370762.7808964,TRAIN_EPOCH,12,0.2478,86.7,,,,,  Epoch 12  Loss=0.2478  Acc=86.7%
2026-05-21T16:39:22.929785,1779370762.929785,TRAIN_EPOCH,13,0.2442,86.7,,,,,  Epoch 13  Loss=0.2442  Acc=86.7%
2026-05-21T16:39:23.087624,1779370763.0876245,TRAIN_EPOCH,14,0.2408,86.7,,,,,  Epoch 14  Loss=0.2408  Acc=86.7%
2026-05-21T16:39:23.090237,1779370763.090237,VALIDATION,,,,90.0,10,,,[ACCURACY] Validation: 90.0% (n=10)
2026-05-21T16:39:23.093235,1779370763.0932355,FL,,,,,,,"B1 pre-pack: min=-8.6084, max=8.4455, mean=0.2389","[FL] B1 pre-pack: min=-8.6084, max=8.4455, mean=0.2389"
2026-05-21T16:39:23.094195,1779370763.0941951,FL,,,,,,,Model sent (72 bytes),[FL] Model sent (72 bytes)
2026-05-21T16:39:23.095186,1779370763.0951865,NEW_SAMPLE,,,,,30,other,,[DATA] class=other (n=30)
2026-05-21T16:39:23.223542,1779370763.2235422,BLE,,,,,,,Received global model (64 bytes),[BLE] Received global model (64 bytes)
2026-05-21T16:39:23.227254,1779370763.2272549,FL,,,,,,,Global model updated (Adam reset),[FL] Global model updated (Adam reset)
2026-05-21T16:39:23.230486,1779370763.2304869,FL,,,,,,,"B1 unpacked: min=-8.3465, max=8.1102, mean=0.2756","[FL] B1 unpacked: min=-8.3465, max=8.1102, mean=0.2756"
2026-05-21T16:39:25.092885,1779370765.092885,NEW_SAMPLE,,,,,30,cat,,[DATA] class=cat (n=30)
2026-05-21T16:39:27.092405,1779370767.0924058,NEW_SAMPLE,,,,,30,other,,[DATA] class=other (n=30)
2026-05-21T16:39:29.092169,1779370769.0921693,NEW_SAMPLE,,,,,30,dog,,[DATA] class=dog (n=30)
2026-05-21T16:39:31.092237,1779370771.092237,NEW_SAMPLE,,,,,30,other,,[DATA] class=other (n=30)
2026-05-21T16:39:33.096123,1779370773.0961235,NEW_SAMPLE,,,,,30,cat,,[DATA] class=cat (n=30)
2026-05-21T16:39:35.095398,1779370775.095399,NEW_SAMPLE,,,,,30,other,,[DATA] class=other (n=30)
2026-05-21T16:39:37.091558,1779370777.0915582,NEW_SAMPLE,,,,,30,cat,,[DATA] class=cat (n=30)
2026-05-21T16:39:39.099942,1779370779.099943,NEW_SAMPLE,,,,,30,dog,,[DATA] class=dog (n=30)
2026-05-21T16:39:40.835664,1779370780.8356647,FL,,,,,,,Local training (4-class cross-entropy),[FL] Local training (4-class cross-entropy)
2026-05-21T16:39:40.982061,1779370780.9820619,TRAIN_EPOCH,0,0.4799,80.0,,,,,  Epoch  0  Loss=0.4799  Acc=80.0%
2026-05-21T16:39:41.130502,1779370781.130503,TRAIN_EPOCH,1,0.4089,80.0,,,,,  Epoch  1  Loss=0.4089  Acc=80.0%
2026-05-21T16:39:41.277158,1779370781.2771583,TRAIN_EPOCH,2,0.3977,76.7,,,,,  Epoch  2  Loss=0.3977  Acc=76.7%
2026-05-21T16:39:41.435170,1779370781.43517,TRAIN_EPOCH,3,0.3864,76.7,,,,,  Epoch  3  Loss=0.3864  Acc=76.7%
2026-05-21T16:39:41.583077,1779370781.5830772,TRAIN_EPOCH,4,0.3758,80.0,,,,,  Epoch  4  Loss=0.3758  Acc=80.0%
2026-05-21T16:39:41.730038,1779370781.7300382,TRAIN_EPOCH,5,0.3668,80.0,,,,,  Epoch  5  Loss=0.3668  Acc=80.0%
2026-05-21T16:39:41.878674,1779370781.878675,TRAIN_EPOCH,6,0.3591,80.0,,,,,  Epoch  6  Loss=0.3591  Acc=80.0%
2026-05-21T16:39:42.025490,1779370782.0254905,TRAIN_EPOCH,7,0.353,80.0,,,,,  Epoch  7  Loss=0.3530  Acc=80.0%
2026-05-21T16:39:42.183467,1779370782.1834676,TRAIN_EPOCH,8,0.3485,80.0,,,,,  Epoch  8  Loss=0.3485  Acc=80.0%
2026-05-21T16:39:42.331141,1779370782.3311412,TRAIN_EPOCH,9,0.3452,80.0,,,,,  Epoch  9  Loss=0.3452  Acc=80.0%
2026-05-21T16:39:42.478446,1779370782.478446,TRAIN_EPOCH,10,0.3427,83.3,,,,,  Epoch 10  Loss=0.3427  Acc=83.3%
2026-05-21T16:39:42.627557,1779370782.627558,TRAIN_EPOCH,11,0.3407,86.7,,,,,  Epoch 11  Loss=0.3407  Acc=86.7%
2026-05-21T16:39:42.785903,1779370782.7859035,TRAIN_EPOCH,12,0.339,86.7,,,,,  Epoch 12  Loss=0.3390  Acc=86.7%
2026-05-21T16:39:42.933591,1779370782.9335914,TRAIN_EPOCH,13,0.3374,86.7,,,,,  Epoch 13  Loss=0.3374  Acc=86.7%
2026-05-21T16:39:43.081954,1779370783.0819542,TRAIN_EPOCH,14,0.3359,86.7,,,,,  Epoch 14  Loss=0.3359  Acc=86.7%
2026-05-21T16:39:43.086672,1779370783.0866725,VALIDATION,,,,90.0,10,,,[ACCURACY] Validation: 90.0% (n=10)
2026-05-21T16:39:43.087673,1779370783.0876732,FL,,,,,,,"B1 pre-pack: min=-9.1552, max=8.8575, mean=0.3609","[FL] B1 pre-pack: min=-9.1552, max=8.8575, mean=0.3609"
2026-05-21T16:39:43.091134,1779370783.091135,FL,,,,,,,Model sent (72 bytes),[FL] Model sent (72 bytes)
2026-05-21T16:39:43.091134,1779370783.091135,NEW_SAMPLE,,,,,30,horse,,[DATA] class=horse (n=30)
2026-05-21T16:39:43.260554,1779370783.260554,BLE,,,,,,,Received global model (64 bytes),[BLE] Received global model (64 bytes)
2026-05-21T16:39:43.262514,1779370783.2625139,FL,,,,,,,Global model updated (Adam reset),[FL] Global model updated (Adam reset)
2026-05-21T16:39:43.265714,1779370783.265715,FL,,,,,,,"B1 unpacked: min=-8.7402, max=8.2677, mean=0.3125","[FL] B1 unpacked: min=-8.7402, max=8.2677, mean=0.3125"
2026-05-21T16:39:45.097774,1779370785.0977743,NEW_SAMPLE,,,,,30,horse,,[DATA] class=horse (n=30)
2026-05-21T16:39:47.094675,1779370787.0946758,NEW_SAMPLE,,,,,30,horse,,[DATA] class=horse (n=30)
2026-05-21T16:39:49.094505,1779370789.0945053,NEW_SAMPLE,,,,,30,horse,,[DATA] class=horse (n=30)
2026-05-21T16:39:51.089966,1779370791.0899663,NEW_SAMPLE,,,,,30,other,,[DATA] class=other (n=30)
2026-05-21T16:39:53.097242,1779370793.0972428,NEW_SAMPLE,,,,,30,dog,,[DATA] class=dog (n=30)
2026-05-21T16:39:55.093192,1779370795.0931923,NEW_SAMPLE,,,,,30,other,,[DATA] class=other (n=30)
2026-05-21T16:39:57.090458,1779370797.0904586,NEW_SAMPLE,,,,,30,cat,,[DATA] class=cat (n=30)
2026-05-21T16:39:59.094196,1779370799.0941968,NEW_SAMPLE,,,,,30,other,,[DATA] class=other (n=30)
2026-05-21T16:40:00.842991,1779370800.8429916,FL,,,,,,,Local training (4-class cross-entropy),[FL] Local training (4-class cross-entropy)
2026-05-21T16:40:00.980931,1779370800.9809313,TRAIN_EPOCH,0,0.6966,70.0,,,,,  Epoch  0  Loss=0.6966  Acc=70.0%
2026-05-21T16:40:01.129387,1779370801.1293876,TRAIN_EPOCH,1,0.6374,73.3,,,,,  Epoch  1  Loss=0.6374  Acc=73.3%
2026-05-21T16:40:01.276503,1779370801.2765038,TRAIN_EPOCH,2,0.6375,73.3,,,,,  Epoch  2  Loss=0.6375  Acc=73.3%
2026-05-21T16:40:01.426372,1779370801.4263723,TRAIN_EPOCH,3,0.6261,76.7,,,,,  Epoch  3  Loss=0.6261  Acc=76.7%
2026-05-21T16:40:01.584358,1779370801.584359,TRAIN_EPOCH,4,0.6171,76.7,,,,,  Epoch  4  Loss=0.6171  Acc=76.7%
2026-05-21T16:40:01.732546,1779370801.7325463,TRAIN_EPOCH,5,0.6088,76.7,,,,,  Epoch  5  Loss=0.6088  Acc=76.7%
2026-05-21T16:40:01.881168,1779370801.8811684,TRAIN_EPOCH,6,0.601,76.7,,,,,  Epoch  6  Loss=0.6010  Acc=76.7%
2026-05-21T16:40:02.030644,1779370802.0306442,TRAIN_EPOCH,7,0.5937,76.7,,,,,  Epoch  7  Loss=0.5937  Acc=76.7%
2026-05-21T16:40:02.178549,1779370802.178549,TRAIN_EPOCH,8,0.5867,80.0,,,,,  Epoch  8  Loss=0.5867  Acc=80.0%
2026-05-21T16:40:02.328361,1779370802.3283617,TRAIN_EPOCH,9,0.5802,80.0,,,,,  Epoch  9  Loss=0.5802  Acc=80.0%
2026-05-21T16:40:02.476516,1779370802.476516,TRAIN_EPOCH,10,0.5739,80.0,,,,,  Epoch 10  Loss=0.5739  Acc=80.0%
2026-05-21T16:40:02.626442,1779370802.6264427,TRAIN_EPOCH,11,0.568,80.0,,,,,  Epoch 11  Loss=0.5680  Acc=80.0%
2026-05-21T16:40:02.785805,1779370802.7858055,TRAIN_EPOCH,12,0.563,80.0,,,,,  Epoch 12  Loss=0.5630  Acc=80.0%
2026-05-21T16:40:02.932919,1779370802.9329193,TRAIN_EPOCH,13,0.5528,80.0,,,,,  Epoch 13  Loss=0.5528  Acc=80.0%
2026-05-21T16:40:03.091385,1779370803.0913851,TRAIN_EPOCH,14,0.5435,80.0,,,,,  Epoch 14  Loss=0.5435  Acc=80.0%
2026-05-21T16:40:03.093423,1779370803.0934231,VALIDATION,,,,70.0,10,,,[ACCURACY] Validation: 70.0% (n=10)
2026-05-21T16:40:03.096585,1779370803.0965858,FL,,,,,,,"B1 pre-pack: min=-8.7380, max=8.6670, mean=0.3588","[FL] B1 pre-pack: min=-8.7380, max=8.6670, mean=0.3588"
2026-05-21T16:40:03.097548,1779370803.0975487,FL,,,,,,,Model sent (72 bytes),[FL] Model sent (72 bytes)
2026-05-21T16:40:03.099155,1779370803.099155,NEW_SAMPLE,,,,,30,cat,,[DATA] class=cat (n=30)
2026-05-21T16:40:03.237924,1779370803.237924,BLE,,,,,,,Received global model (64 bytes),[BLE] Received global model (64 bytes)
2026-05-21T16:40:03.240601,1779370803.2406018,FL,,,,,,,Global model updated (Adam reset),[FL] Global model updated (Adam reset)
2026-05-21T16:40:03.240990,1779370803.24099,FL,,,,,,,"B1 unpacked: min=-8.7402, max=8.5039, mean=0.3297","[FL] B1 unpacked: min=-8.7402, max=8.5039, mean=0.3297"
2026-05-21T16:40:05.095234,1779370805.0952349,NEW_SAMPLE,,,,,30,cat,,[DATA] class=cat (n=30)
2026-05-21T16:40:07.094240,1779370807.0942404,NEW_SAMPLE,,,,,30,dog,,[DATA] class=dog (n=30)
2026-05-21T16:40:09.090742,1779370809.0907428,NEW_SAMPLE,,,,,30,dog,,[DATA] class=dog (n=30)
2026-05-21T16:40:11.099618,1779370811.099618,NEW_SAMPLE,,,,,30,other,,[DATA] class=other (n=30)
2026-05-21T16:40:13.099041,1779370813.0990415,NEW_SAMPLE,,,,,30,cat,,[DATA] class=cat (n=30)
2026-05-21T16:40:15.097155,1779370815.097155,NEW_SAMPLE,,,,,30,cat,,[DATA] class=cat (n=30)
2026-05-21T16:40:17.091241,1779370817.0912418,NEW_SAMPLE,,,,,30,other,,[DATA] class=other (n=30)
2026-05-21T16:40:19.091490,1779370819.0914907,NEW_SAMPLE,,,,,30,horse,,[DATA] class=horse (n=30)
2026-05-21T16:40:20.837512,1779370820.8375123,FL,,,,,,,Local training (4-class cross-entropy),[FL] Local training (4-class cross-entropy)
2026-05-21T16:40:20.975326,1779370820.9753268,TRAIN_EPOCH,0,0.8882,80.0,,,,,  Epoch  0  Loss=0.8882  Acc=80.0%
2026-05-21T16:40:21.133926,1779370821.1339266,TRAIN_EPOCH,1,0.6773,80.0,,,,,  Epoch  1  Loss=0.6773  Acc=80.0%
2026-05-21T16:40:21.282688,1779370821.282689,TRAIN_EPOCH,2,0.6157,76.7,,,,,  Epoch  2  Loss=0.6157  Acc=76.7%
2026-05-21T16:40:21.429675,1779370821.4296758,TRAIN_EPOCH,3,0.5723,73.3,,,,,  Epoch  3  Loss=0.5723  Acc=73.3%
2026-05-21T16:40:21.577357,1779370821.5773575,TRAIN_EPOCH,4,0.5376,73.3,,,,,  Epoch  4  Loss=0.5376  Acc=73.3%
2026-05-21T16:40:21.733594,1779370821.7335944,TRAIN_EPOCH,5,0.51,76.7,,,,,  Epoch  5  Loss=0.5100  Acc=76.7%
2026-05-21T16:40:21.880222,1779370821.8802228,TRAIN_EPOCH,6,0.4925,76.7,,,,,  Epoch  6  Loss=0.4925  Acc=76.7%
2026-05-21T16:40:22.027203,1779370822.027203,TRAIN_EPOCH,7,0.4791,80.0,,,,,  Epoch  7  Loss=0.4791  Acc=80.0%
2026-05-21T16:40:22.185723,1779370822.1857233,TRAIN_EPOCH,8,0.4692,80.0,,,,,  Epoch  8  Loss=0.4692  Acc=80.0%
2026-05-21T16:40:22.333501,1779370822.3335013,TRAIN_EPOCH,9,0.4616,80.0,,,,,  Epoch  9  Loss=0.4616  Acc=80.0%
2026-05-21T16:40:22.483521,1779370822.483521,TRAIN_EPOCH,10,0.4555,80.0,,,,,  Epoch 10  Loss=0.4555  Acc=80.0%
2026-05-21T16:40:22.632325,1779370822.632326,TRAIN_EPOCH,11,0.4525,83.3,,,,,  Epoch 11  Loss=0.4525  Acc=83.3%
2026-05-21T16:40:22.780156,1779370822.7801564,TRAIN_EPOCH,12,0.4446,83.3,,,,,  Epoch 12  Loss=0.4446  Acc=83.3%
2026-05-21T16:40:22.939257,1779370822.9392574,TRAIN_EPOCH,13,0.442,83.3,,,,,  Epoch 13  Loss=0.4420  Acc=83.3%
2026-05-21T16:40:23.087321,1779370823.087321,TRAIN_EPOCH,14,0.4395,83.3,,,,,  Epoch 14  Loss=0.4395  Acc=83.3%
2026-05-21T16:40:23.089939,1779370823.0899389,VALIDATION,,,,80.0,10,,,[ACCURACY] Validation: 80.0% (n=10)
2026-05-21T16:40:23.092940,1779370823.0929408,FL,,,,,,,"B1 pre-pack: min=-8.6067, max=8.4992, mean=0.4087","[FL] B1 pre-pack: min=-8.6067, max=8.4992, mean=0.4087"
2026-05-21T16:40:23.093904,1779370823.0939038,FL,,,,,,,Model sent (72 bytes),[FL] Model sent (72 bytes)
2026-05-21T16:40:23.094897,1779370823.094898,NEW_SAMPLE,,,,,30,dog,,[DATA] class=dog (n=30)
2026-05-21T16:40:23.223160,1779370823.2231605,BLE,,,,,,,Received global model (64 bytes),[BLE] Received global model (64 bytes)
2026-05-21T16:40:23.226146,1779370823.2261467,FL,,,,,,,Global model updated (Adam reset),[FL] Global model updated (Adam reset)
2026-05-21T16:40:23.227102,1779370823.2271028,FL,,,,,,,"B1 unpacked: min=-8.6614, max=8.5039, mean=0.3716","[FL] B1 unpacked: min=-8.6614, max=8.5039, mean=0.3716"
2026-05-21T16:40:25.097465,1779370825.0974658,NEW_SAMPLE,,,,,30,other,,[DATA] class=other (n=30)
2026-05-21T16:40:27.090632,1779370827.0906327,NEW_SAMPLE,,,,,30,horse,,[DATA] class=horse (n=30)
2026-05-21T16:40:29.096260,1779370829.0962605,NEW_SAMPLE,,,,,30,dog,,[DATA] class=dog (n=30)
2026-05-21T16:40:31.094313,1779370831.094314,NEW_SAMPLE,,,,,30,horse,,[DATA] class=horse (n=30)
2026-05-21T16:40:33.097849,1779370833.0978496,NEW_SAMPLE,,,,,30,horse,,[DATA] class=horse (n=30)
2026-05-21T16:40:35.096865,1779370835.096865,NEW_SAMPLE,,,,,30,other,,[DATA] class=other (n=30)
2026-05-21T16:40:37.090204,1779370837.0902045,NEW_SAMPLE,,,,,30,dog,,[DATA] class=dog (n=30)
2026-05-21T16:40:39.099002,1779370839.0990028,NEW_SAMPLE,,,,,30,cat,,[DATA] class=cat (n=30)
2026-05-21T16:40:40.838571,1779370840.8385715,FL,,,,,,,Local training (4-class cross-entropy),[FL] Local training (4-class cross-entropy)
2026-05-21T16:40:40.976756,1779370840.9767568,TRAIN_EPOCH,0,0.6891,73.3,,,,,  Epoch  0  Loss=0.6891  Acc=73.3%
2026-05-21T16:40:41.125419,1779370841.1254194,TRAIN_EPOCH,1,0.562,76.7,,,,,  Epoch  1  Loss=0.5620  Acc=76.7%
2026-05-21T16:40:41.282366,1779370841.2823663,TRAIN_EPOCH,2,0.5289,80.0,,,,,  Epoch  2  Loss=0.5289  Acc=80.0%
2026-05-21T16:40:41.430059,1779370841.4300597,TRAIN_EPOCH,3,0.5014,83.3,,,,,  Epoch  3  Loss=0.5014  Acc=83.3%
2026-05-21T16:40:41.578170,1779370841.5781705,TRAIN_EPOCH,4,0.4847,80.0,,,,,  Epoch  4  Loss=0.4847  Acc=80.0%
2026-05-21T16:40:41.735926,1779370841.7359269,TRAIN_EPOCH,5,0.4743,80.0,,,,,  Epoch  5  Loss=0.4743  Acc=80.0%
2026-05-21T16:40:41.884219,1779370841.8842196,TRAIN_EPOCH,6,0.4638,80.0,,,,,  Epoch  6  Loss=0.4638  Acc=80.0%
2026-05-21T16:40:42.033758,1779370842.0337582,TRAIN_EPOCH,7,0.455,80.0,,,,,  Epoch  7  Loss=0.4550  Acc=80.0%
2026-05-21T16:40:42.181958,1779370842.181959,TRAIN_EPOCH,8,0.4471,80.0,,,,,  Epoch  8  Loss=0.4471  Acc=80.0%
2026-05-21T16:40:42.331371,1779370842.3313713,TRAIN_EPOCH,9,0.4401,80.0,,,,,  Epoch  9  Loss=0.4401  Acc=80.0%
2026-05-21T16:40:42.480076,1779370842.480076,TRAIN_EPOCH,10,0.4339,80.0,,,,,  Epoch 10  Loss=0.4339  Acc=80.0%
2026-05-21T16:40:42.627986,1779370842.6279862,TRAIN_EPOCH,11,0.4292,80.0,,,,,  Epoch 11  Loss=0.4292  Acc=80.0%
2026-05-21T16:40:42.787252,1779370842.7872524,TRAIN_EPOCH,12,0.4238,80.0,,,,,  Epoch 12  Loss=0.4238  Acc=80.0%
2026-05-21T16:40:42.937356,1779370842.9373567,TRAIN_EPOCH,13,0.4194,80.0,,,,,  Epoch 13  Loss=0.4194  Acc=80.0%
2026-05-21T16:40:43.085995,1779370843.0859954,TRAIN_EPOCH,14,0.4161,80.0,,,,,  Epoch 14  Loss=0.4161  Acc=80.0%
2026-05-21T16:40:43.086998,1779370843.0869985,VALIDATION,,,,70.0,10,,,[ACCURACY] Validation: 70.0% (n=10)
2026-05-21T16:40:43.086998,1779370843.0869985,FL,,,,,,,"B1 pre-pack: min=-8.3730, max=8.1495, mean=0.3929","[FL] B1 pre-pack: min=-8.3730, max=8.1495, mean=0.3929"
2026-05-21T16:40:43.090922,1779370843.0909224,FL,,,,,,,Model sent (72 bytes),[FL] Model sent (72 bytes)
2026-05-21T16:40:43.091455,1779370843.0914555,NEW_SAMPLE,,,,,30,cat,,[DATA] class=cat (n=30)
2026-05-21T16:40:43.321216,1779370843.3212166,BLE,,,,,,,Received global model (64 bytes),[BLE] Received global model (64 bytes)
2026-05-21T16:40:43.323253,1779370843.3232534,FL,,,,,,,Global model updated (Adam reset),[FL] Global model updated (Adam reset)
2026-05-21T16:40:43.324250,1779370843.3242502,FL,,,,,,,"B1 unpacked: min=-8.5039, max=8.2677, mean=0.3789","[FL] B1 unpacked: min=-8.5039, max=8.2677, mean=0.3789"
2026-05-21T16:40:45.099041,1779370845.0990417,NEW_SAMPLE,,,,,30,cat,,[DATA] class=cat (n=30)
2026-05-21T16:40:47.097584,1779370847.097585,NEW_SAMPLE,,,,,30,horse,,[DATA] class=horse (n=30)
2026-05-21T16:40:49.090851,1779370849.0908518,NEW_SAMPLE,,,,,30,cat,,[DATA] class=cat (n=30)
2026-05-21T16:40:51.095323,1779370851.095323,NEW_SAMPLE,,,,,30,horse,,[DATA] class=horse (n=30)
2026-05-21T16:40:53.095559,1779370853.0955596,NEW_SAMPLE,,,,,30,horse,,[DATA] class=horse (n=30)
2026-05-21T16:40:55.094242,1779370855.0942428,NEW_SAMPLE,,,,,30,horse,,[DATA] class=horse (n=30)
2026-05-21T16:40:57.096783,1779370857.0967834,NEW_SAMPLE,,,,,30,cat,,[DATA] class=cat (n=30)
2026-05-21T16:40:59.089878,1779370859.089878,NEW_SAMPLE,,,,,30,cat,,[DATA] class=cat (n=30)
2026-05-21T16:41:00.835501,1779370860.8355012,FL,,,,,,,Local training (4-class cross-entropy),[FL] Local training (4-class cross-entropy)
2026-05-21T16:41:00.983411,1779370860.9834116,TRAIN_EPOCH,0,0.5069,76.7,,,,,  Epoch  0  Loss=0.5069  Acc=76.7%
2026-05-21T16:41:01.131471,1779370861.1314716,TRAIN_EPOCH,1,0.4263,83.3,,,,,  Epoch  1  Loss=0.4263  Acc=83.3%
2026-05-21T16:41:01.280622,1779370861.280622,TRAIN_EPOCH,2,0.4096,80.0,,,,,  Epoch  2  Loss=0.4096  Acc=80.0%
2026-05-21T16:41:01.430294,1779370861.430294,TRAIN_EPOCH,3,0.4024,80.0,,,,,  Epoch  3  Loss=0.4024  Acc=80.0%
2026-05-21T16:41:01.580198,1779370861.5801988,TRAIN_EPOCH,4,0.3988,80.0,,,,,  Epoch  4  Loss=0.3988  Acc=80.0%
2026-05-21T16:41:01.730204,1779370861.730204,TRAIN_EPOCH,5,0.3957,80.0,,,,,  Epoch  5  Loss=0.3957  Acc=80.0%
2026-05-21T16:41:01.878657,1779370861.8786576,TRAIN_EPOCH,6,0.3931,80.0,,,,,  Epoch  6  Loss=0.3931  Acc=80.0%
2026-05-21T16:41:02.028724,1779370862.028724,TRAIN_EPOCH,7,0.3907,80.0,,,,,  Epoch  7  Loss=0.3907  Acc=80.0%
2026-05-21T16:41:02.178762,1779370862.1787624,TRAIN_EPOCH,8,0.3885,80.0,,,,,  Epoch  8  Loss=0.3885  Acc=80.0%
2026-05-21T16:41:02.325653,1779370862.3256536,TRAIN_EPOCH,9,0.3864,80.0,,,,,  Epoch  9  Loss=0.3864  Acc=80.0%
2026-05-21T16:41:02.483250,1779370862.48325,TRAIN_EPOCH,10,0.3846,80.0,,,,,  Epoch 10  Loss=0.3846  Acc=80.0%
2026-05-21T16:41:02.632890,1779370862.6328907,TRAIN_EPOCH,11,0.3829,80.0,,,,,  Epoch 11  Loss=0.3829  Acc=80.0%
2026-05-21T16:41:02.782826,1779370862.782826,TRAIN_EPOCH,12,0.3813,80.0,,,,,  Epoch 12  Loss=0.3813  Acc=80.0%
2026-05-21T16:41:02.930565,1779370862.930565,TRAIN_EPOCH,13,0.379,80.0,,,,,  Epoch 13  Loss=0.3790  Acc=80.0%
2026-05-21T16:41:03.089468,1779370863.089468,TRAIN_EPOCH,14,0.3788,80.0,,,,,  Epoch 14  Loss=0.3788  Acc=80.0%
2026-05-21T16:41:03.091675,1779370863.0916758,VALIDATION,,,,70.0,10,,,[ACCURACY] Validation: 70.0% (n=10)
2026-05-21T16:41:03.093807,1779370863.093808,FL,,,,,,,"B1 pre-pack: min=-8.0465, max=7.8542, mean=0.4098","[FL] B1 pre-pack: min=-8.0465, max=7.8542, mean=0.4098"
2026-05-21T16:41:03.094264,1779370863.094264,FL,,,,,,,Model sent (72 bytes),[FL] Model sent (72 bytes)
2026-05-21T16:41:03.094264,1779370863.094264,NEW_SAMPLE,,,,,30,dog,,[DATA] class=dog (n=30)
2026-05-21T16:41:03.244008,1779370863.2440083,BLE,,,,,,,Received global model (64 bytes),[BLE] Received global model (64 bytes)
2026-05-21T16:41:03.244995,1779370863.2449956,FL,,,,,,,Global model updated (Adam reset),[FL] Global model updated (Adam reset)
2026-05-21T16:41:03.244995,1779370863.2449956,FL,,,,,,,"B1 unpacked: min=-8.2677, max=8.1102, mean=0.4011","[FL] B1 unpacked: min=-8.2677, max=8.1102, mean=0.4011"
2026-05-21T16:41:05.091968,1779370865.091968,NEW_SAMPLE,,,,,30,cat,,[DATA] class=cat (n=30)
2026-05-21T16:41:07.091703,1779370867.0917034,NEW_SAMPLE,,,,,30,cat,,[DATA] class=cat (n=30)
2026-05-21T16:41:09.092393,1779370869.0923932,NEW_SAMPLE,,,,,30,other,,[DATA] class=other (n=30)
2026-05-21T16:41:11.091942,1779370871.0919423,NEW_SAMPLE,,,,,30,cat,,[DATA] class=cat (n=30)
2026-05-21T16:41:13.091068,1779370873.0910678,NEW_SAMPLE,,,,,30,cat,,[DATA] class=cat (n=30)
2026-05-21T16:41:15.090165,1779370875.090165,NEW_SAMPLE,,,,,30,other,,[DATA] class=other (n=30)
2026-05-21T16:41:17.097389,1779370877.0973895,NEW_SAMPLE,,,,,30,cat,,[DATA] class=cat (n=30)
2026-05-21T16:41:19.093117,1779370879.093117,NEW_SAMPLE,,,,,30,horse,,[DATA] class=horse (n=30)
2026-05-21T16:41:20.837477,1779370880.837478,FL,,,,,,,Local training (4-class cross-entropy),[FL] Local training (4-class cross-entropy)
2026-05-21T16:41:20.984108,1779370880.9841084,TRAIN_EPOCH,0,0.6469,70.0,,,,,  Epoch  0  Loss=0.6469  Acc=70.0%
2026-05-21T16:41:21.131198,1779370881.1311986,TRAIN_EPOCH,1,0.611,66.7,,,,,  Epoch  1  Loss=0.6110  Acc=66.7%
2026-05-21T16:41:21.279410,1779370881.27941,TRAIN_EPOCH,2,0.5798,73.3,,,,,  Epoch  2  Loss=0.5798  Acc=73.3%
2026-05-21T16:41:21.427188,1779370881.4271882,TRAIN_EPOCH,3,0.5715,76.7,,,,,  Epoch  3  Loss=0.5715  Acc=76.7%
2026-05-21T16:41:21.575568,1779370881.575568,TRAIN_EPOCH,4,0.5611,76.7,,,,,  Epoch  4  Loss=0.5611  Acc=76.7%
2026-05-21T16:41:21.733010,1779370881.7330098,TRAIN_EPOCH,5,0.5541,76.7,,,,,  Epoch  5  Loss=0.5541  Acc=76.7%
2026-05-21T16:41:21.882132,1779370881.8821328,TRAIN_EPOCH,6,0.5497,76.7,,,,,  Epoch  6  Loss=0.5497  Acc=76.7%
2026-05-21T16:41:22.030583,1779370882.0305839,TRAIN_EPOCH,7,0.5458,76.7,,,,,  Epoch  7  Loss=0.5458  Acc=76.7%
2026-05-21T16:41:22.180340,1779370882.18034,TRAIN_EPOCH,8,0.5428,76.7,,,,,  Epoch  8  Loss=0.5428  Acc=76.7%
2026-05-21T16:41:22.328019,1779370882.3280196,TRAIN_EPOCH,9,0.5397,76.7,,,,,  Epoch  9  Loss=0.5397  Acc=76.7%
2026-05-21T16:41:22.486359,1779370882.4863594,TRAIN_EPOCH,10,0.537,76.7,,,,,  Epoch 10  Loss=0.5370  Acc=76.7%
2026-05-21T16:41:22.626885,1779370882.6268854,TRAIN_EPOCH,11,0.5353,76.7,,,,,  Epoch 11  Loss=0.5353  Acc=76.7%
2026-05-21T16:41:22.785461,1779370882.7854617,TRAIN_EPOCH,12,0.5326,76.7,,,,,  Epoch 12  Loss=0.5326  Acc=76.7%
2026-05-21T16:41:22.931420,1779370882.9314203,TRAIN_EPOCH,13,0.5282,76.7,,,,,  Epoch 13  Loss=0.5282  Acc=76.7%
2026-05-21T16:41:23.088256,1779370883.088256,TRAIN_EPOCH,14,0.5217,76.7,,,,,  Epoch 14  Loss=0.5217  Acc=76.7%
2026-05-21T16:41:23.089256,1779370883.0892565,VALIDATION,,,,70.0,10,,,[ACCURACY] Validation: 70.0% (n=10)
2026-05-21T16:41:23.091038,1779370883.091038,FL,,,,,,,"B1 pre-pack: min=-9.1067, max=8.3140, mean=0.4166","[FL] B1 pre-pack: min=-9.1067, max=8.3140, mean=0.4166"
2026-05-21T16:41:23.091542,1779370883.0915427,FL,,,,,,,Model sent (72 bytes),[FL] Model sent (72 bytes)
2026-05-21T16:41:23.092545,1779370883.0925457,NEW_SAMPLE,,,,,30,dog,,[DATA] class=dog (n=30)
2026-05-21T16:41:23.218995,1779370883.2189949,BLE,,,,,,,Received global model (64 bytes),[BLE] Received global model (64 bytes)
2026-05-21T16:41:23.221592,1779370883.2215924,FL,,,,,,,Global model updated (Adam reset),[FL] Global model updated (Adam reset)
2026-05-21T16:41:23.221971,1779370883.2219713,FL,,,,,,,"B1 unpacked: min=-8.6614, max=8.1890, mean=0.4035","[FL] B1 unpacked: min=-8.6614, max=8.1890, mean=0.4035"
2026-05-21T16:41:25.093186,1779370885.0931861,NEW_SAMPLE,,,,,30,other,,[DATA] class=other (n=30)
2026-05-21T16:41:27.091274,1779370887.091274,NEW_SAMPLE,,,,,30,horse,,[DATA] class=horse (n=30)
2026-05-21T16:41:29.098966,1779370889.0989666,NEW_SAMPLE,,,,,30,dog,,[DATA] class=dog (n=30)
2026-05-21T16:41:31.090071,1779370891.0900712,NEW_SAMPLE,,,,,30,other,,[DATA] class=other (n=30)
2026-05-21T16:41:33.089816,1779370893.089816,NEW_SAMPLE,,,,,30,cat,,[DATA] class=cat (n=30)
2026-05-21T16:41:35.095905,1779370895.095905,NEW_SAMPLE,,,,,30,other,,[DATA] class=other (n=30)
2026-05-21T16:41:37.091618,1779370897.0916185,NEW_SAMPLE,,,,,30,dog,,[DATA] class=dog (n=30)
2026-05-21T16:41:39.093715,1779370899.0937152,NEW_SAMPLE,,,,,30,dog,,[DATA] class=dog (n=30)
2026-05-21T16:41:40.837978,1779370900.8379786,FL,,,,,,,Local training (4-class cross-entropy),[FL] Local training (4-class cross-entropy)
2026-05-21T16:41:40.984851,1779370900.9848514,TRAIN_EPOCH,0,0.6663,76.7,,,,,  Epoch  0  Loss=0.6663  Acc=76.7%
2026-05-21T16:41:41.133523,1779370901.133524,TRAIN_EPOCH,1,0.6048,73.3,,,,,  Epoch  1  Loss=0.6048  Acc=73.3%
2026-05-21T16:41:41.283206,1779370901.2832065,TRAIN_EPOCH,2,0.596,76.7,,,,,  Epoch  2  Loss=0.5960  Acc=76.7%
2026-05-21T16:41:41.432736,1779370901.4327364,TRAIN_EPOCH,3,0.5889,76.7,,,,,  Epoch  3  Loss=0.5889  Acc=76.7%
2026-05-21T16:41:41.580170,1779370901.5801709,TRAIN_EPOCH,4,0.5833,76.7,,,,,  Epoch  4  Loss=0.5833  Acc=76.7%
2026-05-21T16:41:41.726273,1779370901.7262733,TRAIN_EPOCH,5,0.5775,76.7,,,,,  Epoch  5  Loss=0.5775  Acc=76.7%
2026-05-21T16:41:41.883566,1779370901.8835661,TRAIN_EPOCH,6,0.5723,76.7,,,,,  Epoch  6  Loss=0.5723  Acc=76.7%
2026-05-21T16:41:42.031569,1779370902.0315692,TRAIN_EPOCH,7,0.5676,76.7,,,,,  Epoch  7  Loss=0.5676  Acc=76.7%
2026-05-21T16:41:42.180198,1779370902.1801984,TRAIN_EPOCH,8,0.5633,76.7,,,,,  Epoch  8  Loss=0.5633  Acc=76.7%
2026-05-21T16:41:42.328861,1779370902.3288612,TRAIN_EPOCH,9,0.5593,76.7,,,,,  Epoch  9  Loss=0.5593  Acc=76.7%
2026-05-21T16:41:42.486620,1779370902.4866207,TRAIN_EPOCH,10,0.5556,76.7,,,,,  Epoch 10  Loss=0.5556  Acc=76.7%
2026-05-21T16:41:42.635332,1779370902.6353326,TRAIN_EPOCH,11,0.5522,76.7,,,,,  Epoch 11  Loss=0.5522  Acc=76.7%
2026-05-21T16:41:42.785163,1779370902.785163,TRAIN_EPOCH,12,0.549,76.7,,,,,  Epoch 12  Loss=0.5490  Acc=76.7%
2026-05-21T16:41:42.933339,1779370902.9333398,TRAIN_EPOCH,13,0.5461,76.7,,,,,  Epoch 13  Loss=0.5461  Acc=76.7%
2026-05-21T16:41:43.083805,1779370903.083805,TRAIN_EPOCH,14,0.5433,76.7,,,,,  Epoch 14  Loss=0.5433  Acc=76.7%
2026-05-21T16:41:43.086791,1779370903.0867915,VALIDATION,,,,80.0,10,,,[ACCURACY] Validation: 80.0% (n=10)
2026-05-21T16:41:43.089281,1779370903.0892816,FL,,,,,,,"B1 pre-pack: min=-8.4055, max=7.5736, mean=0.3147","[FL] B1 pre-pack: min=-8.4055, max=7.5736, mean=0.3147"
2026-05-21T16:41:43.091247,1779370903.091247,FL,,,,,,,Model sent (72 bytes),[FL] Model sent (72 bytes)
2026-05-21T16:41:43.091247,1779370903.091247,NEW_SAMPLE,,,,,30,other,,[DATA] class=other (n=30)
2026-05-21T16:41:43.259994,1779370903.2599943,BLE,,,,,,,Received global model (64 bytes),[BLE] Received global model (64 bytes)
2026-05-21T16:41:43.262455,1779370903.2624552,FL,,,,,,,Global model updated (Adam reset),[FL] Global model updated (Adam reset)
2026-05-21T16:41:43.265435,1779370903.2654352,FL,,,,,,,"B1 unpacked: min=-8.5827, max=7.8740, mean=0.3543","[FL] B1 unpacked: min=-8.5827, max=7.8740, mean=0.3543"
2026-05-21T16:41:45.098036,1779370905.0982091,NEW_SAMPLE,,,,,30,dog,,[DATA] class=dog (n=30)
2026-05-21T16:41:47.088740,1779370907.0887406,NEW_SAMPLE,,,,,30,cat,,[DATA] class=cat (n=30)
2026-05-21T16:41:49.090065,1779370909.090066,NEW_SAMPLE,,,,,30,dog,,[DATA] class=dog (n=30)
2026-05-21T16:41:51.099385,1779370911.099385,NEW_SAMPLE,,,,,30,horse,,[DATA] class=horse (n=30)
2026-05-21T16:41:53.099113,1779370913.0992894,NEW_SAMPLE,,,,,30,cat,,[DATA] class=cat (n=30)
2026-05-21T16:41:55.091464,1779370915.0914643,NEW_SAMPLE,,,,,30,cat,,[DATA] class=cat (n=30)
2026-05-21T16:41:57.098243,1779370917.0982432,NEW_SAMPLE,,,,,30,cat,,[DATA] class=cat (n=30)
2026-05-21T16:41:59.089118,1779370919.0891182,NEW_SAMPLE,,,,,30,dog,,[DATA] class=dog (n=30)
2026-05-21T16:42:00.842804,1779370920.8428044,FL,,,,,,,Local training (4-class cross-entropy),[FL] Local training (4-class cross-entropy)
2026-05-21T16:42:00.979225,1779370920.9792254,TRAIN_EPOCH,0,0.8244,70.0,,,,,  Epoch  0  Loss=0.8244  Acc=70.0%
2026-05-21T16:42:01.126848,1779370921.1268487,TRAIN_EPOCH,1,0.6325,80.0,,,,,  Epoch  1  Loss=0.6325  Acc=80.0%
2026-05-21T16:42:01.284424,1779370921.2844248,TRAIN_EPOCH,2,0.582,83.3,,,,,  Epoch  2  Loss=0.5820  Acc=83.3%
2026-05-21T16:42:01.432507,1779370921.432508,TRAIN_EPOCH,3,0.5618,83.3,,,,,  Epoch  3  Loss=0.5618  Acc=83.3%
2026-05-21T16:42:01.580532,1779370921.580533,TRAIN_EPOCH,4,0.5522,80.0,,,,,  Epoch  4  Loss=0.5522  Acc=80.0%
2026-05-21T16:42:01.728310,1779370921.7287815,TRAIN_EPOCH,5,0.5456,80.0,,,,,  Epoch  5  Loss=0.5456  Acc=80.0%
2026-05-21T16:42:01.877029,1779370921.8770294,TRAIN_EPOCH,6,0.5403,80.0,,,,,  Epoch  6  Loss=0.5403  Acc=80.0%
2026-05-21T16:42:02.035644,1779370922.035644,TRAIN_EPOCH,7,0.5354,80.0,,,,,  Epoch  7  Loss=0.5354  Acc=80.0%
2026-05-21T16:42:02.183813,1779370922.1838138,TRAIN_EPOCH,8,0.5307,80.0,,,,,  Epoch  8  Loss=0.5307  Acc=80.0%
2026-05-21T16:42:02.329877,1779370922.3298776,TRAIN_EPOCH,9,0.527,76.7,,,,,  Epoch  9  Loss=0.5270  Acc=76.7%
2026-05-21T16:42:02.479867,1779370922.4798675,TRAIN_EPOCH,10,0.5218,76.7,,,,,  Epoch 10  Loss=0.5218  Acc=76.7%
2026-05-21T16:42:02.635504,1779370922.635505,TRAIN_EPOCH,11,0.5188,76.7,,,,,  Epoch 11  Loss=0.5188  Acc=76.7%
2026-05-21T16:42:02.782293,1779370922.7822933,TRAIN_EPOCH,12,0.5142,76.7,,,,,  Epoch 12  Loss=0.5142  Acc=76.7%
2026-05-21T16:42:02.928888,1779370922.9288883,TRAIN_EPOCH,13,0.5116,76.7,,,,,  Epoch 13  Loss=0.5116  Acc=76.7%
2026-05-21T16:42:03.086786,1779370923.0867863,TRAIN_EPOCH,14,0.5075,76.7,,,,,  Epoch 14  Loss=0.5075  Acc=76.7%
2026-05-21T16:42:03.086786,1779370923.0867863,VALIDATION,,,,80.0,10,,,[ACCURACY] Validation: 80.0% (n=10)
2026-05-21T16:42:03.087783,1779370923.0877833,FL,,,,,,,"B1 pre-pack: min=-8.2537, max=7.5111, mean=0.2821","[FL] B1 pre-pack: min=-8.2537, max=7.5111, mean=0.2821"
2026-05-21T16:42:03.091189,1779370923.0911899,FL,,,,,,,Model sent (72 bytes),[FL] Model sent (72 bytes)
2026-05-21T16:42:03.091189,1779370923.0911899,NEW_SAMPLE,,,,,30,horse,,[DATA] class=horse (n=30)
2026-05-21T16:42:03.239386,1779370923.2393863,BLE,,,,,,,Received global model (64 bytes),[BLE] Received global model (64 bytes)
2026-05-21T16:42:03.242895,1779370923.2428954,FL,,,,,,,Global model updated (Adam reset),[FL] Global model updated (Adam reset)
2026-05-21T16:42:03.244538,1779370923.2445388,FL,,,,,,,"B1 unpacked: min=-8.4252, max=7.4016, mean=0.3150","[FL] B1 unpacked: min=-8.4252, max=7.4016, mean=0.3150"
2026-05-21T16:42:05.095704,1779370925.0957043,NEW_SAMPLE,,,,,30,horse,,[DATA] class=horse (n=30)
2026-05-21T16:42:07.092585,1779370927.0925856,NEW_SAMPLE,,,,,30,horse,,[DATA] class=horse (n=30)
2026-05-21T16:42:09.096850,1779370929.0968504,NEW_SAMPLE,,,,,30,cat,,[DATA] class=cat (n=30)
2026-05-21T16:42:11.091669,1779370931.0916693,NEW_SAMPLE,,,,,30,other,,[DATA] class=other (n=30)
2026-05-21T16:42:13.090779,1779370933.0907795,NEW_SAMPLE,,,,,30,dog,,[DATA] class=dog (n=30)
2026-05-21T16:42:15.090955,1779370935.0909557,NEW_SAMPLE,,,,,30,horse,,[DATA] class=horse (n=30)
2026-05-21T16:42:17.089026,1779370937.089026,NEW_SAMPLE,,,,,30,horse,,[DATA] class=horse (n=30)
2026-05-21T16:42:19.093461,1779370939.0934613,NEW_SAMPLE,,,,,30,dog,,[DATA] class=dog (n=30)
2026-05-21T16:42:20.838272,1779370940.838273,FL,,,,,,,Local training (4-class cross-entropy),[FL] Local training (4-class cross-entropy)
2026-05-21T16:42:20.975461,1779370940.9754617,TRAIN_EPOCH,0,0.6899,76.7,,,,,  Epoch  0  Loss=0.6899  Acc=76.7%
2026-05-21T16:42:21.136148,1779370941.136149,TRAIN_EPOCH,1,0.6062,76.7,,,,,  Epoch  1  Loss=0.6062  Acc=76.7%
2026-05-21T16:42:21.281783,1779370941.2817833,TRAIN_EPOCH,2,0.5686,76.7,,,,,  Epoch  2  Loss=0.5686  Acc=76.7%
2026-05-21T16:42:21.431524,1779370941.4315245,TRAIN_EPOCH,3,0.5516,76.7,,,,,  Epoch  3  Loss=0.5516  Acc=76.7%
2026-05-21T16:42:21.579730,1779370941.5797303,TRAIN_EPOCH,4,0.5416,76.7,,,,,  Epoch  4  Loss=0.5416  Acc=76.7%
2026-05-21T16:42:21.727754,1779370941.7277546,TRAIN_EPOCH,5,0.5343,76.7,,,,,  Epoch  5  Loss=0.5343  Acc=76.7%
2026-05-21T16:42:21.875132,1779370941.8751323,TRAIN_EPOCH,6,0.5283,83.3,,,,,  Epoch  6  Loss=0.5283  Acc=83.3%
2026-05-21T16:42:22.031880,1779370942.0318801,TRAIN_EPOCH,7,0.5231,83.3,,,,,  Epoch  7  Loss=0.5231  Acc=83.3%
2026-05-21T16:42:22.180537,1779370942.1805377,TRAIN_EPOCH,8,0.5203,76.7,,,,,  Epoch  8  Loss=0.5203  Acc=76.7%
2026-05-21T16:42:22.327041,1779370942.3270416,TRAIN_EPOCH,9,0.517,76.7,,,,,  Epoch  9  Loss=0.5170  Acc=76.7%
2026-05-21T16:42:22.486124,1779370942.4861248,TRAIN_EPOCH,10,0.514,76.7,,,,,  Epoch 10  Loss=0.5140  Acc=76.7%
2026-05-21T16:42:22.635038,1779370942.6350386,TRAIN_EPOCH,11,0.5103,76.7,,,,,  Epoch 11  Loss=0.5103  Acc=76.7%
2026-05-21T16:42:22.783618,1779370942.7836185,TRAIN_EPOCH,12,0.4947,76.7,,,,,  Epoch 12  Loss=0.4947  Acc=76.7%
2026-05-21T16:42:22.931389,1779370942.9313893,TRAIN_EPOCH,13,0.4809,76.7,,,,,  Epoch 13  Loss=0.4809  Acc=76.7%
2026-05-21T16:42:23.090047,1779370943.0900471,TRAIN_EPOCH,14,0.4686,76.7,,,,,  Epoch 14  Loss=0.4686  Acc=76.7%
2026-05-21T16:42:23.092401,1779370943.0924015,VALIDATION,,,,70.0,10,,,[ACCURACY] Validation: 70.0% (n=10)
2026-05-21T16:42:23.095422,1779370943.0954227,FL,,,,,,,"B1 pre-pack: min=-8.1778, max=7.0610, mean=0.2760","[FL] B1 pre-pack: min=-8.1778, max=7.0610, mean=0.2760"
2026-05-21T16:42:23.096420,1779370943.0964203,FL,,,,,,,Model sent (72 bytes),[FL] Model sent (72 bytes)
2026-05-21T16:42:23.097390,1779370943.0973902,NEW_SAMPLE,,,,,30,cat,,[DATA] class=cat (n=30)
2026-05-21T16:42:23.222947,1779370943.2229474,BLE,,,,,,,Received global model (64 bytes),[BLE] Received global model (64 bytes)
2026-05-21T16:42:23.224050,1779370943.2240503,FL,,,,,,,Global model updated (Adam reset),[FL] Global model updated (Adam reset)
2026-05-21T16:42:23.224324,1779370943.224325,FL,,,,,,,"B1 unpacked: min=-8.2677, max=7.1654, mean=0.2953","[FL] B1 unpacked: min=-8.2677, max=7.1654, mean=0.2953"
2026-05-21T16:42:25.092781,1779370945.092781,NEW_SAMPLE,,,,,30,horse,,[DATA] class=horse (n=30)
2026-05-21T16:42:27.090836,1779370947.090837,NEW_SAMPLE,,,,,30,cat,,[DATA] class=cat (n=30)
2026-05-21T16:42:29.093224,1779370949.0932245,NEW_SAMPLE,,,,,30,dog,,[DATA] class=dog (n=30)
2026-05-21T16:42:31.097554,1779370951.0975542,NEW_SAMPLE,,,,,30,horse,,[DATA] class=horse (n=30)
2026-05-21T16:42:33.092271,1779370953.092271,NEW_SAMPLE,,,,,30,cat,,[DATA] class=cat (n=30)
2026-05-21T16:42:35.093741,1779370955.093742,NEW_SAMPLE,,,,,30,dog,,[DATA] class=dog (n=30)
2026-05-21T16:42:37.097865,1779370957.097865,NEW_SAMPLE,,,,,30,dog,,[DATA] class=dog (n=30)
2026-05-21T16:42:39.090199,1779370959.090199,NEW_SAMPLE,,,,,30,dog,,[DATA] class=dog (n=30)
2026-05-21T16:42:40.840053,1779370960.8400536,FL,,,,,,,Local training (4-class cross-entropy),[FL] Local training (4-class cross-entropy)
2026-05-21T16:42:40.980232,1779370960.980233,TRAIN_EPOCH,0,0.8903,63.3,,,,,  Epoch  0  Loss=0.8903  Acc=63.3%
2026-05-21T16:42:41.125900,1779370961.1259003,TRAIN_EPOCH,1,0.791,63.3,,,,,  Epoch  1  Loss=0.7910  Acc=63.3%
2026-05-21T16:42:41.284310,1779370961.2843106,TRAIN_EPOCH,2,0.7897,63.3,,,,,  Epoch  2  Loss=0.7897  Acc=63.3%
2026-05-21T16:42:41.434349,1779370961.434349,TRAIN_EPOCH,3,0.7804,63.3,,,,,  Epoch  3  Loss=0.7804  Acc=63.3%
2026-05-21T16:42:41.581799,1779370961.5817997,TRAIN_EPOCH,4,0.7694,63.3,,,,,  Epoch  4  Loss=0.7694  Acc=63.3%
2026-05-21T16:42:41.729490,1779370961.7294905,TRAIN_EPOCH,5,0.7596,63.3,,,,,  Epoch  5  Loss=0.7596  Acc=63.3%
2026-05-21T16:42:41.876916,1779370961.8769162,TRAIN_EPOCH,6,0.7508,63.3,,,,,  Epoch  6  Loss=0.7508  Acc=63.3%
2026-05-21T16:42:42.036098,1779370962.0360985,TRAIN_EPOCH,7,0.7427,63.3,,,,,  Epoch  7  Loss=0.7427  Acc=63.3%
2026-05-21T16:42:42.184939,1779370962.1849396,TRAIN_EPOCH,8,0.7351,63.3,,,,,  Epoch  8  Loss=0.7351  Acc=63.3%
2026-05-21T16:42:42.327945,1779370962.3279455,TRAIN_EPOCH,9,0.7279,63.3,,,,,  Epoch  9  Loss=0.7279  Acc=63.3%
2026-05-21T16:42:42.479312,1779370962.4793124,TRAIN_EPOCH,10,0.7217,63.3,,,,,  Epoch 10  Loss=0.7217  Acc=63.3%
2026-05-21T16:42:42.627918,1779370962.627919,TRAIN_EPOCH,11,0.7135,63.3,,,,,  Epoch 11  Loss=0.7135  Acc=63.3%
2026-05-21T16:42:42.776822,1779370962.7768223,TRAIN_EPOCH,12,0.71,63.3,,,,,  Epoch 12  Loss=0.7100  Acc=63.3%
2026-05-21T16:42:42.933922,1779370962.9339225,TRAIN_EPOCH,13,0.706,63.3,,,,,  Epoch 13  Loss=0.7060  Acc=63.3%
2026-05-21T16:42:43.082719,1779370963.0827196,TRAIN_EPOCH,14,0.702,63.3,,,,,  Epoch 14  Loss=0.7020  Acc=63.3%
2026-05-21T16:42:43.086320,1779370963.0863204,VALIDATION,,,,60.0,10,,,[ACCURACY] Validation: 60.0% (n=10)
2026-05-21T16:42:43.088877,1779370963.088877,FL,,,,,,,"B1 pre-pack: min=-7.9666, max=7.2045, mean=0.2397","[FL] B1 pre-pack: min=-7.9666, max=7.2045, mean=0.2397"
2026-05-21T16:42:43.091902,1779370963.091902,FL,,,,,,,Model sent (72 bytes),[FL] Model sent (72 bytes)
2026-05-21T16:42:43.092873,1779370963.0928733,NEW_SAMPLE,,,,,30,cat,,[DATA] class=cat (n=30)
2026-05-21T16:42:43.260779,1779370963.2607796,BLE,,,,,,,Received global model (64 bytes),[BLE] Received global model (64 bytes)
2026-05-21T16:42:43.263497,1779370963.2634969,FL,,,,,,,Global model updated (Adam reset),[FL] Global model updated (Adam reset)
2026-05-21T16:42:43.263788,1779370963.2637887,FL,,,,,,,"B1 unpacked: min=-8.1102, max=7.1654, mean=0.2682","[FL] B1 unpacked: min=-8.1102, max=7.1654, mean=0.2682"
2026-05-21T16:42:45.090867,1779370965.0908675,NEW_SAMPLE,,,,,30,dog,,[DATA] class=dog (n=30)
2026-05-21T16:42:47.095819,1779370967.0958195,NEW_SAMPLE,,,,,30,other,,[DATA] class=other (n=30)
2026-05-21T16:42:49.094133,1779370969.0941336,NEW_SAMPLE,,,,,30,cat,,[DATA] class=cat (n=30)
2026-05-21T16:42:51.089934,1779370971.089934,NEW_SAMPLE,,,,,30,horse,,[DATA] class=horse (n=30)
2026-05-21T16:42:53.095643,1779370973.095644,NEW_SAMPLE,,,,,30,cat,,[DATA] class=cat (n=30)
2026-05-21T16:42:55.098349,1779370975.098349,NEW_SAMPLE,,,,,30,other,,[DATA] class=other (n=30)
2026-05-21T16:42:57.092818,1779370977.0928183,NEW_SAMPLE,,,,,30,other,,[DATA] class=other (n=30)
2026-05-21T16:42:59.094785,1779370979.0947857,NEW_SAMPLE,,,,,30,horse,,[DATA] class=horse (n=30)
2026-05-21T16:43:00.839898,1779370980.839898,FL,,,,,,,Local training (4-class cross-entropy),[FL] Local training (4-class cross-entropy)
2026-05-21T16:43:00.977243,1779370980.977244,TRAIN_EPOCH,0,0.8004,66.7,,,,,  Epoch  0  Loss=0.8004  Acc=66.7%
2026-05-21T16:43:01.124970,1779370981.1249704,TRAIN_EPOCH,1,0.643,73.3,,,,,  Epoch  1  Loss=0.6430  Acc=73.3%
2026-05-21T16:43:01.282622,1779370981.2826228,TRAIN_EPOCH,2,0.6477,70.0,,,,,  Epoch  2  Loss=0.6477  Acc=70.0%
2026-05-21T16:43:01.429336,1779370981.4293363,TRAIN_EPOCH,3,0.6219,70.0,,,,,  Epoch  3  Loss=0.6219  Acc=70.0%
2026-05-21T16:43:01.578671,1779370981.5786717,TRAIN_EPOCH,4,0.6014,73.3,,,,,  Epoch  4  Loss=0.6014  Acc=73.3%
2026-05-21T16:43:01.725216,1779370981.7252169,TRAIN_EPOCH,5,0.587,73.3,,,,,  Epoch  5  Loss=0.5870  Acc=73.3%
2026-05-21T16:43:01.882605,1779370981.8826058,TRAIN_EPOCH,6,0.5771,73.3,,,,,  Epoch  6  Loss=0.5771  Acc=73.3%
2026-05-21T16:43:02.030317,1779370982.0303178,TRAIN_EPOCH,7,0.5687,73.3,,,,,  Epoch  7  Loss=0.5687  Acc=73.3%
2026-05-21T16:43:02.179895,1779370982.179895,TRAIN_EPOCH,8,0.5613,76.7,,,,,  Epoch  8  Loss=0.5613  Acc=76.7%
2026-05-21T16:43:02.329431,1779370982.3294313,TRAIN_EPOCH,9,0.5573,73.3,,,,,  Epoch  9  Loss=0.5573  Acc=73.3%
2026-05-21T16:43:02.476410,1779370982.4764106,TRAIN_EPOCH,10,0.5542,73.3,,,,,  Epoch 10  Loss=0.5542  Acc=73.3%
2026-05-21T16:43:02.634530,1779370982.6345308,TRAIN_EPOCH,11,0.5511,76.7,,,,,  Epoch 11  Loss=0.5511  Acc=76.7%
2026-05-21T16:43:02.783254,1779370982.7832549,TRAIN_EPOCH,12,0.549,76.7,,,,,  Epoch 12  Loss=0.5490  Acc=76.7%
2026-05-21T16:43:02.931133,1779370982.9311335,TRAIN_EPOCH,13,0.5455,76.7,,,,,  Epoch 13  Loss=0.5455  Acc=76.7%
2026-05-21T16:43:03.090965,1779370983.0909657,TRAIN_EPOCH,14,0.5432,76.7,,,,,  Epoch 14  Loss=0.5432  Acc=76.7%
2026-05-21T16:43:03.092937,1779370983.0939403,VALIDATION,,,,100.0,10,,,[ACCURACY] Validation: 100.0% (n=10)
2026-05-21T16:43:03.094892,1779370983.0948923,FL,,,,,,,"B1 pre-pack: min=-8.1245, max=7.1714, mean=0.1739","[FL] B1 pre-pack: min=-8.1245, max=7.1714, mean=0.1739"
2026-05-21T16:43:03.095515,1779370983.0955148,FL,,,,,,,Model sent (72 bytes),[FL] Model sent (72 bytes)
2026-05-21T16:43:03.095936,1779370983.095936,NEW_SAMPLE,,,,,30,cat,,[DATA] class=cat (n=30)
2026-05-21T16:43:03.246280,1779370983.2462807,BLE,,,,,,,Received global model (64 bytes),[BLE] Received global model (64 bytes)
2026-05-21T16:43:03.248263,1779370983.2482634,FL,,,,,,,Global model updated (Adam reset),[FL] Global model updated (Adam reset)
2026-05-21T16:43:03.250263,1779370983.250263,FL,,,,,,,"B1 unpacked: min=-8.1102, max=7.1654, mean=0.2288","[FL] B1 unpacked: min=-8.1102, max=7.1654, mean=0.2288"
2026-05-21T16:43:05.090445,1779370985.0904453,NEW_SAMPLE,,,,,30,horse,,[DATA] class=horse (n=30)
2026-05-21T16:43:07.095069,1779370987.09507,NEW_SAMPLE,,,,,30,horse,,[DATA] class=horse (n=30)
2026-05-21T16:43:09.089787,1779370989.0897872,NEW_SAMPLE,,,,,30,cat,,[DATA] class=cat (n=30)
2026-05-21T16:43:11.091893,1779370991.091894,NEW_SAMPLE,,,,,30,other,,[DATA] class=other (n=30)
2026-05-21T16:43:13.093008,1779370993.093008,NEW_SAMPLE,,,,,30,dog,,[DATA] class=dog (n=30)
2026-05-21T16:43:15.094188,1779370995.0941887,NEW_SAMPLE,,,,,30,cat,,[DATA] class=cat (n=30)
2026-05-21T16:43:17.093238,1779370997.093238,NEW_SAMPLE,,,,,30,dog,,[DATA] class=dog (n=30)
2026-05-21T16:43:19.092401,1779370999.0924017,NEW_SAMPLE,,,,,30,horse,,[DATA] class=horse (n=30)
2026-05-21T16:43:20.841143,1779371000.8411431,FL,,,,,,,Local training (4-class cross-entropy),[FL] Local training (4-class cross-entropy)
2026-05-21T16:43:20.979966,1779371000.9799664,TRAIN_EPOCH,0,0.6709,70.0,,,,,  Epoch  0  Loss=0.6709  Acc=70.0%
2026-05-21T16:43:21.127993,1779371001.1279936,TRAIN_EPOCH,1,0.5669,80.0,,,,,  Epoch  1  Loss=0.5669  Acc=80.0%
2026-05-21T16:43:21.284895,1779371001.2848954,TRAIN_EPOCH,2,0.545,80.0,,,,,  Epoch  2  Loss=0.5450  Acc=80.0%
2026-05-21T16:43:21.431964,1779371001.4319642,TRAIN_EPOCH,3,0.5179,80.0,,,,,  Epoch  3  Loss=0.5179  Acc=80.0%
2026-05-21T16:43:21.580855,1779371001.5808554,TRAIN_EPOCH,4,0.4957,80.0,,,,,  Epoch  4  Loss=0.4957  Acc=80.0%
2026-05-21T16:43:21.729550,1779371001.7295501,TRAIN_EPOCH,5,0.4707,80.0,,,,,  Epoch  5  Loss=0.4707  Acc=80.0%
2026-05-21T16:43:21.879159,1779371001.8791592,TRAIN_EPOCH,6,0.454,83.3,,,,,  Epoch  6  Loss=0.4540  Acc=83.3%
2026-05-21T16:43:22.029046,1779371002.0290468,TRAIN_EPOCH,7,0.441,83.3,,,,,  Epoch  7  Loss=0.4410  Acc=83.3%
2026-05-21T16:43:22.177314,1779371002.1773145,TRAIN_EPOCH,8,0.4347,83.3,,,,,  Epoch  8  Loss=0.4347  Acc=83.3%
2026-05-21T16:43:22.325165,1779371002.3251657,TRAIN_EPOCH,9,0.429,86.7,,,,,  Epoch  9  Loss=0.4290  Acc=86.7%
2026-05-21T16:43:22.482812,1779371002.4828126,TRAIN_EPOCH,10,0.4256,86.7,,,,,  Epoch 10  Loss=0.4256  Acc=86.7%
2026-05-21T16:43:22.630017,1779371002.6300178,TRAIN_EPOCH,11,0.4216,86.7,,,,,  Epoch 11  Loss=0.4216  Acc=86.7%
2026-05-21T16:43:22.778941,1779371002.7789416,TRAIN_EPOCH,12,0.4173,86.7,,,,,  Epoch 12  Loss=0.4173  Acc=86.7%
2026-05-21T16:43:22.936717,1779371002.9367175,TRAIN_EPOCH,13,0.4149,86.7,,,,,  Epoch 13  Loss=0.4149  Acc=86.7%
2026-05-21T16:43:23.085251,1779371003.0852516,TRAIN_EPOCH,14,0.4119,86.7,,,,,  Epoch 14  Loss=0.4119  Acc=86.7%
2026-05-21T16:43:23.088296,1779371003.0882967,VALIDATION,,,,100.0,10,,,[ACCURACY] Validation: 100.0% (n=10)
2026-05-21T16:43:23.091722,1779371003.0917225,FL,,,,,,,"B1 pre-pack: min=-8.1219, max=7.8145, mean=0.1541","[FL] B1 pre-pack: min=-8.1219, max=7.8145, mean=0.1541"
2026-05-21T16:43:23.093158,1779371003.0931585,FL,,,,,,,Model sent (72 bytes),[FL] Model sent (72 bytes)
2026-05-21T16:43:23.094154,1779371003.0941546,NEW_SAMPLE,,,,,30,cat,,[DATA] class=cat (n=30)
2026-05-21T16:43:23.220259,1779371003.2202592,BLE,,,,,,,Received global model (64 bytes),[BLE] Received global model (64 bytes)
2026-05-21T16:43:23.224390,1779371003.22439,FL,,,,,,,Global model updated (Adam reset),[FL] Global model updated (Adam reset)
2026-05-21T16:43:23.226200,1779371003.2262,FL,,,,,,,"B1 unpacked: min=-8.1102, max=7.4803, mean=0.1870","[FL] B1 unpacked: min=-8.1102, max=7.4803, mean=0.1870"
2026-05-21T16:43:25.097599,1779371005.0975997,NEW_SAMPLE,,,,,30,dog,,[DATA] class=dog (n=30)
2026-05-21T16:43:27.092169,1779371007.09217,NEW_SAMPLE,,,,,30,cat,,[DATA] class=cat (n=30)
2026-05-21T16:43:29.097107,1779371009.0971074,NEW_SAMPLE,,,,,30,dog,,[DATA] class=dog (n=30)
2026-05-21T16:43:31.093523,1779371011.0935235,NEW_SAMPLE,,,,,30,horse,,[DATA] class=horse (n=30)
2026-05-21T16:43:33.090286,1779371013.0902865,NEW_SAMPLE,,,,,30,horse,,[DATA] class=horse (n=30)
2026-05-21T16:43:35.091161,1779371015.0911615,NEW_SAMPLE,,,,,30,dog,,[DATA] class=dog (n=30)
2026-05-21T16:43:37.094020,1779371017.0940204,NEW_SAMPLE,,,,,30,other,,[DATA] class=other (n=30)
2026-05-21T16:43:39.091123,1779371019.091123,NEW_SAMPLE,,,,,30,dog,,[DATA] class=dog (n=30)
2026-05-21T16:43:40.840424,1779371020.8404248,FL,,,,,,,Local training (4-class cross-entropy),[FL] Local training (4-class cross-entropy)
2026-05-21T16:43:40.977094,1779371020.9770944,TRAIN_EPOCH,0,0.4577,86.7,,,,,  Epoch  0  Loss=0.4577  Acc=86.7%
2026-05-21T16:43:41.125609,1779371021.1256099,TRAIN_EPOCH,1,0.4164,93.3,,,,,  Epoch  1  Loss=0.4164  Acc=93.3%
2026-05-21T16:43:41.275139,1779371021.2751396,TRAIN_EPOCH,2,0.3753,90.0,,,,,  Epoch  2  Loss=0.3753  Acc=90.0%
2026-05-21T16:43:41.433454,1779371021.4334548,TRAIN_EPOCH,3,0.3711,86.7,,,,,  Epoch  3  Loss=0.3711  Acc=86.7%
2026-05-21T16:43:41.583899,1779371021.5839,TRAIN_EPOCH,4,0.3592,86.7,,,,,  Epoch  4  Loss=0.3592  Acc=86.7%
2026-05-21T16:43:41.732436,1779371021.7324364,TRAIN_EPOCH,5,0.3568,86.7,,,,,  Epoch  5  Loss=0.3568  Acc=86.7%
2026-05-21T16:43:41.880370,1779371021.8803704,TRAIN_EPOCH,6,0.3514,86.7,,,,,  Epoch  6  Loss=0.3514  Acc=86.7%
2026-05-21T16:43:42.029613,1779371022.0296133,TRAIN_EPOCH,7,0.3463,86.7,,,,,  Epoch  7  Loss=0.3463  Acc=86.7%
2026-05-21T16:43:42.176273,1779371022.1762733,TRAIN_EPOCH,8,0.3414,86.7,,,,,  Epoch  8  Loss=0.3414  Acc=86.7%
2026-05-21T16:43:42.335070,1779371022.3350704,TRAIN_EPOCH,9,0.3367,86.7,,,,,  Epoch  9  Loss=0.3367  Acc=86.7%
2026-05-21T16:43:42.484154,1779371022.4841547,TRAIN_EPOCH,10,0.3322,86.7,,,,,  Epoch 10  Loss=0.3322  Acc=86.7%
2026-05-21T16:43:42.634197,1779371022.6341972,TRAIN_EPOCH,11,0.3279,86.7,,,,,  Epoch 11  Loss=0.3279  Acc=86.7%
2026-05-21T16:43:42.781482,1779371022.781482,TRAIN_EPOCH,12,0.3239,86.7,,,,,  Epoch 12  Loss=0.3239  Acc=86.7%
2026-05-21T16:43:42.928652,1779371022.9286528,TRAIN_EPOCH,13,0.32,86.7,,,,,  Epoch 13  Loss=0.3200  Acc=86.7%
2026-05-21T16:43:43.087363,1779371023.087363,TRAIN_EPOCH,14,0.3159,86.7,,,,,  Epoch 14  Loss=0.3159  Acc=86.7%
2026-05-21T16:43:43.089888,1779371023.0898886,VALIDATION,,,,70.0,10,,,[ACCURACY] Validation: 70.0% (n=10)
2026-05-21T16:43:43.092880,1779371023.092881,FL,,,,,,,"B1 pre-pack: min=-9.2138, max=7.9429, mean=0.1524","[FL] B1 pre-pack: min=-9.2138, max=7.9429, mean=0.1524"
2026-05-21T16:43:43.093877,1779371023.0938776,FL,,,,,,,Model sent (72 bytes),[FL] Model sent (72 bytes)
2026-05-21T16:43:43.094997,1779371023.0949981,NEW_SAMPLE,,,,,30,other,,[DATA] class=other (n=30)
2026-05-21T16:43:43.264800,1779371023.2648008,BLE,,,,,,,Received global model (64 bytes),[BLE] Received global model (64 bytes)
2026-05-21T16:43:43.266754,1779371023.2667546,FL,,,,,,,Global model updated (Adam reset),[FL] Global model updated (Adam reset)
2026-05-21T16:43:43.269145,1779371023.269145,FL,,,,,,,"B1 unpacked: min=-8.6614, max=7.4803, mean=0.1772","[FL] B1 unpacked: min=-8.6614, max=7.4803, mean=0.1772"
2026-05-21T16:43:45.089382,1779371025.0893826,NEW_SAMPLE,,,,,30,horse,,[DATA] class=horse (n=30)
2026-05-21T16:43:47.096679,1779371027.0966792,NEW_SAMPLE,,,,,30,horse,,[DATA] class=horse (n=30)
2026-05-21T16:43:49.096956,1779371029.0969563,NEW_SAMPLE,,,,,30,cat,,[DATA] class=cat (n=30)
2026-05-21T16:43:51.090818,1779371031.090819,NEW_SAMPLE,,,,,30,dog,,[DATA] class=dog (n=30)
2026-05-21T16:43:53.099252,1779371033.099252,NEW_SAMPLE,,,,,30,other,,[DATA] class=other (n=30)
2026-05-21T16:43:55.099174,1779371035.0991743,NEW_SAMPLE,,,,,30,horse,,[DATA] class=horse (n=30)
2026-05-21T16:43:57.095123,1779371037.0951233,NEW_SAMPLE,,,,,30,horse,,[DATA] class=horse (n=30)
2026-05-21T16:43:59.095394,1779371039.0953946,NEW_SAMPLE,,,,,30,dog,,[DATA] class=dog (n=30)
2026-05-21T16:44:00.840857,1779371040.840857,FL,,,,,,,Local training (4-class cross-entropy),[FL] Local training (4-class cross-entropy)
2026-05-21T16:44:00.978990,1779371040.97899,TRAIN_EPOCH,0,0.4943,80.0,,,,,  Epoch  0  Loss=0.4943  Acc=80.0%
2026-05-21T16:44:01.125633,1779371041.1256335,TRAIN_EPOCH,1,0.4739,80.0,,,,,  Epoch  1  Loss=0.4739  Acc=80.0%
2026-05-21T16:44:01.284331,1779371041.2843318,TRAIN_EPOCH,2,0.4218,76.7,,,,,  Epoch  2  Loss=0.4218  Acc=76.7%
2026-05-21T16:44:01.431344,1779371041.431344,TRAIN_EPOCH,3,0.4049,80.0,,,,,  Epoch  3  Loss=0.4049  Acc=80.0%
2026-05-21T16:44:01.578392,1779371041.5783923,TRAIN_EPOCH,4,0.4005,80.0,,,,,  Epoch  4  Loss=0.4005  Acc=80.0%
2026-05-21T16:44:01.727220,1779371041.7272205,TRAIN_EPOCH,5,0.395,80.0,,,,,  Epoch  5  Loss=0.3950  Acc=80.0%
2026-05-21T16:44:01.885235,1779371041.8852358,TRAIN_EPOCH,6,0.3909,80.0,,,,,  Epoch  6  Loss=0.3909  Acc=80.0%
2026-05-21T16:44:02.033270,1779371042.0332706,TRAIN_EPOCH,7,0.387,83.3,,,,,  Epoch  7  Loss=0.3870  Acc=83.3%
2026-05-21T16:44:02.180474,1779371042.1804745,TRAIN_EPOCH,8,0.3834,83.3,,,,,  Epoch  8  Loss=0.3834  Acc=83.3%
2026-05-21T16:44:02.327855,1779371042.327855,TRAIN_EPOCH,9,0.38,83.3,,,,,  Epoch  9  Loss=0.3800  Acc=83.3%
2026-05-21T16:44:02.486091,1779371042.4860914,TRAIN_EPOCH,10,0.3768,83.3,,,,,  Epoch 10  Loss=0.3768  Acc=83.3%
2026-05-21T16:44:02.633430,1779371042.6334305,TRAIN_EPOCH,11,0.3739,83.3,,,,,  Epoch 11  Loss=0.3739  Acc=83.3%
2026-05-21T16:44:02.783188,1779371042.7831883,TRAIN_EPOCH,12,0.3698,83.3,,,,,  Epoch 12  Loss=0.3698  Acc=83.3%
2026-05-21T16:44:02.930554,1779371042.9305544,TRAIN_EPOCH,13,0.3687,76.7,,,,,  Epoch 13  Loss=0.3687  Acc=76.7%
2026-05-21T16:44:03.089648,1779371043.0896485,TRAIN_EPOCH,14,0.3643,80.0,,,,,  Epoch 14  Loss=0.3643  Acc=80.0%
2026-05-21T16:44:03.091633,1779371043.091633,VALIDATION,,,,100.0,10,,,[ACCURACY] Validation: 100.0% (n=10)
2026-05-21T16:44:03.094626,1779371043.0946262,FL,,,,,,,"B1 pre-pack: min=-8.9507, max=7.7115, mean=0.1624","[FL] B1 pre-pack: min=-8.9507, max=7.7115, mean=0.1624"
2026-05-21T16:44:03.095590,1779371043.0955904,FL,,,,,,,Model sent (72 bytes),[FL] Model sent (72 bytes)
2026-05-21T16:44:03.096583,1779371043.0965838,NEW_SAMPLE,,,,,30,other,,[DATA] class=other (n=30)
2026-05-21T16:44:03.244293,1779371043.2442935,BLE,,,,,,,Received global model (64 bytes),[BLE] Received global model (64 bytes)
2026-05-21T16:44:03.245295,1779371043.2452953,FL,,,,,,,Global model updated (Adam reset),[FL] Global model updated (Adam reset)
2026-05-21T16:44:03.246112,1779371043.2461126,FL,,,,,,,"B1 unpacked: min=-8.8189, max=7.5591, mean=0.1550","[FL] B1 unpacked: min=-8.8189, max=7.5591, mean=0.1550"
2026-05-21T16:44:05.090815,1779371045.0908153,NEW_SAMPLE,,,,,30,cat,,[DATA] class=cat (n=30)
2026-05-21T16:44:07.095041,1779371047.095041,NEW_SAMPLE,,,,,30,other,,[DATA] class=other (n=30)
2026-05-21T16:44:09.092339,1779371049.0923398,NEW_SAMPLE,,,,,30,dog,,[DATA] class=dog (n=30)
2026-05-21T16:44:11.093110,1779371051.0931103,NEW_SAMPLE,,,,,30,cat,,[DATA] class=cat (n=30)
2026-05-21T16:44:13.090898,1779371053.090899,NEW_SAMPLE,,,,,30,cat,,[DATA] class=cat (n=30)
2026-05-21T16:44:15.095512,1779371055.0955126,NEW_SAMPLE,,,,,30,other,,[DATA] class=other (n=30)
2026-05-21T16:44:17.095505,1779371057.0955052,NEW_SAMPLE,,,,,30,dog,,[DATA] class=dog (n=30)
2026-05-21T16:44:19.094420,1779371059.0944204,NEW_SAMPLE,,,,,30,dog,,[DATA] class=dog (n=30)
2026-05-21T16:44:20.839622,1779371060.8396227,FL,,,,,,,Local training (4-class cross-entropy),[FL] Local training (4-class cross-entropy)
2026-05-21T16:44:20.975057,1779371060.9750576,TRAIN_EPOCH,0,0.4741,76.7,,,,,  Epoch  0  Loss=0.4741  Acc=76.7%
2026-05-21T16:44:21.133007,1779371061.133007,TRAIN_EPOCH,1,0.4296,80.0,,,,,  Epoch  1  Loss=0.4296  Acc=80.0%
2026-05-21T16:44:21.281178,1779371061.281179,TRAIN_EPOCH,2,0.4208,80.0,,,,,  Epoch  2  Loss=0.4208  Acc=80.0%
2026-05-21T16:44:21.429543,1779371061.429544,TRAIN_EPOCH,3,0.4145,80.0,,,,,  Epoch  3  Loss=0.4145  Acc=80.0%
2026-05-21T16:44:21.576637,1779371061.5766373,TRAIN_EPOCH,4,0.4098,80.0,,,,,  Epoch  4  Loss=0.4098  Acc=80.0%
2026-05-21T16:44:21.735596,1779371061.735596,TRAIN_EPOCH,5,0.4068,83.3,,,,,  Epoch  5  Loss=0.4068  Acc=83.3%
2026-05-21T16:44:21.885492,1779371061.8854928,TRAIN_EPOCH,6,0.4035,83.3,,,,,  Epoch  6  Loss=0.4035  Acc=83.3%
2026-05-21T16:44:22.032398,1779371062.032398,TRAIN_EPOCH,7,0.4015,83.3,,,,,  Epoch  7  Loss=0.4015  Acc=83.3%
2026-05-21T16:44:22.178088,1779371062.1780887,TRAIN_EPOCH,8,0.3993,83.3,,,,,  Epoch  8  Loss=0.3993  Acc=83.3%
2026-05-21T16:44:22.329332,1779371062.329332,TRAIN_EPOCH,9,0.396,83.3,,,,,  Epoch  9  Loss=0.3960  Acc=83.3%
2026-05-21T16:44:22.476933,1779371062.476933,TRAIN_EPOCH,10,0.3953,83.3,,,,,  Epoch 10  Loss=0.3953  Acc=83.3%
2026-05-21T16:44:22.635531,1779371062.635531,TRAIN_EPOCH,11,0.3918,83.3,,,,,  Epoch 11  Loss=0.3918  Acc=83.3%
2026-05-21T16:44:22.783007,1779371062.7830071,TRAIN_EPOCH,12,0.3911,83.3,,,,,  Epoch 12  Loss=0.3911  Acc=83.3%
2026-05-21T16:44:22.931965,1779371062.931965,TRAIN_EPOCH,13,0.3878,83.3,,,,,  Epoch 13  Loss=0.3878  Acc=83.3%
2026-05-21T16:44:23.080648,1779371063.0817015,TRAIN_EPOCH,14,0.3872,83.3,,,,,  Epoch 14  Loss=0.3872  Acc=83.3%
2026-05-21T16:44:23.086209,1779371063.0862098,VALIDATION,,,,80.0,10,,,[ACCURACY] Validation: 80.0% (n=10)
2026-05-21T16:44:23.089697,1779371063.0896971,FL,,,,,,,"B1 pre-pack: min=-9.3219, max=8.3825, mean=0.1177","[FL] B1 pre-pack: min=-9.3219, max=8.3825, mean=0.1177"
2026-05-21T16:44:23.091672,1779371063.0916727,FL,,,,,,,Model sent (72 bytes),[FL] Model sent (72 bytes)
2026-05-21T16:44:23.093668,1779371063.093668,NEW_SAMPLE,,,,,30,horse,,[DATA] class=horse (n=30)
2026-05-21T16:44:23.223304,1779371063.2233047,BLE,,,,,,,Received global model (64 bytes),[BLE] Received global model (64 bytes)
2026-05-21T16:44:23.225299,1779371063.2252991,FL,,,,,,,Global model updated (Adam reset),[FL] Global model updated (Adam reset)
2026-05-21T16:44:23.226293,1779371063.2262936,FL,,,,,,,"B1 unpacked: min=-9.0551, max=7.9528, mean=0.1353","[FL] B1 unpacked: min=-9.0551, max=7.9528, mean=0.1353"
2026-05-21T16:44:25.096936,1779371065.0969365,NEW_SAMPLE,,,,,30,horse,,[DATA] class=horse (n=30)
2026-05-21T16:44:27.089709,1779371067.0897093,NEW_SAMPLE,,,,,30,dog,,[DATA] class=dog (n=30)
2026-05-21T16:44:29.092138,1779371069.0921388,NEW_SAMPLE,,,,,30,other,,[DATA] class=other (n=30)
2026-05-21T16:44:31.091835,1779371071.091836,NEW_SAMPLE,,,,,30,other,,[DATA] class=other (n=30)
2026-05-21T16:44:33.090138,1779371073.0901384,NEW_SAMPLE,,,,,30,horse,,[DATA] class=horse (n=30)
2026-05-21T16:44:35.096752,1779371075.0967526,NEW_SAMPLE,,,,,30,horse,,[DATA] class=horse (n=30)
2026-05-21T16:44:37.090334,1779371077.0903347,NEW_SAMPLE,,,,,30,other,,[DATA] class=other (n=30)
2026-05-21T16:44:39.096753,1779371079.0967536,NEW_SAMPLE,,,,,30,dog,,[DATA] class=dog (n=30)
2026-05-21T16:44:40.843767,1779371080.8437676,FL,,,,,,,Local training (4-class cross-entropy),[FL] Local training (4-class cross-entropy)
2026-05-21T16:44:40.981391,1779371080.9813912,TRAIN_EPOCH,0,0.6524,76.7,,,,,  Epoch  0  Loss=0.6524  Acc=76.7%
2026-05-21T16:44:41.129337,1779371081.1293373,TRAIN_EPOCH,1,0.5145,80.0,,,,,  Epoch  1  Loss=0.5145  Acc=80.0%
2026-05-21T16:44:41.278027,1779371081.2785342,TRAIN_EPOCH,2,0.516,76.7,,,,,  Epoch  2  Loss=0.5160  Acc=76.7%
2026-05-21T16:44:41.427993,1779371081.4279933,TRAIN_EPOCH,3,0.511,76.7,,,,,  Epoch  3  Loss=0.5110  Acc=76.7%
2026-05-21T16:44:41.577007,1779371081.5770073,TRAIN_EPOCH,4,0.5077,76.7,,,,,  Epoch  4  Loss=0.5077  Acc=76.7%
2026-05-21T16:44:41.725637,1779371081.725638,TRAIN_EPOCH,5,0.5041,80.0,,,,,  Epoch  5  Loss=0.5041  Acc=80.0%
2026-05-21T16:44:41.886065,1779371081.8860652,TRAIN_EPOCH,6,0.4985,80.0,,,,,  Epoch  6  Loss=0.4985  Acc=80.0%
2026-05-21T16:44:42.035293,1779371082.0352933,TRAIN_EPOCH,7,0.4952,80.0,,,,,  Epoch  7  Loss=0.4952  Acc=80.0%
2026-05-21T16:44:42.184134,1779371082.1841347,TRAIN_EPOCH,8,0.4907,80.0,,,,,  Epoch  8  Loss=0.4907  Acc=80.0%
2026-05-21T16:44:42.333812,1779371082.333813,TRAIN_EPOCH,9,0.486,80.0,,,,,  Epoch  9  Loss=0.4860  Acc=80.0%
2026-05-21T16:44:42.483251,1779371082.483251,TRAIN_EPOCH,10,0.4813,80.0,,,,,  Epoch 10  Loss=0.4813  Acc=80.0%
2026-05-21T16:44:42.631673,1779371082.6316736,TRAIN_EPOCH,11,0.4796,80.0,,,,,  Epoch 11  Loss=0.4796  Acc=80.0%
2026-05-21T16:44:42.779749,1779371082.7797492,TRAIN_EPOCH,12,0.4766,80.0,,,,,  Epoch 12  Loss=0.4766  Acc=80.0%
2026-05-21T16:44:42.930739,1779371082.9307396,TRAIN_EPOCH,13,0.4743,80.0,,,,,  Epoch 13  Loss=0.4743  Acc=80.0%
2026-05-21T16:44:43.089238,1779371083.089239,TRAIN_EPOCH,14,0.4738,80.0,,,,,  Epoch 14  Loss=0.4738  Acc=80.0%
2026-05-21T16:44:43.089238,1779371083.0902672,VALIDATION,,,,90.0,10,,,[ACCURACY] Validation: 90.0% (n=10)
2026-05-21T16:44:43.090267,1779371083.0902672,FL,,,,,,,"B1 pre-pack: min=-9.1959, max=7.7575, mean=0.1275","[FL] B1 pre-pack: min=-9.1959, max=7.7575, mean=0.1275"
2026-05-21T16:44:43.091102,1779371083.091102,FL,,,,,,,Model sent (72 bytes),[FL] Model sent (72 bytes)
2026-05-21T16:44:43.091102,1779371083.091102,NEW_SAMPLE,,,,,30,dog,,[DATA] class=dog (n=30)
2026-05-21T16:44:43.271575,1779371083.2715757,BLE,,,,,,,Received global model (64 bytes),[BLE] Received global model (64 bytes)
2026-05-21T16:44:43.273589,1779371083.2735896,FL,,,,,,,Global model updated (Adam reset),[FL] Global model updated (Adam reset)
2026-05-21T16:44:43.276593,1779371083.2765937,FL,,,,,,,"B1 unpacked: min=-9.1339, max=7.7953, mean=0.1403","[FL] B1 unpacked: min=-9.1339, max=7.7953, mean=0.1403"
2026-05-21T16:44:45.098737,1779371085.0987375,NEW_SAMPLE,,,,,30,horse,,[DATA] class=horse (n=30)
2026-05-21T16:44:47.089530,1779371087.089531,NEW_SAMPLE,,,,,30,other,,[DATA] class=other (n=30)
2026-05-21T16:44:49.095914,1779371089.0959141,NEW_SAMPLE,,,,,30,horse,,[DATA] class=horse (n=30)
2026-05-21T16:44:51.097402,1779371091.0974028,NEW_SAMPLE,,,,,30,horse,,[DATA] class=horse (n=30)
2026-05-21T16:44:53.094041,1779371093.0940418,NEW_SAMPLE,,,,,30,dog,,[DATA] class=dog (n=30)
2026-05-21T16:44:55.098961,1779371095.0989614,NEW_SAMPLE,,,,,30,dog,,[DATA] class=dog (n=30)
2026-05-21T16:44:57.090325,1779371097.0903258,NEW_SAMPLE,,,,,30,other,,[DATA] class=other (n=30)
2026-05-21T16:44:59.096894,1779371099.0968947,NEW_SAMPLE,,,,,30,horse,,[DATA] class=horse (n=30)
2026-05-21T16:45:00.844673,1779371100.8446739,FL,,,,,,,Local training (4-class cross-entropy),[FL] Local training (4-class cross-entropy)
2026-05-21T16:45:00.982920,1779371100.9829206,TRAIN_EPOCH,0,0.5976,76.7,,,,,  Epoch  0  Loss=0.5976  Acc=76.7%
2026-05-21T16:45:01.133288,1779371101.1332881,TRAIN_EPOCH,1,0.533,70.0,,,,,  Epoch  1  Loss=0.5330  Acc=70.0%
2026-05-21T16:45:01.279270,1779371101.2792702,TRAIN_EPOCH,2,0.5366,70.0,,,,,  Epoch  2  Loss=0.5366  Acc=70.0%
2026-05-21T16:45:01.426864,1779371101.4268649,TRAIN_EPOCH,3,0.5298,73.3,,,,,  Epoch  3  Loss=0.5298  Acc=73.3%
2026-05-21T16:45:01.584652,1779371101.584653,TRAIN_EPOCH,4,0.5246,73.3,,,,,  Epoch  4  Loss=0.5246  Acc=73.3%
2026-05-21T16:45:01.733613,1779371101.7336137,TRAIN_EPOCH,5,0.5188,73.3,,,,,  Epoch  5  Loss=0.5188  Acc=73.3%
2026-05-21T16:45:01.881784,1779371101.8817844,TRAIN_EPOCH,6,0.5144,73.3,,,,,  Epoch  6  Loss=0.5144  Acc=73.3%
2026-05-21T16:45:02.031447,1779371102.031447,TRAIN_EPOCH,7,0.5085,73.3,,,,,  Epoch  7  Loss=0.5085  Acc=73.3%
2026-05-21T16:45:02.179627,1779371102.1796272,TRAIN_EPOCH,8,0.5084,76.7,,,,,  Epoch  8  Loss=0.5084  Acc=76.7%
2026-05-21T16:45:02.327407,1779371102.3274076,TRAIN_EPOCH,9,0.5023,76.7,,,,,  Epoch  9  Loss=0.5023  Acc=76.7%
2026-05-21T16:45:02.485581,1779371102.4855814,TRAIN_EPOCH,10,0.5028,76.7,,,,,  Epoch 10  Loss=0.5028  Acc=76.7%
2026-05-21T16:45:02.634706,1779371102.634706,TRAIN_EPOCH,11,0.4995,76.7,,,,,  Epoch 11  Loss=0.4995  Acc=76.7%
2026-05-21T16:45:02.782726,1779371102.782727,TRAIN_EPOCH,12,0.4973,76.7,,,,,  Epoch 12  Loss=0.4973  Acc=76.7%
2026-05-21T16:45:02.931135,1779371102.931136,TRAIN_EPOCH,13,0.4948,76.7,,,,,  Epoch 13  Loss=0.4948  Acc=76.7%
2026-05-21T16:45:03.088968,1779371103.0889683,TRAIN_EPOCH,14,0.4947,76.7,,,,,  Epoch 14  Loss=0.4947  Acc=76.7%
2026-05-21T16:45:03.090965,1779371103.090965,VALIDATION,,,,90.0,10,,,[ACCURACY] Validation: 90.0% (n=10)
2026-05-21T16:45:03.092959,1779371103.0929594,FL,,,,,,,"B1 pre-pack: min=-8.7318, max=8.1246, mean=0.1498","[FL] B1 pre-pack: min=-8.7318, max=8.1246, mean=0.1498"
2026-05-21T16:45:03.093984,1779371103.0939844,FL,,,,,,,Model sent (72 bytes),[FL] Model sent (72 bytes)
2026-05-21T16:45:03.093984,1779371103.0939844,NEW_SAMPLE,,,,,30,cat,,[DATA] class=cat (n=30)
2026-05-21T16:45:03.250459,1779371103.25046,BLE,,,,,,,Received global model (64 bytes),[BLE] Received global model (64 bytes)
2026-05-21T16:45:03.253402,1779371103.2534027,FL,,,,,,,Global model updated (Adam reset),[FL] Global model updated (Adam reset)
2026-05-21T16:45:03.255961,1779371103.2559617,FL,,,,,,,"B1 unpacked: min=-8.8976, max=7.9528, mean=0.1378","[FL] B1 unpacked: min=-8.8976, max=7.9528, mean=0.1378"
2026-05-21T16:45:05.094037,1779371105.0940375,NEW_SAMPLE,,,,,30,other,,[DATA] class=other (n=30)
2026-05-21T16:45:07.095332,1779371107.0953324,NEW_SAMPLE,,,,,30,dog,,[DATA] class=dog (n=30)
2026-05-21T16:45:09.098974,1779371109.0989747,NEW_SAMPLE,,,,,30,horse,,[DATA] class=horse (n=30)
2026-05-21T16:45:11.099487,1779371111.099488,NEW_SAMPLE,,,,,30,other,,[DATA] class=other (n=30)
2026-05-21T16:45:13.092994,1779371113.092994,NEW_SAMPLE,,,,,30,other,,[DATA] class=other (n=30)
2026-05-21T16:45:15.091298,1779371115.0912983,NEW_SAMPLE,,,,,30,other,,[DATA] class=other (n=30)
2026-05-21T16:45:17.091688,1779371117.092692,NEW_SAMPLE,,,,,30,cat,,[DATA] class=cat (n=30)
2026-05-21T16:45:19.090711,1779371119.0907118,NEW_SAMPLE,,,,,30,horse,,[DATA] class=horse (n=30)
2026-05-21T16:45:20.838553,1779371120.8385537,FL,,,,,,,Local training (4-class cross-entropy),[FL] Local training (4-class cross-entropy)
2026-05-21T16:45:20.977643,1779371120.977643,TRAIN_EPOCH,0,0.4742,86.7,,,,,  Epoch  0  Loss=0.4742  Acc=86.7%
2026-05-21T16:45:21.133717,1779371121.133717,TRAIN_EPOCH,1,0.4121,80.0,,,,,  Epoch  1  Loss=0.4121  Acc=80.0%
2026-05-21T16:45:21.283380,1779371121.2833805,TRAIN_EPOCH,2,0.4092,80.0,,,,,  Epoch  2  Loss=0.4092  Acc=80.0%
2026-05-21T16:45:21.432403,1779371121.432403,TRAIN_EPOCH,3,0.4038,80.0,,,,,  Epoch  3  Loss=0.4038  Acc=80.0%
2026-05-21T16:45:21.580685,1779371121.5806856,TRAIN_EPOCH,4,0.3989,80.0,,,,,  Epoch  4  Loss=0.3989  Acc=80.0%
2026-05-21T16:45:21.729240,1779371121.729241,TRAIN_EPOCH,5,0.3945,80.0,,,,,  Epoch  5  Loss=0.3945  Acc=80.0%
2026-05-21T16:45:21.877947,1779371121.8779476,TRAIN_EPOCH,6,0.3905,83.3,,,,,  Epoch  6  Loss=0.3905  Acc=83.3%
2026-05-21T16:45:22.025975,1779371122.0259757,TRAIN_EPOCH,7,0.39,83.3,,,,,  Epoch  7  Loss=0.3900  Acc=83.3%
2026-05-21T16:45:22.184540,1779371122.1845403,TRAIN_EPOCH,8,0.386,83.3,,,,,  Epoch  8  Loss=0.3860  Acc=83.3%
2026-05-21T16:45:22.330923,1779371122.3309236,TRAIN_EPOCH,9,0.3838,83.3,,,,,  Epoch  9  Loss=0.3838  Acc=83.3%
2026-05-21T16:45:22.480191,1779371122.480192,TRAIN_EPOCH,10,0.3819,83.3,,,,,  Epoch 10  Loss=0.3819  Acc=83.3%
2026-05-21T16:45:22.627680,1779371122.62768,TRAIN_EPOCH,11,0.3803,83.3,,,,,  Epoch 11  Loss=0.3803  Acc=83.3%
2026-05-21T16:45:22.785313,1779371122.7853131,TRAIN_EPOCH,12,0.379,83.3,,,,,  Epoch 12  Loss=0.3790  Acc=83.3%
2026-05-21T16:45:22.933237,1779371122.9332378,TRAIN_EPOCH,13,0.3788,83.3,,,,,  Epoch 13  Loss=0.3788  Acc=83.3%
2026-05-21T16:45:23.081708,1779371123.081709,TRAIN_EPOCH,14,0.3771,83.3,,,,,  Epoch 14  Loss=0.3771  Acc=83.3%
2026-05-21T16:45:23.085699,1779371123.085699,VALIDATION,,,,80.0,10,,,[ACCURACY] Validation: 80.0% (n=10)
2026-05-21T16:45:23.086695,1779371123.0866952,FL,,,,,,,"B1 pre-pack: min=-8.3643, max=7.8575, mean=0.0993","[FL] B1 pre-pack: min=-8.3643, max=7.8575, mean=0.0993"
2026-05-21T16:45:23.090684,1779371123.0906844,FL,,,,,,,Model sent (72 bytes),[FL] Model sent (72 bytes)
2026-05-21T16:45:23.090684,1779371123.0906844,NEW_SAMPLE,,,,,30,horse,,[DATA] class=horse (n=30)
2026-05-21T16:45:23.228574,1779371123.228575,BLE,,,,,,,Received global model (64 bytes),[BLE] Received global model (64 bytes)
2026-05-21T16:45:23.230917,1779371123.2309172,FL,,,,,,,Global model updated (Adam reset),[FL] Global model updated (Adam reset)
2026-05-21T16:45:23.233941,1779371123.2339416,FL,,,,,,,"B1 unpacked: min=-8.6614, max=7.8740, mean=0.1230","[FL] B1 unpacked: min=-8.6614, max=7.8740, mean=0.1230"
2026-05-21T16:45:25.094857,1779371125.094858,NEW_SAMPLE,,,,,30,other,,[DATA] class=other (n=30)
2026-05-21T16:45:27.092848,1779371127.0928483,NEW_SAMPLE,,,,,30,dog,,[DATA] class=dog (n=30)
2026-05-21T16:45:29.091073,1779371129.0910738,NEW_SAMPLE,,,,,30,dog,,[DATA] class=dog (n=30)
2026-05-21T16:45:31.097358,1779371131.0973582,NEW_SAMPLE,,,,,30,horse,,[DATA] class=horse (n=30)
2026-05-21T16:45:33.096937,1779371133.0969372,NEW_SAMPLE,,,,,30,cat,,[DATA] class=cat (n=30)
2026-05-21T16:45:35.090995,1779371135.0909953,NEW_SAMPLE,,,,,30,cat,,[DATA] class=cat (n=30)
2026-05-21T16:45:37.094028,1779371137.0940282,NEW_SAMPLE,,,,,30,horse,,[DATA] class=horse (n=30)
2026-05-21T16:45:39.091091,1779371139.0910916,NEW_SAMPLE,,,,,30,horse,,[DATA] class=horse (n=30)
2026-05-21T16:45:40.834197,1779371140.8341975,FL,,,,,,,Local training (4-class cross-entropy),[FL] Local training (4-class cross-entropy)
2026-05-21T16:45:40.981351,1779371140.9813516,TRAIN_EPOCH,0,0.5678,76.7,,,,,  Epoch  0  Loss=0.5678  Acc=76.7%
2026-05-21T16:45:41.130878,1779371141.1308787,TRAIN_EPOCH,1,0.4982,80.0,,,,,  Epoch  1  Loss=0.4982  Acc=80.0%
2026-05-21T16:45:41.278319,1779371141.2783191,TRAIN_EPOCH,2,0.5051,80.0,,,,,  Epoch  2  Loss=0.5051  Acc=80.0%
2026-05-21T16:45:41.429869,1779371141.4298692,TRAIN_EPOCH,3,0.4928,80.0,,,,,  Epoch  3  Loss=0.4928  Acc=80.0%
2026-05-21T16:45:41.580191,1779371141.5801911,TRAIN_EPOCH,4,0.4842,80.0,,,,,  Epoch  4  Loss=0.4842  Acc=80.0%
2026-05-21T16:45:41.729268,1779371141.7292688,TRAIN_EPOCH,5,0.4786,80.0,,,,,  Epoch  5  Loss=0.4786  Acc=80.0%
2026-05-21T16:45:41.877958,1779371141.8779578,TRAIN_EPOCH,6,0.4716,80.0,,,,,  Epoch  6  Loss=0.4716  Acc=80.0%
2026-05-21T16:45:42.034980,1779371142.0349803,TRAIN_EPOCH,7,0.4653,80.0,,,,,  Epoch  7  Loss=0.4653  Acc=80.0%
2026-05-21T16:45:42.183645,1779371142.1836457,TRAIN_EPOCH,8,0.4607,80.0,,,,,  Epoch  8  Loss=0.4607  Acc=80.0%
2026-05-21T16:45:42.332565,1779371142.3325658,TRAIN_EPOCH,9,0.4543,80.0,,,,,  Epoch  9  Loss=0.4543  Acc=80.0%
2026-05-21T16:45:42.480594,1779371142.4805944,TRAIN_EPOCH,10,0.4491,80.0,,,,,  Epoch 10  Loss=0.4491  Acc=80.0%
2026-05-21T16:45:42.629097,1779371142.6290972,TRAIN_EPOCH,11,0.4448,80.0,,,,,  Epoch 11  Loss=0.4448  Acc=80.0%
2026-05-21T16:45:42.785183,1779371142.7851834,TRAIN_EPOCH,12,0.4404,80.0,,,,,  Epoch 12  Loss=0.4404  Acc=80.0%
2026-05-21T16:45:42.933140,1779371142.933141,TRAIN_EPOCH,13,0.4377,80.0,,,,,  Epoch 13  Loss=0.4377  Acc=80.0%
2026-05-21T16:45:43.081697,1779371143.081697,TRAIN_EPOCH,14,0.4348,80.0,,,,,  Epoch 14  Loss=0.4348  Acc=80.0%
2026-05-21T16:45:43.086427,1779371143.0864277,VALIDATION,,,,70.0,10,,,[ACCURACY] Validation: 70.0% (n=10)
2026-05-21T16:45:43.089822,1779371143.0898223,FL,,,,,,,"B1 pre-pack: min=-8.3101, max=7.6378, mean=0.1795","[FL] B1 pre-pack: min=-8.3101, max=7.6378, mean=0.1795"
2026-05-21T16:45:43.091830,1779371143.0918307,FL,,,,,,,Model sent (72 bytes),[FL] Model sent (72 bytes)
2026-05-21T16:45:43.092811,1779371143.0928116,NEW_SAMPLE,,,,,30,dog,,[DATA] class=dog (n=30)
2026-05-21T16:45:43.262324,1779371143.2623243,BLE,,,,,,,Received global model (64 bytes),[BLE] Received global model (64 bytes)
2026-05-21T16:45:43.267898,1779371143.2678983,FL,,,,,,,Global model updated (Adam reset),[FL] Global model updated (Adam reset)
2026-05-21T16:45:43.269584,1779371143.2695847,FL,,,,,,,"B1 unpacked: min=-8.5039, max=7.7953, mean=0.1501","[FL] B1 unpacked: min=-8.5039, max=7.7953, mean=0.1501"
2026-05-21T16:45:45.098589,1779371145.0985892,NEW_SAMPLE,,,,,30,cat,,[DATA] class=cat (n=30)
2026-05-21T16:45:47.093694,1779371147.093694,NEW_SAMPLE,,,,,30,dog,,[DATA] class=dog (n=30)
2026-05-21T16:45:49.099293,1779371149.0992932,NEW_SAMPLE,,,,,30,cat,,[DATA] class=cat (n=30)
2026-05-21T16:45:51.092259,1779371151.0922592,NEW_SAMPLE,,,,,30,horse,,[DATA] class=horse (n=30)
2026-05-21T16:45:53.099360,1779371153.09936,NEW_SAMPLE,,,,,30,horse,,[DATA] class=horse (n=30)
2026-05-21T16:45:55.090303,1779371155.090303,NEW_SAMPLE,,,,,30,other,,[DATA] class=other (n=30)
2026-05-21T16:45:57.093624,1779371157.093624,NEW_SAMPLE,,,,,30,horse,,[DATA] class=horse (n=30)
2026-05-21T16:45:59.091177,1779371159.0911775,NEW_SAMPLE,,,,,30,dog,,[DATA] class=dog (n=30)
